0.415832,-0.836338,0.357253
0.453398,-0.835145,0.311397
0.370788,-0.84334,0.388971
0.356618,-0.681345,-0.639213
0.351072,-0.675429,-0.648493
0.344864,-0.661961,-0.665489
0.656648,-0.744271,-0.121961
0.65162,-0.74324,-0.151612
0.67474,-0.720028,-0.162126
0.0396073,-0.800026,-0.598657
0.107333,-0.821705,-0.559715
0.0403542,-0.802168,-0.595734
0.0257167,-0.770937,0.636392
0.0193661,-0.76873,0.639281
0.0169984,-0.770272,0.637489
0.497927,-0.434941,-0.750262
0.508446,-0.449724,-0.734323
0.495147,-0.442676,-0.747574
0.229337,-0.704593,0.67153
0.252471,-0.715452,0.651449
0.254082,-0.717074,0.649036
0.619366,-0.782095,0.0686538
0.60061,-0.791684,0.111832
0.583669,-0.796326,0.158731
0.354448,-0.810387,0.466519
0.327938,-0.79154,0.515677
0.33033,-0.802472,0.496912
0.432645,-0.820526,0.373572
0.437342,-0.829319,0.347797
0.454247,-0.820872,0.346165
0.677221,-0.730128,-0.0910139
0.694718,-0.708664,-0.123136
0.687021,-0.717603,-0.114227
0.392151,-0.814937,0.426731
0.367267,-0.819654,0.439641
0.331952,-0.817474,0.470686
0.0604282,-0.765929,0.640079
0.0555627,-0.765293,0.64128
0.0456142,-0.760912,0.64725
0.455715,-0.823789,0.337193
0.458363,-0.832154,0.312132
0.472034,-0.830746,0.295037
0.461714,-0.670857,-0.58032
0.438888,-0.644086,-0.626523
0.468115,-0.656221,-0.591812
0.0864225,-0.781964,0.617303
0.110142,-0.788867,0.604613
0.10722,-0.783451,0.612135
0.595399,-0.802611,0.0363391
0.594362,-0.803282,-0.0384181
0.599169,-0.800454,-0.0165403
0.231187,-0.846377,0.47979
0.219965,-0.837083,0.500908
0.243351,-0.844015,0.477932
0.473905,-0.775384,-0.417366
0.49511,-0.781866,-0.378882
0.495361,-0.790073,-0.361112
0.506023,-0.838445,0.202371
0.513354,-0.848417,0.129072
0.521024,-0.839945,0.151753
0.136203,-0.783167,0.606712
0.132029,-0.779285,0.612605
0.166341,-0.7874,0.593577
0.574131,-0.805292,0.147921
0.559714,-0.806481,0.190554
0.561112,-0.807071,0.183827
0.358057,-0.814529,0.456442
0.370654,-0.83534,0.405985
0.369121,-0.843237,0.390771
0.137292,-0.793281,0.593174
0.129756,-0.796947,0.589947
0.17155,-0.806732,0.565468
0.532401,-0.830448,-0.164037
0.539697,-0.833694,-0.116978
0.53254,-0.840071,-0.10336
0.267582,-0.831272,0.487226
0.279586,-0.831168,0.480618
0.238045,-0.816415,0.526121
0.414123,-0.545528,-0.728629
0.399443,-0.53514,-0.744358
0.409899,-0.527659,-0.744015
0.373618,-0.833644,0.406755
0.396015,-0.842509,0.365173
0.386261,-0.835502,0.39082
0.2624,-0.750293,0.606801
0.295226,-0.765654,0.571505
0.291103,-0.756454,0.585695
0.485145,-0.805562,0.340155
0.518896,-0.8085,0.277626
0.492434,-0.80944,0.319869
0.419246,-0.794012,0.440201
0.427548,-0.79757,0.42554
0.424576,-0.794748,0.433715
0.158052,-0.807895,0.567738
0.181268,-0.815575,0.549526
0.16849,-0.815583,0.553567
0.392193,-0.839135,-0.376879
0.395721,-0.829109,-0.394948
0.410854,-0.829958,-0.37732
0.238181,-0.852108,-0.466028
0.199642,-0.851255,-0.485291
0.189532,-0.845678,-0.498905
0.473634,-0.791661,-0.385933
0.470117,-0.794335,-0.384737
0.456874,-0.781002,-0.425796
0.239229,-0.736068,0.633226
0.235711,-0.742074,0.62751
0.209613,-0.723487,0.657746
0.408041,-0.562071,-0.719429
0.397185,-0.54587,-0.737746
0.603506,-0.793346,-0.0798924
0.594354,-0.803767,-0.0264936
0.60097,-0.793488,-0.0959814
0.377171,-0.894396,0.240412
0.37569,-0.898654,0.226446
0.382166,-0.891647,0.242722
0.154796,-0.855288,-0.49449
0.157965,-0.852225,-0.498759
0.206618,-0.868022,-0.451495
0.513552,-0.81104,0.280136
0.489131,-0.802691,0.341226
0.516709,-0.808687,0.281132
0.3555,-0.674871,-0.646659
0.360893,-0.680866,-0.637321
0.366875,-0.689951,-0.623995
0.438004,-0.860521,0.260112
0.554659,-0.819892,0.141877
0.513555,-0.838632,0.181539
0.235226,-0.782854,0.57603
0.209612,-0.775957,0.594941
0.204079,-0.774036,0.599351
0.232104,-0.704477,0.670702
0.252786,-0.714547,0.652321
0.230268,-0.704728,0.67107
0.247946,-0.723666,0.644074
0.221783,-0.721356,0.656093
0.25933,-0.733022,0.628831
0.310999,-0.729872,0.608743
0.355365,-0.745716,0.563584
0.345607,-0.743674,0.572286
0.369678,-0.859731,0.352422
0.380388,-0.882235,0.277429
0.381766,-0.875081,0.29747
0.523442,-0.818982,0.235106
0.522253,-0.825059,0.215703
0.515086,-0.822599,0.240863
0.487121,-0.866938,0.105518
0.499491,-0.857663,0.122173
0.485065,-0.857129,0.173334
0.515718,-0.519575,-0.68123
0.515508,-0.537943,-0.666984
0.493753,-0.515444,-0.700374
0.363331,-0.850538,0.380232
0.379478,-0.86501,0.328259
0.379988,-0.868703,0.317748
0.376999,-0.867287,0.325093
0.373726,-0.868388,0.325931
0.371028,-0.894388,0.249815
0.369994,-0.892843,0.256777
0.370021,-0.890829,0.263643
0.173948,-0.71536,0.676759
0.174786,-0.716285,0.675563
0.171718,-0.721042,0.671276
0.465057,-0.859418,-0.212422
0.447278,-0.870116,-0.206984
0.445072,-0.863065,-0.238812
0.352793,-0.589249,-0.726858
0.360116,-0.57177,-0.737154
0.365957,-0.590564,-0.719243
0.594025,-0.689584,-0.414256
0.595248,-0.703872,-0.387613
0.574103,-0.671769,-0.468116
0.181644,-0.756726,0.62799
0.185879,-0.762934,0.619178
0.179232,-0.755955,0.629609
0.401187,-0.75148,-0.523761
0.391549,-0.742143,-0.543978
0.394527,-0.742444,-0.54141
0.307853,-0.868679,0.388104
0.269713,-0.862572,0.428049
0.274127,-0.861424,0.427558
0.582749,-0.806604,0.0989608
0.58458,-0.803013,0.115913
0.601075,-0.795288,0.0789022
0.354487,-0.804274,0.476953
0.371528,-0.824495,0.426821
0.277806,-0.729507,0.625014
0.250638,-0.716316,0.651207
0.187044,-0.759001,0.623644
0.195511,-0.766394,0.611895
0.209566,-0.767716,0.605552
0.203847,-0.772642,0.601225
0.19633,-0.769762,0.607389
0.293311,-0.798227,0.526124
0.361253,-0.807127,0.466955
0.325112,-0.802316,0.500595
0.232416,-0.786213,0.572583
0.215575,-0.778904,0.588928
0.409539,-0.907822,0.0902087
0.387054,-0.920791,0.0483024
0.406385,-0.913308,0.0268532
0.622119,-0.655548,-0.428046
0.627714,-0.634313,-0.451246
0.621644,-0.664537,-0.414666
0.397373,-0.749222,-0.529869
0.412368,-0.760639,-0.50138
0.404604,-0.758511,-0.510839
0.516516,-0.830357,0.209097
0.507158,-0.821371,0.261045
0.495511,-0.826052,0.268533
0.385242,-0.862823,0.327306
0.460173,-0.845498,0.270887
0.495724,-0.839338,0.223097
0.436094,-0.46515,-0.770362
0.450394,-0.469674,-0.75931
0.439496,-0.479296,-0.759683
0.435556,-0.88329,0.173465
0.415067,-0.897391,0.149697
0.434481,-0.892984,0.117502
0.174211,-0.802944,0.570029
0.209192,-0.817675,0.536327
0.349967,-0.747677,0.564362
0.34699,-0.749422,0.563886
0.308154,-0.733702,0.605579
0.189906,-0.703411,0.684945
0.195898,-0.711393,0.67494
0.185338,-0.706436,0.68308
0.642753,-0.765396,0.0322323
0.699948,-0.710644,-0.0711323
0.677293,-0.735051,-0.0311823
0.604503,-0.791232,0.0923583
0.549839,-0.82008,0.158581
0.433931,-0.550086,-0.713518
0.446055,-0.573534,-0.68709
0.426251,-0.56627,-0.705442
0.382277,-0.856326,-0.347234
0.359187,-0.854893,-0.374355
0.389977,-0.846775,-0.361787
0.416177,-0.857362,0.302866
0.402126,-0.850511,0.339008
0.405053,-0.85782,0.316351
0.498553,-0.847929,0.180175
0.492416,-0.838232,0.234299
0.482131,-0.844653,0.232625
0.512037,-0.806633,-0.295233
0.503681,-0.807115,-0.308013
0.493436,-0.799422,-0.342703
0.351232,-0.548301,-0.758948
0.358864,-0.535542,-0.764468
0.360563,-0.551346,-0.752337
0.632657,-0.737296,-0.236938
0.633733,-0.693754,-0.34218
0.633824,-0.710376,-0.305995
0.457205,-0.777476,-0.43185
0.342499,-0.658346,-0.67028
0.338962,-0.648775,-0.681319
0.33178,-0.645228,-0.688188
0.547342,-0.810546,0.20841
0.54014,-0.816031,0.205781
0.55636,-0.815903,0.157385
0.388552,-0.874621,0.289939
0.386704,-0.888099,0.248475
0.392239,-0.882942,0.257996
0.402341,-0.877647,0.260493
0.392781,-0.894463,0.21368
0.38442,-0.864919,0.322701
0.387745,-0.879762,0.275087
0.355174,-0.769846,0.530271
0.347326,-0.76702,0.539485
0.329352,-0.759461,0.561022
0.406206,-0.76024,0.506988
0.355599,-0.746167,0.562839
0.393608,-0.756022,0.522979
0.737377,-0.621598,-0.26436
0.723702,-0.632982,-0.274931
0.72939,-0.625713,-0.276537
0.300626,-0.845248,0.441794
0.311746,-0.843452,0.4375
0.0667207,-0.751246,0.656642
0.0692977,-0.749875,0.65794
0.081763,-0.753242,0.652642
0.238239,-0.730373,0.640155
0.224667,-0.719255,0.657418
0.257316,-0.73835,0.623401
0.407342,-0.812787,0.416473
0.425208,-0.825521,0.371098
0.415925,-0.827297,0.377606
0.429435,-0.901225,0.0581266
0.393972,-0.717499,-0.57444
0.379878,-0.706372,-0.59727
0.375128,-0.698075,-0.609893
0.42278,-0.833661,0.355344
0.383869,-0.819902,0.424745
0.399638,-0.830379,0.388283
0.387817,-0.906749,0.165542
0.401307,-0.892397,0.206349
0.453784,-0.807178,-0.37755
0.459989,-0.818566,-0.344037
0.452197,-0.819245,-0.352642
0.520257,-0.441789,-0.730857
0.517934,-0.435692,-0.736149
0.538205,-0.454852,-0.709534
0.375894,-0.723347,-0.5792
0.361719,-0.70683,-0.607906
0.371186,-0.715991,-0.591251
0.490698,-0.503497,-0.71113
0.271274,-0.818766,0.505999
0.256953,-0.818765,0.513421
0.293418,-0.83173,0.47131
0.0932434,-0.750671,0.654063
0.111926,-0.753699,0.64762
0.0898949,-0.749946,0.655362
0.573568,-0.717604,-0.39505
0.55963,-0.693901,-0.453118
0.586084,-0.730067,-0.351436
0.625499,-0.683395,-0.376457
0.622851,-0.656393,-0.425677
0.626386,-0.654316,-0.423684
0.358489,-0.933394,-0.0161664
0.383135,-0.923692,-0.00106295
0.441845,-0.782028,-0.439551
0.43847,-0.782835,-0.44149
0.432099,-0.773412,-0.463814
0.567954,-0.594274,-0.569442
0.569115,-0.61592,-0.544748
0.543697,-0.583784,-0.602983
0.284369,-0.911272,-0.297855
0.325246,-0.918726,-0.223958
0.295628,-0.922364,-0.248696
0.350878,-0.857114,0.377151
0.359574,-0.869741,0.338024
0.358238,-0.867709,0.344598
0.362797,-0.880932,0.303872
0.361438,-0.875789,0.319934
0.364835,-0.884163,0.291807
0.43601,-0.757391,-0.486061
0.438945,-0.76546,-0.470529
0.579518,-0.813746,-0.0445095
0.576049,-0.812684,-0.0878373
0.582541,-0.809958,-0.0679554
0.261855,-0.911576,-0.316956
0.311819,-0.82253,-0.475619
0.298407,-0.821944,-0.485141
0.330172,-0.815431,-0.475456
0.627184,-0.723895,-0.28743
0.624593,-0.740761,-0.247298
0.625505,-0.732646,-0.268278
0.542511,-0.824157,-0.162638
0.521215,-0.828081,-0.206448
0.531638,-0.82096,-0.208295
0.416225,-0.811578,0.409997
0.517455,-0.832955,-0.196031
0.507693,-0.827634,-0.239315
0.591493,-0.652679,-0.473439
0.569009,-0.635548,-0.52183
0.0764943,-0.764299,0.640309
0.0683722,-0.766909,0.638104
0.0987504,-0.77045,0.629806
0.411346,-0.768765,-0.489688
0.414948,-0.773003,-0.47988
0.414294,-0.776679,-0.474478
0.32217,-0.823608,0.466774
0.286055,-0.808191,0.514782
0.281066,-0.803485,0.5248
0.350913,-0.862913,-0.363649
0.051701,-0.744124,0.666038
0.0550974,-0.744765,0.665049
0.0468611,-0.743187,0.667441
0.627639,-0.713866,-0.310585
0.627626,-0.707207,-0.325488
0.300616,-0.933208,-0.196859
0.270272,-0.934214,-0.232801
0.246198,-0.921147,-0.301454
0.516758,-0.783766,-0.34449
0.529885,-0.793272,-0.299905
0.316384,-0.812133,0.49025
0.340661,-0.832316,0.437268
0.293068,-0.800266,0.523153
0.383732,-0.668242,-0.63734
0.40089,-0.687323,-0.605701
0.384518,-0.683003,-0.621009
0.501525,-0.834877,-0.226837
0.491714,-0.844856,-0.2108
0.487949,-0.835112,-0.253963
0.487594,-0.824605,0.286849
0.478224,-0.826868,0.295964
0.492189,-0.828737,0.266358
0.301196,-0.802233,0.515463
0.328809,-0.818216,0.471599
0.332052,-0.812784,0.478669
0.369281,-0.887473,0.275724
0.369379,-0.876504,0.308708
0.367018,-0.881455,0.297213
0.405859,-0.84185,0.355765
0.515086,-0.829781,0.214828
0.550998,-0.824572,0.128387
0.526743,-0.8297,0.184771
0.580324,-0.804085,0.129138
0.541457,-0.817138,0.197782
0.605382,-0.791848,0.0805767
0.352746,-0.84206,0.408054
0.360157,-0.855867,0.371187
0.365073,-0.866811,0.339648
0.204465,-0.856407,-0.47409
0.209587,-0.861158,-0.46312
0.159871,-0.848851,-0.503878
0,0,0
0.0464755,-0.797716,-0.60124
0,0,0
0.0388471,-0.743641,0.667449
0.0505564,-0.745063,0.665076
0.0394847,-0.742984,0.668144
0.0450095,-0.800152,-0.598106
0.0819892,-0.812946,-0.576539
0.362107,-0.777386,0.514344
0.327866,-0.756959,0.565258
0.338526,-0.761958,0.552104
0.409935,-0.858087,0.309256
0.417398,-0.858327,0.298419
0.408392,-0.864481,0.293066
0.544906,-0.807557,0.22568
0.525576,-0.806302,0.271383
0.153076,-0.844456,-0.513285
0.100469,-0.828783,-0.550477
0.627551,-0.778496,-0.0111407
0.654956,-0.755203,-0.0264717
0.619535,-0.784035,0.0382844
0.318322,-0.816597,0.481501
0.347768,-0.830287,0.435526
0.317389,-0.815423,0.484098
0.239001,-0.715246,0.656736
0.20657,-0.714402,0.66855
0.460292,-0.825914,-0.325573
0.450159,-0.826869,-0.337115
0.180817,-0.718016,0.67213
0.189367,-0.71521,0.672767
0.19953,-0.727227,0.656757
0.558979,-0.807091,0.190121
0.551298,-0.813982,0.183036
0.540322,-0.808319,0.233818
0.512763,-0.819769,0.255054
0.527015,-0.826149,0.199333
0.538805,-0.815668,0.210651
0.582365,-0.809987,0.0690989
0.572953,-0.812535,0.107306
0.578178,-0.81459,0.0464253
0.176414,-0.748009,0.639813
0.178715,-0.74861,0.638471
0.347906,-0.510619,-0.786276
0.355765,-0.495674,-0.7923
0.355842,-0.508076,-0.784369
0.56671,-0.813611,-0.129924
0.552341,-0.817878,-0.161237
0.554287,-0.812092,-0.18241
0.277239,-0.854841,-0.438618
0.284657,-0.861433,-0.4206
0.243947,-0.857855,-0.452299
0.285369,-0.867223,-0.40803
0.248824,-0.863505,-0.438686
0,0,0
0.317736,-0.820345,0.475476
0,0,0
0,0,0
0.223796,-0.828679,0.513037
0,0,0
0.360769,-0.700717,-0.615501
0.370656,-0.71405,-0.593924
0.369618,-0.714981,-0.593452
0.627555,-0.713744,-0.311035
0.622727,-0.700614,-0.348353
0.621088,-0.704489,-0.343429
0.352616,-0.891554,0.284243
0.360272,-0.899829,0.245994
0.361919,-0.894717,0.261718
0.0130273,-0.770798,0.636946
0.00777243,-0.771853,0.635753
0.0182492,-0.774503,0.632307
0.384893,-0.869587,0.309317
0.387497,-0.865752,0.316733
0.413201,-0.489362,-0.767977
0.42624,-0.483174,-0.764763
0.428488,-0.499659,-0.752821
0.0193522,-0.765317,0.643363
0.00972245,-0.763094,0.646214
0.010165,-0.766493,0.642173
0.0497357,-0.745948,0.664144
0.0477474,-0.747238,0.66284
0.0619719,-0.747985,0.660816
0.418034,-0.841581,0.34204
0.312397,-0.835104,0.452782
0.322816,-0.836819,0.442181
0.293701,-0.82397,0.484579
0.676643,-0.735636,-0.0315647
0.383655,-0.86377,-0.326665
0.361327,-0.866362,-0.34476
0.327589,-0.627696,-0.706174
0.335042,-0.644902,-0.686912
0.439618,-0.837319,-0.325013
0.426355,-0.84783,-0.315288
0.427074,-0.838199,-0.339164
0.367389,-0.893977,0.256579
0.370039,-0.895525,0.247196
0.367293,-0.891094,0.266548
0.375875,-0.879895,0.290692
0.373732,-0.869167,0.323842
0.368345,-0.859672,0.353957
0.432976,-0.810263,-0.394975
0.440709,-0.809353,-0.38823
0.432799,-0.821106,-0.372116
0.388128,-0.902259,0.187845
0.381567,-0.911716,0.152251
0.35709,-0.8617,0.360501
0.359107,-0.867978,0.343011
0.359197,-0.867598,0.343876
0.0628429,-0.747179,0.661645
0.584054,-0.803271,0.116779
0.589159,-0.803353,0.086699
0.582447,-0.803601,0.122398
0.0186273,-0.761953,0.647365
0.00777162,-0.759971,0.649911
0.194912,-0.76254,0.616881
0.198156,-0.767694,0.60941
0.230699,-0.798384,0.556205
0.259539,-0.810828,0.524594
0.270896,-0.811699,0.517457
0.441623,-0.433562,-0.785489
0.438021,-0.448156,-0.77929
0.429854,-0.438159,-0.789457
0.282334,-0.801318,0.527427
0.263711,-0.795694,0.54528
0.285014,-0.804586,0.520972
0.573783,-0.803272,0.15978
0.579942,-0.803288,0.135632
0.577305,-0.803485,0.145363
0.0309192,-0.753107,0.657171
0.0174052,-0.755764,0.654613
0.02916,-0.756673,0.653142
0.390879,-0.854626,0.341803
0.388622,-0.846418,0.364076
0.462568,-0.802846,0.376128
0.469154,-0.810668,0.350305
0.477684,-0.805809,0.349992
0.308185,-0.73974,0.598171
0.29284,-0.730342,0.617129
0.342276,-0.750496,0.565336
0.403345,-0.735552,-0.544313
0.418984,-0.746151,-0.517408
0.422967,-0.753478,-0.503359
0.517914,-0.816456,0.255282
0.530215,-0.824151,0.199125
0.266872,-0.83537,-0.480558
0.295023,-0.83593,-0.462799
0.264165,-0.839727,-0.474421
0.389209,-0.756852,0.525067
0.395616,-0.7576,0.519168
0.436385,-0.771811,0.462472
0.401441,-0.762617,-0.507209
0.39621,-0.755289,-0.522069
0.399484,-0.752735,-0.523261
0.00783958,-0.7566,0.653831
0.00775744,-0.754948,0.655739
0.352418,-0.852418,0.386246
0.351418,-0.852447,0.387093
0.35693,-0.8606,0.363275
0.0777954,-0.750803,0.655929
0.0935917,-0.752553,0.651848
0.0781532,-0.749802,0.65703
0.226142,-0.836817,-0.498595
0.364096,-0.804918,-0.468552
0.343726,-0.814245,-0.467822
0.353355,-0.806893,-0.473354
0.358396,-0.833314,0.420881
0.368821,-0.851979,0.37162
0.375733,-0.851848,0.364937
0.322344,-0.572931,-0.753555
0.323576,-0.553614,-0.76734
0.324829,-0.563385,-0.75966
0.099576,-0.788913,0.606384
0.591391,-0.772175,-0.232389
0.601154,-0.790868,-0.114645
0.586436,-0.772566,-0.243385
0.627514,-0.725826,-0.281784
0.627902,-0.6787,-0.380925
0.410028,-0.72757,-0.550017
0.431375,-0.747815,-0.504666
0.414601,-0.737504,-0.533098
0.171736,-0.721293,0.671002
0.181994,-0.720931,0.668683
0.179382,-0.715783,0.67489
0.436899,-0.795835,0.419241
0.43123,-0.793536,0.429349
0.283321,-0.735983,0.614865
0.291646,-0.740286,0.605738
0.271499,-0.729039,0.628323
0.521942,-0.799988,0.295972
0.523562,-0.800247,0.292385
0.544113,-0.802393,0.245176
0.220029,-0.877061,-0.427027
0.18797,-0.8704,-0.455051
0.335741,-0.611536,-0.716451
0.346888,-0.609247,-0.713082
0.344486,-0.626602,-0.69907
0.0326493,-0.748231,0.662634
0.0216597,-0.747691,0.663693
0.0266868,-0.74911,0.661908
0.416667,-0.851048,0.31954
0.422132,-0.848236,0.319845
0.0395668,-0.749457,0.66087
0.0505155,-0.751596,0.657686
0.0554074,-0.75067,0.65835
0.315077,-0.821609,0.475067
0.313577,-0.819643,0.479434
0.295336,-0.810193,0.506326
0.159282,-0.77022,0.617569
0.131592,-0.764585,0.630947
0.14582,-0.765874,0.626238
0.707927,-0.698535,-0.104332
0.733808,-0.651425,-0.192801
0.736551,-0.647822,-0.194476
0.0355344,-0.746194,0.66478
0.0292707,-0.74476,0.66669
0.0255952,-0.74671,0.664657
0.592394,-0.80026,0.0930268
0.62356,-0.780179,0.0499343
0.359282,-0.854735,0.374627
0.348338,-0.828934,0.437643
0.357154,-0.842895,0.402457
0.34799,-0.850408,0.394602
0.341871,-0.842758,0.415795
0.392322,-0.76918,-0.504426
0.398435,-0.770485,-0.497596
0.33359,-0.835513,0.436622
0.331096,-0.832265,0.444648
0.481512,-0.496887,-0.721976
0.482907,-0.480083,-0.732338
0.300582,-0.74164,0.599685
0.342309,-0.758638,0.554342
0.323912,-0.753698,0.571858
0.388691,-0.896883,-0.211
0.365453,-0.903376,-0.224404
0.364845,-0.897895,-0.246319
0.495121,-0.568178,-0.657288
0.489088,-0.553318,-0.674264
0.518425,-0.574761,-0.633154
0.436405,-0.828582,-0.350719
0.354271,-0.829861,0.431075
0.341689,-0.81481,0.468334
0.12079,-0.772682,0.623196
0.134469,-0.773022,0.619965
0.156794,-0.778538,0.607697
0.28199,-0.734647,0.61707
0.30319,-0.745591,0.593439
0.575716,-0.806699,0.133386
0.0325328,-0.743832,0.667574
0.0384276,-0.74468,0.666315
0.418653,-0.777581,0.469149
0.394568,-0.764673,0.509504
0.392454,-0.770681,0.502029
0.623077,-0.706691,-0.335205
0.610271,-0.689448,-0.390166
0.610079,-0.669137,-0.424332
0.267364,-0.715125,0.645843
0.277911,-0.718446,0.637653
0.0420682,-0.742658,0.668349
0.0419742,-0.742719,0.668287
0.0372556,-0.741359,0.670074
0.452616,-0.766473,-0.455695
0.0823808,-0.81803,-0.569246
0.0506639,-0.744126,0.666115
0.0615485,-0.7459,0.663208
0.601498,-0.798767,-0.0131233
0.607031,-0.793082,-0.0503577
0.591903,-0.805158,0.0370391
0.359882,-0.86933,0.338747
0.360643,-0.860467,0.359907
0.360513,-0.866916,0.344219
0.567303,-0.512377,-0.644698
0.554988,-0.51806,-0.650846
0.541537,-0.493326,-0.680709
0.338526,-0.627346,-0.701311
0.405143,-0.789659,0.460758
0.416043,-0.793157,0.444758
0.40683,-0.790244,0.45826
0.179401,-0.769071,0.613471
0.161885,-0.766575,0.621415
0.148558,-0.762418,0.629803
0.571553,-0.816906,-0.0774307
0.562568,-0.825178,-0.0510071
0.565399,-0.816597,-0.116178
0.346068,-0.833499,0.430718
0.352798,-0.83636,0.419568
0.32175,-0.818834,0.475384
0.361822,-0.698778,-0.617085
0.505735,-0.830943,0.231876
0.538883,-0.829745,0.145361
0.525229,-0.832381,0.176853
0.577362,-0.80022,0.162178
0.611452,-0.785219,0.097777
0.348923,-0.685036,-0.639514
0.355086,-0.696586,-0.623443
0.297477,-0.767396,0.567991
0.326509,-0.787486,0.522743
0.334385,-0.801005,0.496569
0.301683,-0.824016,0.479569
0.351807,-0.687225,-0.635574
0.352979,-0.686303,-0.63592
0.596325,-0.79814,-0.0858694
0.585057,-0.794234,-0.164026
0.601499,-0.797042,-0.0540954
0.17466,-0.779184,0.601971
0.20459,-0.783085,0.587301
0.230128,-0.787992,0.571062
0.417955,-0.770557,-0.481201
0.412406,-0.769248,-0.488035
0.407869,-0.758593,-0.508113
0.386794,-0.692763,-0.608662
0.388126,-0.705985,-0.592404
0.365276,-0.680645,-0.635055
0.040613,-0.744475,0.666414
0.0370156,-0.742834,0.668452
0.0413884,-0.743229,0.667755
0.0658105,-0.777243,0.625749
0.0793724,-0.783111,0.616795
0.331577,-0.821737,0.463475
0.323053,-0.811595,0.486778
0.421386,-0.794252,-0.437718
0.419864,-0.782675,-0.459494
0.4276,-0.788975,-0.441221
0.385956,-0.78238,-0.488793
0.38424,-0.792715,-0.473246
0.377115,-0.791432,-0.48106
0.478141,-0.852626,-0.210736
0.480497,-0.858008,-0.181513
0.406992,-0.869512,-0.279835
0.423249,-0.856819,-0.294487
0.426222,-0.865621,-0.262747
0.343497,-0.764906,0.544912
0.363906,-0.772768,0.520002
0.400832,-0.499224,-0.768185
0.389901,-0.511658,-0.765625
0.387237,-0.500089,-0.774569
0.412751,-0.67399,-0.612677
0.399128,-0.66042,-0.636035
0.417871,-0.672088,-0.611295
0.354187,-0.800945,0.482742
0.327676,-0.78309,0.528583
0.198647,-0.697279,0.688724
0.193614,-0.696253,0.691191
0.199744,-0.695502,0.690203
0.363489,-0.85812,0.362639
0.371879,-0.870979,0.321096
0.315856,-0.588852,-0.743967
0.316742,-0.604058,-0.731292
0.312655,-0.585219,-0.748175
0.0569853,-0.748378,0.66082
0.0579509,-0.750382,0.65846
0.0468042,-0.747209,0.662939
0.499695,-0.81529,-0.292589
0.509314,-0.814206,-0.278689
0.513577,-0.822434,-0.244627
0.41559,-0.796384,0.439381
0.402975,-0.788413,0.464775
0.432055,-0.798129,0.419903
0.151083,-0.761052,0.630853
0.145839,-0.759952,0.633408
0.128763,-0.756627,0.641043
0.400051,-0.773915,0.490935
0.459852,-0.790027,0.40546
0.395901,-0.77475,0.492981
0.157397,-0.807316,0.568742
0.316889,-0.575036,-0.754264
0.318707,-0.591716,-0.740471
0.62659,-0.711251,-0.3186
0.624685,-0.694893,-0.356218
0.593393,-0.804865,-0.00882969
0.608809,-0.791037,-0.0601147
0.620336,-0.773009,-0.132821
0.584582,-0.805457,0.0974913
0.593501,-0.803186,0.0514696
0.595079,-0.802931,0.0343993
0.558183,-0.480672,-0.676299
0.576348,-0.494406,-0.65068
0.592446,-0.520009,-0.615301
0.318651,-0.795363,0.515619
0.329712,-0.81012,0.484767
0.549682,-0.826115,0.124028
0.522271,-0.83153,0.189187
0.215768,-0.781741,0.585087
0.169736,-0.770034,0.615012
0.202752,-0.777394,0.595442
0.0542187,-0.761479,0.645918
0.0416588,-0.757718,0.651251
0.0518851,-0.758661,0.649416
0.439288,-0.83429,0.333145
0.426353,-0.839424,0.337032
0.0422193,-0.752882,0.6568
0.0398888,-0.755028,0.654478
0.0337715,-0.752151,0.658125
0.447496,-0.78376,0.430663
0.400785,-0.766137,0.502404
0.458048,-0.784786,0.4175
0.409493,-0.787015,0.461437
0.40795,-0.784137,0.467662
0.435847,-0.791185,0.429029
0.632289,-0.721219,-0.282938
0.640518,-0.716798,-0.275567
0.363818,-0.527596,-0.767645
0.358742,-0.519971,-0.775199
0.472123,-0.804474,0.360444
0.456343,-0.798248,0.39313
0.476568,-0.802536,0.358911
0.30145,-0.806307,0.508922
0.311966,-0.808159,0.49956
0.257727,-0.793626,0.551123
0.502556,-0.798275,0.331963
0.539728,-0.803056,0.252583
0.553898,-0.803632,0.217657
0.559438,-0.804342,0.200162
0.568486,-0.804295,0.173016
0.200095,-0.732167,0.651071
0.204643,-0.740218,0.640467
0.228273,-0.741879,0.630482
0.565408,-0.817773,0.10754
0.549829,-0.821569,0.150717
0.331896,-0.75935,0.559671
0.317614,-0.75267,0.576722
0.307244,-0.72954,0.611045
0.350883,-0.744797,0.567593
0.548037,-0.761267,-0.346598
0.578308,-0.781202,-0.235131
0.538893,-0.765622,-0.351309
0.0373584,-0.748252,0.662362
0.0430791,-0.750524,0.659438
0.0358861,-0.750106,0.660343
0.345731,-0.929334,-0.129645
0.326157,-0.926411,-0.188109
0.36089,-0.919693,-0.154671
0.231028,-0.846591,-0.479489
0.494966,-0.865278,-0.0793946
0.483193,-0.870053,-0.0976474
0.49215,-0.86237,-0.118774
0.344531,-0.50933,-0.788594
0.351869,-0.493153,-0.795605
0.327286,-0.806086,0.493064
0.263238,-0.793322,0.548952
0.300752,-0.80198,0.51612
0.328985,-0.530906,-0.780966
0.336446,-0.517139,-0.787002
0.329492,-0.540787,-0.773941
0.22129,-0.816185,0.533736
0.249054,-0.830548,0.498161
0.617781,-0.620043,-0.483622
0.610687,-0.596724,-0.520558
0.621214,-0.627061,-0.469984
0.302666,-0.830046,-0.468419
0.27422,-0.830592,-0.484686
0.348055,-0.837469,0.421314
0.50075,-0.825332,0.260927
0.466725,-0.828582,0.30924
0.537991,-0.817289,0.206425
0.102635,-0.785317,0.610528
0.114096,-0.786652,0.606763
0.13292,-0.793417,0.593988
0.718832,-0.656004,-0.230085
0.730817,-0.634675,-0.251182
0.732342,-0.639654,-0.23349
0.362361,-0.877811,0.313278
0.364454,-0.883299,0.294883
0.364057,-0.873734,0.322569
0.163482,-0.802381,0.573985
0.149554,-0.801095,0.579553
0.0966496,-0.772497,0.627621
0.0893941,-0.77232,0.628913
0.0711237,-0.766371,0.638449
0.390531,-0.85088,0.35141
0.384048,-0.840255,0.382724
0.382865,-0.851582,0.35808
0.371171,-0.865656,0.335965
0.364449,-0.86182,0.352766
0.367778,-0.86691,0.336462
0.292901,-0.798122,0.526511
0.370613,-0.85933,0.352417
0.374887,-0.865075,0.333324
0.369602,-0.866374,0.335843
0.461744,-0.728574,-0.505938
0.440084,-0.705893,-0.555014
0.457923,-0.716505,-0.526239
0.34445,-0.76628,0.542375
0.324168,-0.756578,0.567895
0.325736,-0.756595,0.566976
0.403125,-0.578249,-0.709308
0.421293,-0.581588,-0.695893
0.420753,-0.599412,-0.680934
0.235976,-0.787739,0.569021
0.263018,-0.79525,0.54626
0.280768,-0.800475,0.529539
0.0651458,-0.756855,0.650328
0.0838459,-0.759048,0.645613
0.0838177,-0.761826,0.642336
0.422258,-0.780256,0.461413
0.511023,-0.828201,0.230082
0.517429,-0.827713,0.217163
0.616092,-0.777972,-0.123252
0.604732,-0.793847,-0.0640818
0.625876,-0.761823,-0.16705
0.53792,-0.455978,-0.709031
0.530819,-0.46072,-0.711315
0.133005,-0.798503,0.587114
0.118392,-0.791738,0.599278
0.265032,-0.77978,0.56719
0.362579,-0.866415,0.343309
0.363445,-0.859697,0.358927
0.366131,-0.863413,0.347082
0.529223,-0.820348,0.21669
0.513917,-0.822538,0.243562
0.501178,-0.818871,0.279773
0.246644,-0.799802,0.547253
0.213477,-0.787443,0.578241
0.205608,-0.788998,0.578972
0.36227,-0.882075,0.30117
0.361118,-0.877157,0.316527
0.37057,-0.850925,0.3723
0.369501,-0.855172,0.363526
0.380229,-0.863733,0.330746
0.320104,-0.804626,0.500115
0.352197,-0.805839,0.476011
0.378562,-0.809072,0.449553
0.602637,-0.797924,-0.0121774
0.594894,-0.800297,0.0750159
0.598156,-0.799308,0.0576003
0.214028,-0.816732,0.535856
0.194751,-0.815753,0.544627
0.190348,-0.809809,0.554957
0.417417,-0.505628,-0.755052
0.404995,-0.512617,-0.757101
0.429858,-0.772217,0.467875
0.342983,-0.828079,0.443453
0.354763,-0.843297,0.403727
0.540143,-0.678406,-0.498006
0.505836,-0.640442,-0.577895
0.529336,-0.654968,-0.539277
0.522779,-0.846481,-0.100859
0.516456,-0.84481,-0.139897
0.317462,-0.556886,-0.767525
0.321764,-0.558968,-0.764214
0.320192,-0.821852,0.471209
0.512738,-0.794034,-0.326512
0.320901,-0.763284,0.560734
0.351336,-0.766907,0.537047
0.30478,-0.749314,0.587911
0.180332,-0.804435,0.566009
0.423825,-0.471061,-0.773611
0.593338,-0.544022,-0.593287
0.584887,-0.543207,-0.602355
0.604086,-0.796076,-0.036634
0.487089,-0.536488,-0.689147
0.473615,-0.528521,-0.704524
0.0436177,-0.77305,0.632844
0.0539354,-0.776423,0.6279
0.441934,-0.797774,-0.410185
0.434365,-0.798637,-0.416541
0.522025,-0.802042,0.29021
0.489602,-0.796019,0.355875
0.522573,-0.801861,0.289723
0.416207,-0.90762,-0.0547562
0.401535,-0.915063,-0.0378104
0.393898,-0.914183,-0.0954707
0.606453,-0.762511,-0.225372
0.608704,-0.785402,-0.112353
0.608847,-0.779539,-0.147054
0.214479,-0.803134,0.555856
0.255994,-0.811355,0.52552
0.229592,-0.810117,0.539444
0.629827,-0.738446,-0.240863
0.630238,-0.727977,-0.269908
0.632321,-0.729688,-0.260243
0.271232,-0.737147,0.618911
0.285098,-0.752386,0.593832
0.243528,-0.72513,0.644114
0.446758,-0.78555,0.428162
0.433359,-0.787796,0.437698
0.523679,-0.84732,0.0883833
0.523173,-0.851561,0.0337123
0.535571,-0.843108,0.0483224
0.441884,-0.844703,0.30202
0.432546,-0.841995,0.322412
0.431347,-0.847248,0.310019
0.31127,-0.854064,-0.416756
0.492906,-0.765451,-0.413677
0.496842,-0.761684,-0.415917
0.526408,-0.775715,-0.348084
0.205214,-0.701155,0.682839
0.235849,-0.708511,0.665123
0.221932,-0.702453,0.676244
0.375282,-0.816858,0.438073
0.387709,-0.82986,0.401266
0.395135,-0.818296,0.417445
0.480678,-0.429009,-0.764787
0.470251,-0.432974,-0.769023
0.473529,-0.41939,-0.77452
0.622791,-0.741322,-0.250146
0.618564,-0.75553,-0.215758
0.485802,-0.830748,0.271766
0.426475,-0.853262,0.300105
0.422083,-0.8573,0.294757
0.429703,-0.851868,0.299459
0.559411,-0.488662,-0.669523
0.581419,-0.519353,-0.626278
0.309717,-0.815849,0.488332
0.484706,-0.420735,-0.766838
0.346031,-0.673386,-0.653309
0.356996,-0.68476,-0.635341
0.438668,-0.857275,0.269542
0.354397,-0.870021,0.342738
0.0811355,-0.771979,0.630448
0.102837,-0.779099,0.61841
0.0757887,-0.77168,0.63148
0.458867,-0.799073,0.388491
0.490581,-0.800109,0.345193
0.487769,-0.802083,0.344596
0.544864,-0.806325,0.230142
0.524166,-0.801565,0.287659
0.544398,-0.807363,0.227595
0.620219,-0.783294,0.0421649
0.675638,-0.735074,-0.0563734
0.616206,-0.786393,0.0433504
0.206072,-0.739158,0.641233
0.183539,-0.731059,0.657166
0.18627,-0.725507,0.662529
0.685083,-0.725711,-0.0632887
0.635949,-0.77091,0.0356081
0.602512,-0.797421,-0.0331684
0.59561,-0.784418,-0.173029
0.349637,-0.864676,0.360683
0.3587,-0.876785,0.320287
0.359469,-0.873302,0.328828
0.10585,-0.753744,0.648588
0.085219,-0.750487,0.655369
0.0910819,-0.750519,0.654543
0.220299,-0.707129,0.671891
0.20899,-0.707995,0.674586
0.254304,-0.789717,0.558282
0.288183,-0.803447,0.520986
0.259094,-0.792725,0.55178
0.427728,-0.802,-0.416948
0.419344,-0.807474,-0.414894
0.547039,-0.621155,-0.561172
0.550036,-0.636824,-0.540291
0.522403,-0.606567,-0.599309
0.530972,-0.823561,0.199553
0.492495,-0.831391,0.25738
0.153351,-0.825185,-0.543649
0.182027,-0.826301,-0.533004
0.201329,-0.829852,-0.520397
0.625798,-0.706339,-0.33085
0.619767,-0.698108,-0.358517
0.253496,-0.854059,0.454228
0.281672,-0.858642,0.42825
0.180051,-0.711106,0.679639
0.189605,-0.714107,0.673871
0.189817,-0.709214,0.678959
0.404228,-0.884103,0.23444
0.587526,-0.807457,0.0531833
0.553574,-0.816206,0.165423
0.571125,-0.812114,0.119541
0.505918,-0.857767,-0.091022
0.509961,-0.858658,-0.0514499
0.612772,-0.586563,-0.52958
0.618478,-0.604839,-0.501652
0.629228,-0.633707,-0.449985
0.361724,-0.844515,0.394907
0.360434,-0.849581,0.385098
0.385229,-0.645887,-0.659111
0.383303,-0.657437,-0.648734
0.369612,-0.642084,-0.671651
0.370847,-0.573968,-0.730091
0.380385,-0.592765,-0.709885
0.220311,-0.77993,0.585811
0.366222,-0.887859,0.278544
0.443509,-0.896193,0.0117526
0.464339,-0.88469,0.0414158
0.45101,-0.888892,0.080389
0.54342,-0.810602,0.21822
0.528376,-0.812151,0.247448
0.522657,-0.592512,-0.612991
0.503608,-0.583423,-0.637178
0.481254,-0.817335,-0.316794
0.475842,-0.809916,-0.342944
0.488219,-0.816825,-0.30731
0.704026,-0.688516,-0.174048
0.686308,-0.716113,-0.127135
0.681643,-0.717222,-0.144759
0.190211,-0.704311,0.683934
0.199834,-0.703236,0.682295
0.623237,-0.670743,-0.402094
0.622393,-0.678189,-0.390751
0.377287,-0.887493,0.264595
0.442579,-0.809529,0.385728
0.461387,-0.814355,0.352063
0.456816,-0.815308,0.355798
0.617902,-0.765357,-0.180071
0.615002,-0.777562,-0.131033
0.611403,-0.781481,-0.12439
0.333337,-0.830256,0.446725
0.361421,-0.865611,0.346545
0.381316,-0.894606,0.232972
0.446907,-0.813469,0.372212
0.505076,-0.819369,0.271176
0.511393,-0.819573,0.258422
0.476498,-0.816318,0.326464
0.447877,-0.808277,-0.382222
0.307561,-0.753519,0.581049
0.348212,-0.789714,0.505077
0.318417,-0.76485,0.560016
0.64662,-0.738699,-0.19028
0.665924,-0.723281,-0.182783
0.56112,-0.814363,0.148177
0.569793,-0.81222,0.12504
0.553398,-0.819009,0.151577
0.597481,-0.752258,-0.277713
0.602432,-0.760917,-0.240999
0.606184,-0.781438,-0.147972
0.268385,-0.716257,0.644163
0.24297,-0.706318,0.664893
0.277728,-0.721304,0.634499
0.255239,-0.716381,0.649348
0.29835,-0.730136,0.614728
0.0507618,-0.744395,0.665807
0.0638663,-0.745818,0.663081
0.598337,-0.536179,-0.595402
0.593721,-0.527962,-0.607248
0.584315,-0.511463,-0.630063
0.571264,-0.805636,0.156871
0.56824,-0.804427,0.173209
0.578904,-0.804745,0.131365
0.395549,-0.486334,-0.779114
0.497298,-0.830928,0.249507
0.493633,-0.828444,0.264586
0.503293,-0.826324,0.252755
0.40603,-0.716233,-0.567583
0,0,0
0,0,0
0.0652923,-0.762375,0.643834
0.262203,-0.756686,0.598896
0.551797,-0.480597,-0.681575
0.536294,-0.47462,-0.697942
0.523586,-0.465002,-0.713884
0.286332,-0.833258,0.472965
0.291796,-0.828032,0.478768
0.326911,-0.831397,0.449344
0.103184,-0.829294,-0.549204
0.053278,-0.79751,-0.600949
0.0932976,-0.824216,-0.558537
0.431131,-0.804697,0.408152
0.428921,-0.800072,0.419417
0.427714,-0.801798,0.417349
0.33092,-0.550746,-0.766271
0.33767,-0.52608,-0.780525
0.342725,-0.529276,-0.776148
0.421687,-0.892405,-0.160609
0.407907,-0.900161,-0.152718
0.577789,-0.803236,0.144824
0.452227,-0.885945,-0.102926
0.431397,-0.894772,-0.115244
0.437205,-0.889372,-0.133682
0.464812,-0.885177,-0.0202937
0.468656,-0.79997,-0.374714
0.463915,-0.801907,-0.376468
0.455043,-0.789962,-0.410969
0.449249,-0.454302,-0.769275
0.564203,-0.808857,0.165613
0.57271,-0.807433,0.141625
0.582964,-0.806618,0.0975751
0.217033,-0.698774,0.681624
0.226472,-0.70412,0.672997
0.216578,-0.698865,0.681675
0.505225,-0.486305,-0.71292
0.418279,-0.84365,-0.336599
0.411128,-0.838278,-0.358141
0.36639,-0.884864,-0.287705
0.34991,-0.880636,-0.319443
0.382439,-0.874802,-0.297425
0.50078,-0.830449,0.244079
0.397199,-0.770101,0.499182
0.625894,-0.765676,-0.148317
0.627683,-0.743417,-0.230968
0.631719,-0.726418,-0.270644
0.535988,-0.819401,0.203229
0.522665,-0.812638,0.257765
0.573775,-0.817795,0.0446441
0.566205,-0.818389,0.0982366
0.536831,-0.808252,0.241954
0.565703,-0.799701,0.201152
0.531441,-0.804162,0.266262
0.450432,-0.869238,0.203808
0.452911,-0.880251,0.14153
0.469268,-0.868424,0.16009
0.593285,-0.800359,0.0862634
0.582292,-0.802584,0.129604
0.584486,-0.802612,0.119134
0.503269,-0.813397,0.291732
0.443436,-0.795023,0.413891
0.580713,-0.811699,0.0626053
0.563051,-0.816995,0.124479
0.598045,-0.801441,0.00600783
0.359935,-0.910767,-0.202364
0.333527,-0.908164,-0.252979
0.444203,-0.625449,-0.641479
0.454623,-0.613648,-0.645565
0.474396,-0.641189,-0.603179
0.545691,-0.837985,-0.00206981
0.534299,-0.84524,-0.00985904
0.147733,-0.768011,0.623164
0.131847,-0.763633,0.632046
0.119,-0.763681,0.634533
0.637336,-0.770586,0.00107167
0.656783,-0.75266,-0.0462502
0.645168,-0.763602,-0.0258865
0.309812,-0.749892,0.584533
0.330902,-0.762911,0.555402
0.348167,-0.77867,0.521971
0.240826,-0.711874,0.659725
0.25901,-0.722566,0.640946
0.254906,-0.719445,0.646081
0.314161,-0.81558,0.485937
0.318782,-0.817703,0.479314
0.293771,-0.804409,0.51636
0.38759,-0.776577,0.496694
0.385573,-0.785776,0.483624
0.472874,-0.510964,-0.717848
0.421969,-0.724707,-0.544741
0.402126,-0.701036,-0.588934
0.492835,-0.869148,0.0412054
0.479706,-0.877396,0.00772226
0.494839,-0.868908,-0.0116827
0.188108,-0.775727,0.602381
0.56823,-0.781004,-0.259135
0.596356,-0.792217,-0.129445
0.321671,-0.735247,0.596609
0.477483,-0.824628,0.303316
0.478666,-0.819318,0.315593
0.434827,-0.800591,0.412285
0.445783,-0.800521,0.400553
0.444423,-0.799074,0.40493
0.48731,-0.801165,0.347365
0.457972,-0.797908,0.391921
0.461997,-0.799526,0.383819
0.422436,-0.762966,-0.489316
0.419132,-0.763259,-0.491696
0.410022,-0.754471,-0.512499
0.666257,-0.743122,-0.0622226
0.638703,-0.769434,-0.00537573
0.656819,-0.75245,-0.049082
0.339468,-0.742917,0.576921
0.361604,-0.747364,0.557397
0.319652,-0.607138,-0.727465
0.544729,-0.825543,0.147483
0.139963,-0.772934,0.618857
0.105224,-0.767437,0.63243
0.127237,-0.773703,0.620641
0.626118,-0.63726,-0.449306
0.603073,-0.562137,-0.565952
0.60745,-0.566377,-0.556974
0.613439,-0.59843,-0.515337
0.354386,-0.827327,-0.435822
0.375149,-0.822081,-0.428306
0.357715,-0.831953,-0.424139
0.65701,-0.753868,-0.00448301
0.708918,-0.694693,-0.121791
0.524108,-0.632427,-0.570391
0.496183,-0.599571,-0.627946
0.507756,-0.599353,-0.618837
0.14848,-0.771436,0.618742
0.527266,-0.826873,0.195634
0.484304,-0.824042,0.293947
0.447752,-0.811353,0.375796
0.445351,-0.822353,0.354113
0.428975,-0.810991,0.397836
0,0,0
0,0,0
0.380551,-0.867456,0.320468
0.519976,-0.799519,0.300663
0.17641,-0.774044,0.60806
0.180664,-0.777531,0.602335
0.203285,-0.78214,0.58901
0.0592178,-0.768739,0.636816
0.0839249,-0.771802,0.6303
0.519816,-0.854137,-0.0155713
0.520668,-0.851962,-0.0554096
0.245438,-0.781206,0.574002
0.242695,-0.785043,0.569918
0.212285,-0.768784,0.603247
0.559324,-0.782812,-0.272698
0.528745,-0.769823,-0.357496
0.379296,-0.827777,0.413429
0.357539,-0.816493,0.453332
0.334862,-0.812847,0.476602
0.180396,-0.709416,0.681312
0.209291,-0.695712,0.687155
0.216695,-0.698047,0.682476
0.207487,-0.698735,0.684631
0.227139,-0.708804,0.667836
0.212208,-0.702653,0.679152
0.297152,-0.773814,0.559386
0.297729,-0.783152,0.545922
0.426964,-0.850317,0.307673
0.414735,-0.862083,0.291217
0.42875,-0.861345,0.272504
0.486678,-0.800324,-0.350182
0.603261,-0.796414,-0.042461
0.604583,-0.794648,-0.054898
0.38617,-0.883069,0.266573
0.383256,-0.840219,0.383597
0.370352,-0.813796,0.447859
0.277177,-0.73064,0.623971
0.256738,-0.720594,0.644073
0.255691,-0.718671,0.646633
0.0492874,-0.744638,0.665646
0.0583593,-0.747001,0.662257
0.0480457,-0.745626,0.66463
0.472301,-0.802246,0.36515
0.446429,-0.798873,0.403117
0.373049,-0.885119,0.278207
0.213859,-0.821075,0.529245
0.233203,-0.824703,0.51525
0.499194,-0.688182,-0.526507
0.503026,-0.673015,-0.542232
0.362879,-0.757834,0.542225
0.366905,-0.764268,0.530356
0.176693,-0.76659,0.61735
0.395369,-0.790369,-0.467975
0.393546,-0.781418,-0.484259
0.103852,-0.759494,0.642172
0.0925326,-0.759851,0.643479
0.675488,-0.733874,-0.0717352
0.652059,-0.758086,-0.0111759
0.342087,-0.51988,-0.782753
0.58396,-0.802786,0.120521
0.587873,-0.802529,0.101745
0.5839,-0.803007,0.119334
0.461976,-0.81869,0.341065
0.480721,-0.820768,0.308623
0.385763,-0.797944,0.463112
0.402264,-0.818748,0.409677
0.381916,-0.803265,0.457063
0.163928,-0.835518,-0.52444
0.178247,-0.840208,-0.512132
0.128366,-0.829256,-0.543927
0.319422,-0.843796,0.431254
0.340672,-0.566592,-0.750277
0.340745,-0.589795,-0.732144
0.336382,-0.590017,-0.73398
0.5583,-0.811469,0.172688
0.577956,-0.8085,0.110889
0.625136,-0.749892,-0.216483
0.625561,-0.737865,-0.253434
0.615237,-0.766147,-0.185744
0.230495,-0.790435,0.567527
0.263286,-0.795907,0.545174
0.601084,-0.79903,-0.0158154
0.534987,-0.801346,-0.267649
0.552076,-0.800925,-0.231806
0.546063,-0.791489,-0.274523
0.576331,-0.796157,-0.184337
0.559111,-0.798095,-0.224595
0.131107,-0.760984,0.635386
0.127497,-0.75853,0.639044
0.5728,-0.563225,-0.595547
0.542853,-0.530867,-0.65076
0.57688,-0.552439,-0.601681
0.576267,-0.510038,-0.638566
0.369609,-0.713833,-0.594837
0.466715,-0.755217,-0.460244
0.44505,-0.746201,-0.495091
0.441054,-0.734143,-0.516242
0.214417,-0.811126,0.544152
0.193986,-0.804046,0.562033
0.406817,-0.653491,-0.638317
0.389646,-0.631292,-0.670557
0.412211,-0.635689,-0.652672
0.418762,-0.770125,0.481195
0.409904,-0.763082,0.499688
0.381799,-0.757079,0.530155
0.200914,-0.697268,0.688078
0.241386,-0.711822,0.659577
0.218723,-0.841102,-0.494678
0.363303,-0.880536,0.304417
0.362343,-0.876799,0.316121
0.535126,-0.814547,0.223953
0.0766391,-0.752769,0.653808
0.0894437,-0.75619,0.648211
0.0995645,-0.755845,0.647137
0.34389,-0.870664,0.35169
0.350046,-0.879549,0.322278
0.355309,-0.880328,0.314291
0.364216,-0.823171,0.435588
0.398392,-0.822358,0.406225
0.441613,-0.842402,0.308769
0.438489,-0.853045,0.282918
0.309503,-0.84501,-0.43608
0.346351,-0.838777,-0.420113
0.331705,-0.846936,-0.415537
0.475186,-0.819957,0.319169
0.467433,-0.825431,0.316494
0.391896,-0.880652,-0.266214
0.42902,-0.792012,0.434348
0.41103,-0.789477,0.455829
0.418838,-0.791983,0.444226
0.581174,-0.812548,0.0447687
0.598624,-0.801021,-0.00396797
0.520009,-0.819625,0.240442
0.551572,-0.8171,0.167693
0.537588,-0.818153,0.204041
0.0947359,-0.758877,0.644307
0.0807869,-0.755804,0.649796
0.505873,-0.65743,-0.558461
0.440567,-0.588528,-0.67789
0.575183,-0.8093,0.11917
0.557375,-0.810374,0.180636
0.559582,-0.813335,0.159237
0.539449,-0.80443,0.248777
0.557577,-0.806957,0.194758
0.50988,-0.799388,0.317812
0.609996,-0.791089,-0.0456512
0.443313,-0.83273,0.331717
0.436567,-0.824487,0.360048
0.581866,-0.809898,0.0741472
0.580715,-0.813311,0.0360066
0.594115,-0.804185,0.0176901
0.674777,-0.688047,-0.266961
0.654663,-0.707819,-0.265344
0.657463,-0.69673,-0.286896
0.11249,-0.767392,0.631234
0.107681,-0.768939,0.63019
0.0886795,-0.764627,0.638344
0.194015,-0.753123,0.628621
0.214884,-0.761357,0.611687
0.20963,-0.762625,0.61193
0.386579,-0.465049,-0.79642
0.389794,-0.454298,-0.801045
0.394987,-0.461491,-0.794362
0.414282,-0.781656,0.466248
0.37161,-0.628198,-0.683574
0.355195,-0.780104,0.51505
0.529064,-0.816214,0.23213
0.531135,-0.822026,0.205347
0.476383,-0.544694,-0.690193
0.46254,-0.52373,-0.715377
0.456485,-0.832114,0.314971
0.445272,-0.840961,0.307436
0.296176,-0.810121,0.50595
0.339886,-0.812999,0.472771
0.296615,-0.812991,0.501066
0.555604,-0.805241,0.207108
0.54066,-0.803565,0.248943
0.602737,-0.790043,-0.111989
0.600713,-0.799329,-0.0147666
0.601639,-0.798325,-0.0266305
0.370737,-0.517338,-0.771307
0.371402,-0.531512,-0.761285
0.329776,-0.88806,-0.320307
0.307638,-0.864881,0.396663
0.202843,-0.791473,0.576564
0.169448,-0.78487,0.596044
0.346113,-0.809053,0.475018
0.385106,-0.73324,-0.560404
0.374713,-0.71522,-0.589958
0.588936,-0.803949,0.0825922
0.570522,-0.812493,0.11984
0.220397,-0.777044,0.589599
0.171924,-0.792828,0.584694
0.204062,-0.797886,0.56722
0.312016,-0.86144,0.400713
0.353691,-0.854063,0.381423
0.376398,-0.858275,0.348846
0.587586,-0.805611,0.0757541
0.479257,-0.821104,0.310011
0.459121,-0.820323,0.341002
0.501829,-0.819262,0.277458
0.404758,-0.789148,-0.461969
0.406328,-0.798541,-0.444105
0.394771,-0.800385,-0.451154
0.493019,-0.579498,-0.648934
0.482082,-0.574618,-0.66137
0.240994,-0.785123,0.570532
0.207512,-0.774556,0.597498
0.210336,-0.775475,0.595315
0.332673,-0.853845,0.400348
0.335604,-0.862216,0.379415
0.0154888,-0.753572,0.657183
0.609881,-0.580216,-0.539809
0.613359,-0.58631,-0.529179
0.628117,-0.627413,-0.460241
0.393971,-0.820097,-0.415003
0.371358,-0.831244,-0.413675
0.0620003,-0.749556,0.659031
0.436391,-0.848639,0.298957
0.469851,-0.765446,-0.439696
0.582924,-0.805491,-0.106712
0.58734,-0.807751,-0.0507255
0.39297,-0.862303,0.319387
0.381389,-0.856633,0.347453
0.389824,-0.867385,0.309325
0.258128,-0.817107,0.515467
0.322651,-0.826162,0.461903
0.269443,-0.824256,0.498
0.296841,-0.8241,0.482438
0.301848,-0.839405,0.451983
0.293411,-0.800202,0.523059
0.242657,-0.795086,0.555839
0.326538,-0.749857,0.575406
0.282813,-0.732012,0.61982
0.309673,-0.810761,0.49676
0.181713,-0.777824,0.601642
0.179261,-0.776157,0.604522
0.227932,-0.786731,0.573675
0.422732,-0.519041,-0.742895
0.522969,-0.728581,-0.442351
0.529086,-0.72242,-0.445172
0.562825,-0.750249,-0.346922
0.0245264,-0.773623,0.633172
0.228003,-0.754924,0.614904
0.253098,-0.762282,0.595709
0.277313,-0.779901,0.561119
0.547873,-0.828743,0.11411
0.293838,-0.804903,0.515551
0.62175,-0.751689,-0.219977
0.620972,-0.764529,-0.172884
0.0436137,-0.756072,0.653033
0.0376653,-0.758807,0.650225
0.552064,-0.474006,-0.685962
0.572599,-0.507444,-0.643918
0.49144,-0.857549,-0.151984
0.491351,-0.851579,-0.182724
0.170581,-0.734559,0.656754
0.171508,-0.735324,0.655655
0.171368,-0.727273,0.664611
0.364203,-0.491061,-0.791337
0.356633,-0.489301,-0.795863
0.367488,-0.475499,-0.799283
0.379664,-0.776862,0.502337
0.166691,-0.780954,0.601935
0.158364,-0.782481,0.6022
0.192956,-0.78966,0.582414
0.474551,-0.810218,0.34402
0.399518,-0.829763,0.389717
0.413061,-0.836158,0.360861
0.408151,-0.845438,0.344451
0.491126,-0.451035,-0.745226
0.512837,-0.466683,-0.720557
0.498225,-0.467836,-0.729999
0.320625,-0.862636,-0.391228
0.637162,-0.736417,-0.227407
0.648678,-0.727735,-0.222754
0.341759,-0.798145,0.496153
0.30962,-0.768176,0.560396
0.370883,-0.846261,-0.382476
0.303284,-0.8387,-0.452328
0.22797,-0.745664,0.626113
0.279852,-0.770679,0.572485
0.392887,-0.869328,0.299849
0.364933,-0.867152,0.338928
0.361125,-0.866742,0.344016
0.426721,-0.774095,-0.467638
0.419129,-0.790247,0.447034
0.071692,-0.747677,0.660181
0.0760389,-0.74786,0.659488
0.313666,-0.895274,-0.316384
0.298034,-0.902723,-0.310269
0.26914,-0.894017,-0.358185
0.187082,-0.733199,0.653773
0.176283,-0.729536,0.660834
0.17666,-0.736432,0.653038
0.602862,-0.79128,-0.102139
0.61084,-0.77226,-0.174609
0.181205,-0.70735,0.683243
0.0612634,-0.757809,0.649594
0.0472202,-0.754396,0.654719
0.557428,-0.825735,0.0862408
0.57654,-0.816812,0.020475
0.0202126,-0.758209,0.651698
0.0331641,-0.761501,0.647314
0.597729,-0.727979,-0.335807
0.612899,-0.759065,-0.219489
0.401682,-0.869587,0.287176
0.465773,-0.744724,-0.477956
0.716135,-0.671421,-0.190637
0.719496,-0.659918,-0.21641
0.459966,-0.550675,-0.696555
0.441845,-0.529821,-0.723921
0.453657,-0.533204,-0.714064
0.702863,-0.700148,-0.125606
0.709497,-0.687013,-0.156921
0.719774,-0.674459,-0.164386
0.392409,-0.803844,0.447046
0.406946,-0.812337,0.417737
0.416702,-0.806347,0.419722
0,0,0
0.342279,-0.939466,-0.0157872
0,0,0
0.394175,-0.742228,-0.541963
0.392536,-0.743865,-0.540907
0.349439,-0.495079,-0.79548
0.35376,-0.531299,-0.769789
0.58613,-0.80197,0.115305
0.580858,-0.803352,0.131263
0.588073,-0.80125,0.110313
0.393889,-0.811821,-0.431044
0.376781,-0.813552,-0.44291
0.327544,-0.635238,-0.699419
0.320104,-0.619344,-0.7169
0.322805,-0.621625,-0.713708
0.529166,-0.498103,-0.686931
0.620791,-0.782874,0.041564
0.628628,-0.777658,0.00852787
0.583204,-0.812299,0.00687141
0.323458,-0.75409,0.571598
0.349352,-0.764839,0.541273
0.272299,-0.730323,0.626485
0.267366,-0.725856,0.633758
0.487967,-0.697578,-0.524664
0.368168,-0.550259,-0.749444
0.374062,-0.541391,-0.752975
0.378773,-0.555113,-0.740527
0.393689,-0.613496,-0.684566
0.37564,-0.610488,-0.697279
0.219612,-0.702432,0.677023
0.247349,-0.718022,0.650587
0.453435,-0.483271,-0.748896
0.465295,-0.473094,-0.748119
0.361801,-0.831471,0.421613
0.36655,-0.852264,0.373213
0.364364,-0.857327,0.363636
0.517151,-0.816995,0.255099
0.121289,-0.755597,0.643711
0.393978,-0.79682,0.458104
0.123816,-0.758789,0.639461
0.130573,-0.758643,0.638288
0.10893,-0.755444,0.646096
0.446315,-0.796134,-0.408623
0.380076,-0.862288,0.334667
0.379063,-0.848152,0.370067
0.388503,-0.85706,0.338398
0.348252,-0.870117,0.348738
0.267404,-0.79448,0.545252
0.239214,-0.784921,0.571558
0.258198,-0.791612,0.553793
0.351001,-0.76559,0.53914
0.359703,-0.869148,0.339404
0.629687,-0.719353,-0.293299
0.266961,-0.732322,0.626448
0.232388,-0.715129,0.659232
0.402751,-0.845129,0.351503
0.192253,-0.697781,0.690029
0.190568,-0.700848,0.687383
0.0517533,-0.762646,0.644742
0.0466257,-0.765057,0.642273
0.0422449,-0.767653,0.639472
0.336793,-0.875513,-0.346479
0.292435,-0.873998,-0.388083
0.330395,-0.868746,-0.368944
0.460745,-0.50964,-0.726623
0.466384,-0.490098,-0.736402
0.53448,-0.704792,-0.466474
0.533848,-0.717469,-0.447488
0.360104,-0.81285,-0.457821
0.331114,-0.77683,0.53563
0.39808,-0.901766,0.168373
0.417882,-0.888088,0.191505
0.502928,-0.805472,0.313494
0.502615,-0.812696,0.294794
0.319262,-0.632127,-0.706036
0.32435,-0.634681,-0.701411
0.328203,-0.64907,-0.686287
0.370351,-0.897923,0.237853
0.37169,-0.900765,0.224652
0.343864,-0.843034,0.413585
0.3329,-0.832656,0.442565
0.432738,-0.659655,-0.614486
0.455029,-0.687322,-0.566159
0.427186,-0.674008,-0.602682
0.298069,-0.741539,0.601063
0.274237,-0.729959,0.626062
0.253828,-0.840402,0.478849
0.266944,-0.844828,0.463689
0.232349,-0.835781,0.497479
0.23354,-0.833108,-0.501388
0.573959,-0.817706,0.0439103
0.417773,-0.769899,-0.482411
0.381298,-0.811238,0.44329
0.362499,-0.797275,0.482648
0.572509,-0.805037,0.155401
0.380192,-0.72855,-0.569797
0.388561,-0.737373,-0.552541
0.378409,-0.726932,-0.573042
0.621218,-0.724996,-0.297438
0.559629,-0.812925,0.161166
0.569659,-0.81168,0.129106
0.609566,-0.791453,0.045083
0.30383,-0.792692,0.528517
0.449646,-0.794288,-0.408565
0.427696,-0.738073,-0.521847
0.583494,-0.799373,0.143307
0.571821,-0.803426,0.165911
0.172889,-0.742038,0.64768
0.172581,-0.742877,0.646799
0.724594,-0.674784,-0.14011
0.480419,-0.825917,0.295058
0,0,0
0.255922,-0.825748,-0.502638
0,0,0
0.395353,-0.841345,0.368558
0.403633,-0.830596,0.383654
0.159012,-0.860419,-0.484142
0.186675,-0.874646,-0.447379
0.127844,-0.841128,-0.525509
0.39221,-0.559598,-0.730083
0.383172,-0.547833,-0.743678
0.565535,-0.824697,0.00685403
0.571546,-0.820128,-0.02696
0.247946,-0.868346,-0.429533
0.592035,-0.801399,0.0851739
0.469775,-0.833193,0.29172
0.40283,-0.859688,0.314108
0.392123,-0.868009,0.30463
0.556785,-0.78839,-0.261597
0.60111,-0.798912,-0.0201856
0.601384,-0.798709,-0.0200387
0.595539,-0.802408,0.0384018
0.360829,-0.861871,0.356345
0.357654,-0.856471,0.372212
0.356532,-0.85567,0.37512
0.385535,-0.575159,-0.721495
0.34029,-0.669536,-0.660245
0.0288436,-0.768663,0.639003
0.263288,-0.781331,0.565862
0.223299,-0.766877,0.601694
0.243613,-0.778376,0.578604
0.664686,-0.706636,-0.242607
0.630589,-0.716806,-0.297566
0.630151,-0.701927,-0.331976
0.419051,-0.829704,0.368765
0.469538,-0.824499,0.31581
0.456616,-0.818928,0.347647
0.419301,-0.709387,-0.56653
0.359811,-0.766775,0.531596
0.377569,-0.711544,-0.592575
0.379778,-0.71365,-0.588619
0.367745,-0.697943,-0.614523
0.351033,-0.860875,0.368336
0.0843078,-0.767321,0.635697
0.273676,-0.849804,-0.450482
0.269488,-0.84469,-0.462467
0.472086,-0.793803,0.383427
0.459256,-0.796968,0.392338
0.48422,-0.802203,0.349294
0.479859,-0.84243,-0.245049
0.41107,-0.788161,0.458064
0.440894,-0.796464,0.413831
0.461875,-0.797624,0.3879
0.446141,-0.794929,0.41115
0.444663,-0.795071,0.412474
0.568114,-0.746463,-0.346469
0.469824,-0.810667,-0.349408
0.506479,-0.803281,0.313403
0.504964,-0.808006,0.303549
0.448084,-0.794714,0.409449
0.435238,-0.793625,0.425121
0.574227,-0.807853,0.132802
0.532647,-0.822147,0.20091
0.519022,-0.819293,0.243682
0.573487,-0.810204,-0.121178
0.372008,-0.897956,0.235127
0.475091,-0.793071,0.381222
0.246427,-0.791319,0.559545
0.244097,-0.788233,0.564896
0.214589,-0.780232,0.58753
0.0531551,-0.771177,0.634398
0.364404,-0.883323,0.294875
0.678377,-0.701755,-0.217586
0.691222,-0.694876,-0.198393
0.701699,-0.695825,-0.153118
0.412703,-0.462686,-0.784601
0.425885,-0.453842,-0.782719
0.474167,-0.817357,0.327256
0.46199,-0.817071,0.344913
0.486591,-0.820399,0.300298
0.469182,-0.865286,-0.176493
0.610588,-0.791907,-0.00808736
0.280228,-0.84228,0.460476
0.296764,-0.852686,0.429954
0.517704,-0.806783,0.284751
0.488668,-0.801275,0.345195
0.541114,-0.821772,0.178568
0.543632,-0.817229,0.191314
0.550507,-0.818805,0.162788
0.309345,-0.781946,0.541176
0.639849,-0.705775,-0.304095
0.634878,-0.711142,-0.302003
0.63363,-0.705408,-0.317667
0.494213,-0.824526,-0.275522
0.432071,-0.823108,0.368519
0.538163,-0.820976,0.190731
0.420018,-0.690419,-0.588987
0.438313,-0.718446,-0.540109
0.612673,-0.786056,-0.0821588
0.616411,-0.767737,-0.174981
0.406264,-0.855042,-0.322263
0.18791,-0.763874,0.617403
0.299257,-0.793033,0.530607
0.27526,-0.805523,0.524754
0.23795,-0.802528,0.547112
0.238418,-0.800704,0.549575
0.521376,-0.823007,0.225457
0.534124,-0.823789,0.18996
0.331319,-0.628584,-0.70364
0.633678,-0.671672,-0.383807
0.626823,-0.625704,-0.464315
0.380229,-0.724217,-0.57527
0.393119,-0.731443,-0.557178
0.396574,-0.738302,-0.545564
0.337851,-0.667236,-0.663816
0.342271,-0.670576,-0.658162
0.347677,-0.688386,-0.636588
0.0450083,-0.795082,-0.60483
0.555711,-0.804895,0.208161
0.373941,-0.89144,0.255934
0.373452,-0.895666,0.241486
0.15245,-0.763521,0.627532
0.576398,-0.707505,-0.408904
0.576406,-0.690467,-0.437048
0.589635,-0.807502,-0.0164796
0.109911,-0.753637,0.648037
0.0633094,-0.746403,0.662476
0.37704,-0.806093,0.456132
0.333841,-0.753745,0.566057
0.289192,-0.738194,0.609458
0.069129,-0.760201,0.646
0.318029,-0.944598,-0.0811926
0.334126,-0.936698,-0.104671
0.360513,-0.872534,0.32972
0.357195,-0.864825,0.352834
0.459252,-0.785898,0.414076
0.501715,-0.828465,0.248857
0.495388,-0.831013,0.252998
0.492707,-0.773953,-0.397791
0.140631,-0.767675,0.625219
0.139099,-0.769276,0.623592
0.110096,-0.762861,0.63712
0.332325,-0.598735,-0.72875
0.333674,-0.613122,-0.71606
0.453084,-0.87508,-0.170147
0.440265,-0.878572,-0.185147
0.0573732,-0.759534,0.647933
0.0671634,-0.771628,0.632518
0.369483,-0.871486,-0.322482
0.40576,-0.883827,-0.232828
0.413786,-0.875388,-0.249954
0.427424,-0.876863,-0.220046
0.37638,-0.891903,-0.250695
0.0713978,-0.748645,0.659115
0.0594159,-0.746078,0.663202
0.570774,-0.653027,-0.497768
0.590837,-0.669634,-0.450001
0.266135,-0.775085,0.573075
0.237126,-0.769526,0.592959
0.481883,-0.814314,0.323546
0.490281,-0.822737,0.287624
0.570838,-0.807028,0.15116
0.549591,-0.819937,0.160167
0.49851,-0.841686,0.207496
0.586169,-0.804583,0.0951451
0.459171,-0.837351,0.296658
0.446103,-0.843903,0.298028
0.421492,-0.776917,-0.467701
0.427789,-0.781386,-0.454348
0.535073,-0.690215,-0.487135
0.645882,-0.7091,-0.282866
0.110978,-0.773174,0.62441
0.401501,-0.855267,0.32759
0.393089,-0.849451,0.352014
0.397112,-0.841341,0.366671
0.262039,-0.851078,0.454974
0.386868,-0.784889,0.484026
0.377021,-0.779204,0.500695
0.399233,-0.75026,-0.526993
0.388952,-0.737853,-0.551623
0.58826,-0.80833,-0.0234936
0.567943,-0.805677,-0.168306
0.57678,-0.80088,-0.160993
0.425291,-0.851146,0.307699
0.406263,-0.798089,0.444975
0.632663,-0.757399,-0.161502
0.630687,-0.748537,-0.204761
0.228027,-0.806048,0.546162
0.215142,-0.797648,0.563447
0.180408,-0.790198,0.585697
0.640299,-0.767872,0.0197815
0.632623,-0.774446,-0.00443543
0.61064,-0.790018,0.0547096
0.145321,-0.760711,0.632615
0.644453,-0.762986,-0.0503288
0.622748,-0.77252,-0.124088
0.176867,-0.742676,0.645872
0.191123,-0.749334,0.634012
0.186028,-0.741474,0.644678
0.18372,-0.752276,0.632714
0.435684,-0.602882,-0.668366
0.188362,-0.822926,0.536016
0.180319,-0.823863,0.537341
0.17117,-0.820218,0.545842
0.504808,-0.799007,0.32674
0.483332,-0.792894,0.371098
0.353374,-0.775284,0.523508
0.448633,-0.882295,-0.142427
0.433654,-0.885247,-0.168174
0.543219,-0.822061,0.170677
0.206643,-0.838389,0.504383
0.220603,-0.84753,0.48273
0.202318,-0.84069,0.502303
0.0773729,-0.748809,0.658254
0.0938333,-0.751577,0.652938
0.274888,-0.761264,0.587296
0.176701,-0.722628,0.668271
0.379166,-0.508692,-0.772959
0.374826,-0.49911,-0.781277
0.510131,-0.840695,-0.181656
0.371452,-0.926988,0.0521288
0.469996,-0.569797,-0.674118
0.447073,-0.548302,-0.706746
0.363974,-0.886101,0.286967
0.358661,-0.89002,0.281475
0.14426,-0.778819,0.610435
0.263079,-0.765749,0.586872
0.328246,-0.829578,-0.451724
0.700455,-0.687789,-0.190548
0.372418,-0.826534,0.422073
0.372591,-0.838127,0.398395
0.438499,-0.847791,-0.298276
0.536451,-0.817783,0.208445
0.537669,-0.811133,0.230161
0.336391,-0.851729,0.401749
0.44028,-0.895951,-0.0585262
0.455694,-0.88766,-0.0663658
0.43445,-0.846149,0.308693
0.193399,-0.79874,0.569748
0.181836,-0.76786,0.614271
0.539449,-0.83995,-0.058992
0.533278,-0.843896,-0.0587821
0.497348,-0.811146,0.307721
0.48779,-0.815056,0.312649
0.530424,-0.803386,0.270597
0.54088,-0.805579,0.241853
0.515261,-0.80392,0.297019
0.460654,-0.851883,-0.249185
0.454454,-0.845793,-0.279477
0.465478,-0.84479,-0.263934
0.521295,-0.826166,0.213782
0.525749,-0.825899,0.203665
0.15435,-0.774593,0.613338
0.137917,-0.770941,0.621797
0.566938,-0.724994,-0.391107
0.586503,-0.740077,-0.32909
0.594186,-0.759006,-0.266184
0.567147,-0.736524,-0.368614
0.386692,-0.736455,-0.55507
0.209046,-0.696349,0.686584
0.21328,-0.698603,0.682983
0.342997,-0.680013,-0.648023
0.324936,-0.612051,-0.720978
0.330889,-0.614999,-0.715743
0.734307,-0.627499,-0.258914
0.738598,-0.628348,-0.244239
0.691408,-0.679597,-0.245158
0.32194,-0.771949,0.548137
0.586779,-0.803563,0.0999021
0.595323,-0.80094,0.0639456
0.560509,-0.822939,0.092745
0.612444,-0.786109,-0.0833339
0.602061,-0.79819,-0.0204065
0.612071,-0.783744,-0.10543
0.59322,-0.739301,-0.318627
0.504708,-0.830518,0.235604
0.560301,-0.758648,-0.332442
0.52096,-0.735632,-0.432952
0.473491,-0.83529,-0.27946
0.355303,-0.823102,0.443018
0.397399,-0.747578,-0.532166
0.169663,-0.726234,0.666183
0.738657,-0.629483,-0.241118
0.24787,-0.83384,0.493225
0.202779,-0.821944,0.532249
0,0,0
0,0,0
0.360962,-0.87767,0.315279
0.361153,-0.873836,0.325545
0.360025,-0.873325,0.328154
0.590419,-0.802418,0.0867911
0.61248,-0.789434,0.0407959
0.58502,-0.803525,0.110021
0.0520723,-0.753545,0.655331
0,0,0
0.272522,-0.728242,0.628804
0.294049,-0.738323,0.606971
0.243446,-0.711717,0.658933
0.333234,-0.836602,-0.434801
0.183956,-0.77137,0.60922
0.184816,-0.774077,0.605515
0.469105,-0.877202,0.102268
0.511766,-0.856463,0.0675949
0.501908,-0.862525,0.0643604
0.512975,-0.858227,0.0174671
0.203657,-0.794593,0.571968
0.210652,-0.828995,0.518068
0.224312,-0.827713,0.514369
0.545495,-0.602776,-0.582319
0.368131,-0.928197,-0.0541203
0.378797,-0.9211,-0.0899344
0.239405,-0.788946,0.565909
0.567281,-0.803598,0.180064
0.568836,-0.803233,0.176756
0.237195,-0.705477,0.667863
0.146568,-0.839687,-0.522918
0.0950483,-0.826095,-0.555458
0.0897985,-0.823093,-0.560762
0.200709,-0.784678,0.586514
0.183908,-0.784554,0.592161
0.311375,-0.814818,0.488998
0.332239,-0.828097,0.451524
0.626909,-0.656643,-0.41929
0.346235,-0.52526,-0.777318
0.353935,-0.845245,0.400366
0.338079,-0.83138,0.441034
0.347931,-0.841203,0.413912
0.125051,-0.76875,0.627206
0.533333,-0.819362,0.210257
0.334866,-0.626925,-0.703441
0.3353,-0.636032,-0.695008
0.402066,-0.778978,0.481186
0.384809,-0.775827,0.500016
0.403925,-0.811009,-0.423212
0.351337,-0.664096,-0.659953
0.344295,-0.655643,-0.672006
0.342259,-0.642302,-0.685789
0.371397,-0.675914,-0.636557
0.352547,-0.656381,-0.666989
0.352349,-0.686516,-0.636039
0.365673,-0.701361,-0.611863
0.334844,-0.650366,-0.681837
0.107108,-0.75975,0.641333
0.119099,-0.760947,0.63779
0.259093,-0.791141,0.554048
0.395396,-0.785421,0.476209
0.379751,-0.780514,0.496575
0.395159,-0.78506,0.477
0.230732,-0.751549,0.618011
0.394526,-0.862181,0.317793
0.105903,-0.755042,0.647068
0.287323,-0.808512,0.513574
0.279005,-0.809083,0.517244
0.315166,-0.824847,0.469363
0.368212,-0.890464,0.267386
0.413856,-0.811781,0.411995
0.237466,-0.786344,0.570329
0.19802,-0.774794,0.600404
0.479078,-0.876015,-0.0555322
0.496116,-0.866773,-0.0507612
0.41657,-0.815978,0.400817
0.425669,-0.811321,-0.400706
0.415313,-0.81964,-0.394596
0.591385,-0.608474,-0.529171
0.590856,-0.630697,-0.5031
0.197936,-0.861884,-0.46688
0.492204,-0.823962,0.280749
0.481757,-0.827456,0.288489
0.127714,-0.818529,-0.560089
0.100153,-0.81564,-0.569825
0.370821,-0.922375,0.108243
0.381796,-0.917456,0.111831
0.173436,-0.83334,-0.524847
0.404187,-0.754261,-0.51742
0.402131,-0.753773,-0.519727
0.40796,-0.762156,-0.50268
0.333605,-0.870301,0.362333
0.347313,-0.88364,0.313935
0.49591,-0.810895,0.310678
0.487901,-0.815399,0.31157
0.590539,-0.801354,-0.0953906
0.38305,-0.490273,-0.782881
0.374107,-0.487638,-0.788829
0.383159,-0.481526,-0.788239
0.623026,-0.755473,-0.20273
0.572102,-0.804706,0.158583
0.56481,-0.805806,0.177954
0.571004,-0.804425,0.163875
0.558358,-0.805049,0.200336
0.590246,-0.805495,0.0528141
0.47206,-0.553202,-0.686386
0.63351,-0.741298,-0.22168
0.261912,-0.828801,0.494462
0.237319,-0.820912,0.519408
0.602646,-0.794335,-0.0764805
0.368987,-0.83915,0.399597
0.356832,-0.860864,0.362746
0.62797,-0.681848,-0.375145
0.374731,-0.854816,0.358981
0.285795,-0.804491,0.52069
0.110531,-0.777829,0.618681
0.173737,-0.774096,0.608762
0.63871,-0.72664,-0.25307
0.483116,-0.559459,-0.673501
0.247648,-0.775903,0.580212
0.338859,-0.818055,0.464719
0.282339,-0.801349,0.527377
0.622967,-0.753419,-0.210407
0.0803959,-0.756496,0.649038
0.364369,-0.871132,0.32919
0.356902,-0.870992,0.337635
0.409582,-0.865959,0.286984
0.354978,-0.821107,0.446961
0.377153,-0.782321,0.495711
0.561529,-0.80104,0.207414
0.590594,-0.802999,0.0799401
0.590953,-0.802769,0.079605
0.595486,-0.802113,0.0448629
0.559621,-0.657807,-0.504098
0.586524,-0.701791,-0.404325
0.58824,-0.806584,0.058291
0.382678,-0.903552,-0.192748
0.389619,-0.908929,-0.148476
0.32902,-0.826664,0.456481
0.346341,-0.843701,0.410143
0.639276,-0.7689,0.0109082
0.615763,-0.785154,0.0661173
0.403453,-0.863946,0.301369
0.190641,-0.725461,0.661333
0.212938,-0.730421,0.648955
0.201442,-0.721897,0.662031
0.201642,-0.694974,0.690182
0.254815,-0.7984,0.545552
0.322504,-0.543842,-0.774743
0.434718,-0.788158,-0.435692
0.428273,-0.778616,-0.458627
0.437085,-0.786303,-0.436674
0.467997,-0.82225,0.323862
0.0695626,-0.770887,0.633163
0.0942094,-0.778655,0.62034
0.0854999,-0.777639,0.62287
0.252868,-0.792357,0.555184
0.26623,-0.799923,0.537816
0.226294,-0.782082,0.580636
0.378642,-0.778697,0.500259
0.336026,-0.773512,0.537371
0.260676,-0.793304,0.5502
0.542687,-0.804946,0.239905
0.450707,-0.493574,-0.743806
0.43703,-0.515126,-0.737325
0.442948,-0.505259,-0.740615
0.338998,-0.84796,0.407492
0.313724,-0.845219,0.432649
0.44707,-0.777754,0.441853
0.616751,-0.764697,-0.186696
0.177788,-0.72386,0.666647
0.0931192,-0.767504,0.634246
0.5347,-0.806176,-0.253333
0.537058,-0.812223,-0.227738
0.456669,-0.785661,-0.417361
0.437281,-0.798414,0.413909
0.358323,-0.861681,0.359319
0.657427,-0.724138,-0.208359
0.0442414,-0.748849,0.661263
0.0389296,-0.746318,0.66445
0.367439,-0.775024,0.514128
0.633542,-0.670026,-0.386896
0.631938,-0.677663,-0.376067
0.6322,-0.712651,-0.304059
0.633562,-0.720932,-0.28081
0.483903,-0.809248,-0.333101
0.494594,-0.808052,-0.320045
0.499414,-0.822655,-0.271707
0.336084,-0.840796,0.424397
0.349726,-0.855047,0.382869
0.0663346,-0.766266,0.63909
0.490236,-0.833008,0.25645
0.481728,-0.834688,0.266897
0.503495,-0.819085,0.274939
0.215844,-0.699055,0.681713
0.237672,-0.710196,0.662672
0.535436,-0.80427,0.257798
0.50881,-0.7975,0.324206
0.171876,-0.807452,0.564341
0.372677,-0.861523,0.344807
0.361507,-0.850194,0.382732
0.331154,-0.66187,-0.672507
0.324335,-0.647155,-0.689926
0.333488,-0.662055,-0.671169
0.0922781,-0.753445,0.651004
0.553572,-0.822422,0.131065
0.520206,-0.798795,-0.302181
0.520474,-0.819783,-0.238877
0.519792,-0.812919,-0.262639
0.400305,-0.811356,0.425983
0.433359,-0.812893,0.389115
0.458918,-0.797423,0.391802
0.440573,-0.796901,0.413336
0.449917,-0.805684,0.385292
0.413421,-0.820402,0.394998
0.424053,-0.840581,0.33705
0.359563,-0.871721,0.33289
0.359409,-0.870313,0.33672
0.555155,-0.803448,0.215119
0.4693,-0.787412,0.39968
0.502693,-0.796868,0.335119
0.360531,-0.867255,0.343345
0.221283,-0.893162,-0.39153
0.248297,-0.897981,-0.363289
0.429683,-0.874169,0.226278
0.416297,-0.873381,0.252788
0.221443,-0.75927,0.611942
0.349035,-0.840737,0.413929
0.296432,-0.806482,0.511582
0.622842,-0.762069,-0.176969
0.609799,-0.78207,-0.128498
0.62892,-0.68903,-0.360132
0.358407,-0.810314,0.463616
0.152636,-0.765728,0.624791
0.398395,-0.595726,-0.697418
0.426092,-0.828577,-0.363191
0.41322,-0.801493,-0.432271
0.401095,-0.750679,-0.524979
0.409046,-0.761369,-0.50299
0.302759,-0.743481,0.596298
0.285525,-0.736213,0.613568
0.546744,-0.814891,0.192419
0.489543,-0.822604,0.289271
0.278262,-0.889055,-0.363526
0.236499,-0.885433,-0.400095
0.602965,-0.796917,-0.036868
0.588945,-0.79193,-0.161227
0.266495,-0.8387,0.474936
0.620641,-0.774325,-0.123395
0.456752,-0.805672,0.377186
0.454592,-0.80222,0.387026
0.211128,-0.782439,0.585847
0.200737,-0.779573,0.593272
0.215095,-0.848288,0.483881
0.235984,-0.855046,0.461745
0.229018,-0.855839,0.463778
0.173617,-0.728014,0.663215
0.180156,-0.737083,0.651347
0.610091,-0.595775,-0.522333
0.222515,-0.700066,0.678524
0.259714,-0.714744,0.649378
0.350579,-0.668954,-0.655435
0.63388,-0.726858,-0.264336
0.401769,-0.865055,0.300436
0.359089,-0.841378,-0.403904
0.316143,-0.743909,0.588775
0.111602,-0.75481,0.646381
0.13221,-0.75805,0.638656
0.625163,-0.644323,-0.440474
0.615113,-0.622836,-0.483434
0.629288,-0.668796,-0.395861
0.504763,-0.459408,-0.730861
0.45817,-0.459238,-0.761039
0.471799,-0.448125,-0.759334
0.477644,-0.464019,-0.746017
0.183322,-0.704101,0.686028
0.186499,-0.701027,0.688317
0.440509,-0.770317,-0.461046
0.425898,-0.75709,-0.495405
0.383193,-0.713225,-0.586918
0.388435,-0.724857,-0.568947
0.371695,-0.702238,-0.60721
0.290767,-0.804697,0.517609
0.602435,-0.546592,-0.581642
0.611982,-0.584808,-0.532423
0.389569,-0.813932,0.430992
0.327091,-0.803044,0.498133
0.595937,-0.801691,0.0463893
0.156778,-0.768658,0.620151
0.414294,-0.787735,-0.455889
0.411333,-0.777959,-0.474958
0.663215,-0.741602,-0.100857
0.636283,-0.767506,-0.0779699
0.739289,-0.645054,-0.193282
0.103204,-0.778139,0.619556
0.168362,-0.789988,0.589554
0.251465,-0.861317,0.441474
0,0,0
0,0,0
0,0,0
0,0,0
0,0,0
0.0750969,-0.753503,0.653142
0.623164,-0.634325,-0.457489
0.279911,-0.798503,0.532959
0.469987,-0.79372,0.386168
0.447828,-0.791663,0.415599
0.417281,-0.78441,0.458891
0.0827724,-0.819203,-0.567499
0.419173,-0.792996,0.442099
0.0383254,-0.757556,0.651644
0.0340509,-0.755667,0.65407
0.327927,-0.57236,-0.751577
0.328298,-0.588912,-0.738514
0.327418,-0.589778,-0.738214
0.506087,-0.746483,-0.432018
0.497285,-0.728459,-0.471229
0.590124,-0.806612,-0.0336195
0.462927,-0.842029,0.276928
0.458164,-0.830476,0.316854
0.590609,-0.800547,0.101531
0.528231,-0.80453,0.271491
0.301794,-0.799237,0.519756
0.48293,-0.801164,0.353432
0.214225,-0.883618,-0.416326
0.436511,-0.805039,0.401709
0.455197,-0.80979,0.370185
0.189073,-0.817189,0.544476
0.391384,-0.784173,0.481552
0.601127,-0.798081,0.0413857
0.551432,-0.818669,0.160337
0.207099,-0.69515,0.688387
0.206608,-0.69589,0.687787
0.6258,-0.627389,-0.463418
0.605909,-0.585342,-0.538747
0.291636,-0.803965,0.518257
0.353584,-0.840482,0.410574
0.430906,-0.797905,0.421507
0.428215,-0.797595,0.424822
0.450524,-0.810505,0.374313
0.464445,-0.817639,0.340233
0.466601,-0.810828,0.353329
0.443828,-0.811931,0.379189
0.453113,-0.817516,0.355466
0,0,0
0.72625,-0.665689,-0.171521
0,0,0
0.339852,-0.512257,-0.788729
0.586492,-0.780715,-0.215669
0.602112,-0.796251,-0.0587134
0.599299,-0.792659,-0.111964
0.215009,-0.710821,0.669706
0.351766,-0.818868,0.45356
0.691614,-0.719136,-0.0671994
0.711156,-0.693014,-0.118272
0.592673,-0.805399,0.00873673
0.326725,-0.82185,0.466707
0.383595,-0.801693,-0.458415
0.59811,-0.800788,0.0317079
0.600812,-0.799155,0.0194423
0.562965,-0.812692,0.150355
0.311808,-0.869589,0.382875
0.318718,-0.868556,0.379513
0.429896,-0.863046,0.265223
0.0426615,-0.80051,-0.597799
0.109529,-0.832845,-0.542562
0.0485611,-0.761076,0.646842
0.430376,-0.797517,0.42278
0.403395,-0.750445,-0.52355
0.4178,-0.849425,0.322368
0.413739,-0.861838,0.293351
0.516691,-0.800426,0.303893
0.377141,-0.777644,0.503024
0.240625,-0.706771,0.665263
0.557297,-0.828657,0.0524478
0.562254,-0.821644,0.0936714
0.549539,-0.829923,0.0961058
0.355678,-0.841632,0.406387
0.436985,-0.8155,0.379483
0.42454,-0.813341,0.397802
0.361618,-0.858624,0.363315
0.36145,-0.865109,0.347765
0.553649,-0.802436,0.222645
0.501736,-0.80479,0.317137
0.502765,-0.824492,0.259698
0.448454,-0.814655,0.367736
0.510352,-0.859477,-0.0290217
0.551122,-0.806313,-0.21477
0.560728,-0.811145,-0.166219
0,0,0
0.00556496,-0.768801,0.639463
0,0,0
0.159087,-0.859765,-0.485279
0.190956,-0.878196,-0.438528
0.310879,-0.575784,-0.756192
0.536133,-0.804186,0.256606
0.492042,-0.803312,0.335536
0.114194,-0.762051,0.637368
0.474463,-0.81753,0.32639
0.486951,-0.816964,0.30895
0.0785775,-0.776683,0.624971
0.229594,-0.70272,0.673402
0.335008,-0.821963,0.460597
0.333802,-0.558713,-0.75922
0.649254,-0.718291,-0.250056
0.281204,-0.73059,0.622225
0.669821,-0.741219,-0.0440146
0.644111,-0.764435,0.0276104
0.325033,-0.580379,-0.746668
0.321767,-0.594043,-0.737278
0.364812,-0.690756,-0.624314
0.494508,-0.829676,0.259036
0.471634,-0.848825,-0.238869
0.473581,-0.818009,-0.32647
0.467063,-0.826214,-0.314999
0.359966,-0.87394,0.326578
0.336043,-0.845957,0.414045
0.495639,-0.750442,-0.43724
0.0231037,-0.751521,0.659304
0.0351395,-0.751228,0.659106
0.0255679,-0.750608,0.660253
0.370951,-0.830443,0.415648
0.36028,-0.826836,0.431909
0.427564,-0.535686,-0.728168
0.290979,-0.739302,0.60726
0.444956,-0.839557,0.311703
0.477807,-0.834811,0.27348
0.467887,-0.837598,0.281978
0.327791,-0.860364,0.390293
0.608018,-0.735691,-0.29845
0.614959,-0.730477,-0.297035
0.532333,-0.625932,-0.569939
0.458603,-0.441641,-0.771126
0.448215,-0.446049,-0.774689
0.449894,-0.432337,-0.781459
0.33903,-0.672825,-0.657544
0.340361,-0.676093,-0.653493
0.51433,-0.824145,0.237173
0.570929,-0.818088,0.0691078
0.572116,-0.819884,0.0218177
0.438883,-0.805356,0.398476
0.297809,-0.807237,0.509586
0.274119,-0.792874,0.544251
0.267876,-0.793017,0.547143
0.481648,-0.805261,0.345789
0.383442,-0.780985,0.492986
0.392762,-0.783028,0.482291
0.417417,-0.789696,0.449602
0.0644245,-0.754229,0.653443
0.320557,-0.758684,0.567136
0.33781,-0.901383,-0.270912
0.0516378,-0.751253,0.657991
0.267457,-0.799685,0.537561
0.321844,-0.60987,-0.724206
0.325531,-0.624333,-0.710096
0.34559,-0.835102,0.427989
0.441665,-0.779249,-0.444639
0.452354,-0.792456,-0.409132
0.629317,-0.675449,-0.384353
0.612029,-0.648222,-0.453021
0.616386,-0.631173,-0.470836
0.185211,-0.750666,0.63419
0.178379,-0.743887,0.64406
0.166267,-0.793682,0.585172
0.353423,-0.852699,0.384706
0.19895,-0.830165,0.520811
0.275747,-0.744132,0.608468
0.234362,-0.730468,0.641476
0.248283,-0.740233,0.624829
0.439802,-0.828356,0.346997
0.425485,-0.825474,0.370889
0.0422065,-0.75265,0.657066
0.337883,-0.568111,-0.75039
0.304542,-0.744762,0.593789
0.474108,-0.780605,-0.407281
0.617837,-0.784744,-0.0495427
0,0,0
0.18654,-0.831134,0.52385
0,0,0
0.246699,-0.789914,0.561407
0.600336,-0.600234,-0.528501
0.482593,-0.817739,0.31371
0.62857,-0.758286,-0.172924
0.63409,-0.714682,-0.29523
0.533686,-0.824075,0.189946
0.527193,-0.825639,0.20097
0.388353,-0.861546,0.326986
0.563888,-0.803046,0.192737
0.549146,-0.802415,0.233602
0.244247,-0.872604,-0.422974
0.430897,-0.770267,0.47013
0.601973,-0.785546,-0.143344
0.452492,-0.836514,-0.309026
0.465735,-0.874002,-0.138611
0.465989,-0.878808,-0.102733
0.312189,-0.748623,0.584894
0.277189,-0.729796,0.624952
0.293557,-0.738682,0.606774
0.400959,-0.780172,-0.48017
0.370931,-0.81178,-0.451024
0.233861,-0.90466,-0.35623
0.211353,-0.893878,-0.395364
0.104134,-0.756437,0.645725
0.176196,-0.712455,0.679237
0.375308,-0.47633,-0.795144
0.148853,-0.794458,0.588796
0.48085,-0.826136,-0.293742
0.495441,-0.796104,0.347505
0.434759,-0.844678,0.312257
0.286121,-0.801798,0.52465
0.512273,-0.827183,0.230965
0.450235,-0.757382,-0.472928
0.46248,-0.423496,-0.778949
0.343453,-0.837507,0.424998
0.0125015,-0.769077,0.639034
0.358557,-0.853491,0.378143
0.373979,-0.846624,0.378641
0.415109,-0.903685,-0.105057
0.392639,-0.914234,0.100049
0.349345,-0.687222,-0.636933
0.357335,-0.70081,-0.617395
0.576862,-0.816841,-0.00183735
0.185045,-0.727076,0.661149
0.397214,-0.740786,-0.541716
0.383188,-0.72494,-0.572389
0.374703,-0.803127,-0.463233
0.428736,-0.779304,0.457027
0.445701,-0.784776,0.430675
0.481134,-0.794014,0.371558
0.481207,-0.865167,-0.141165
0.546479,-0.805312,0.229862
0.553486,-0.806725,0.207001
0.253094,-0.81945,0.514244
0.104905,-0.754176,0.648239
0.351368,-0.767392,0.536331
0.60735,-0.778124,-0.16015
0.0892359,-0.756177,0.648255
0.464519,-0.805452,0.368063
0.46145,-0.80117,0.38104
0.448657,-0.804722,0.388753
0.390692,-0.760008,0.519376
0.424891,-0.882476,-0.201753
0.36377,-0.86534,0.344758
0.124713,-0.75679,0.641651
0.399151,-0.867904,0.295671
0.624202,-0.744449,-0.236997
0.48282,-0.83264,0.271284
0.535681,-0.809733,0.239554
0.482634,-0.787381,0.383536
0.514456,-0.798113,0.313614
0.47465,-0.786156,0.395815
0.422479,-0.906369,0.00276138
0.429046,-0.768584,-0.47455
0.428607,-0.764325,-0.481771
0.388945,-0.809776,0.439307
0.451128,-0.853511,0.260777
0.379676,-0.522877,-0.763181
0.622543,-0.777575,-0.0884139
0.636031,-0.762881,-0.116096
0.401483,-0.786251,0.469701
0.269779,-0.752283,0.601076
0.474149,-0.721062,-0.505226
0.579762,-0.803536,0.134931
0.00184811,-0.761726,0.647897
0.479432,-0.836198,0.266313
0.595248,-0.589388,-0.546169
0.406807,-0.771825,-0.488666
0.406379,-0.762443,-0.503524
0.409694,-0.770363,-0.48856
0.442201,-0.854913,-0.27126
0.627569,-0.733379,-0.261365
0.541438,-0.828889,0.140681
0.541265,-0.835327,0.0962528
0.548425,-0.834886,0.0468857
0.378697,-0.775611,0.504994
0.213933,-0.826939,-0.520005
0.171447,-0.822002,-0.543064
0.24546,-0.854775,0.457284
0.0186783,-0.750652,0.660433
0.0131584,-0.751544,0.659552
0.590807,-0.806047,-0.0351454
0.569749,-0.820445,0.0474961
0.0477787,-0.748645,0.661247
0.428989,-0.801305,0.416991
0.404961,-0.797548,0.447132
0.590628,-0.763878,-0.260097
0.415146,-0.881818,0.22372
0.48169,-0.817784,0.314972
0.496021,-0.806803,0.320984
0.470919,-0.799435,0.373012
0.551498,-0.832648,-0.0504982
0.573871,-0.803964,0.155928
0.0768812,-0.747988,0.659245
0.384349,-0.826152,0.412006
0.313443,-0.858479,0.405919
0.557735,-0.480724,-0.676636
0.329227,-0.636459,-0.697517
0.366118,-0.536653,-0.760237
0.587518,-0.802916,0.100745
0,0,0
0.357251,-0.819477,-0.44814
0.551942,-0.828637,-0.0934014
0.498962,-0.849646,-0.170703
0.451292,-0.506808,-0.734494
0.440233,-0.4924,-0.750824
0.416786,-0.792371,0.445467
0.584941,-0.802523,0.117478
0.589819,-0.802302,0.0917881
0.332948,-0.651525,-0.68166
0.503727,-0.617656,-0.603953
0.626828,-0.777194,0.055288
0.597145,-0.794261,0.112108
0.478226,-0.626664,-0.615298
0.262085,-0.714895,0.648257
0.477265,-0.607589,-0.634865
0.0742038,-0.763189,0.641901
0.535283,-0.819482,-0.204752
0.500312,-0.794715,0.343686
0.492062,-0.790481,0.364717
0.471442,-0.784906,0.402081
0.594951,-0.802486,0.0452758
0.516788,-0.510545,-0.687222
0.337605,-0.862588,0.376785
0.62878,-0.703353,-0.331557
0.491278,-0.79734,0.35057
0.472328,-0.796327,0.377853
0.204176,-0.757024,0.620667
0.392837,-0.524532,-0.755344
0.132686,-0.833589,-0.536212
0.569524,-0.808297,0.149342
0.32611,-0.598617,-0.731648
0.569161,-0.812534,0.125876
0.601459,-0.798777,0.0143697
0.600667,-0.798631,0.0373028
0.335944,-0.821206,-0.461261
0.39395,-0.858104,0.329333
0.436635,-0.816475,0.377789
0.376159,-0.811359,0.44744
0.0508796,-0.777594,0.626705
0.0378872,-0.773864,0.632218
0.0433254,-0.776669,0.628418
0.197633,-0.742938,0.63952
0.441402,-0.775788,-0.450907
0.48167,-0.80147,-0.354458
0.385829,-0.734675,-0.558021
0.377483,-0.724151,-0.577158
0.369506,-0.793908,0.482884
0.38154,-0.793833,0.473559
0.434717,-0.786972,0.437836
0.734097,-0.632352,-0.247447
0.13086,-0.785606,0.60473
0.381037,-0.539229,-0.751027
0.104498,-0.752458,0.650297
0.107595,-0.753184,0.648952
0.267957,-0.722509,0.637323
0.354705,-0.828602,0.433135
0.119443,-0.77841,0.616288
0.0976238,-0.777459,0.621311
0.491587,-0.801084,0.341484
0.685101,-0.7213,-0.101802
0.668854,-0.739066,-0.0801021
0.515109,-0.804624,0.295371
0.231838,-0.70632,0.668852
0.439706,-0.862973,0.24887
0.46694,-0.855852,0.222457
0.605407,-0.788919,-0.105307
0.604664,-0.787291,-0.120642
0.601361,-0.770809,-0.210285
0.602026,-0.779036,-0.175126
0.47867,-0.733148,-0.483084
0.540438,-0.564508,-0.623904
0.569144,-0.576539,-0.586238
0.364989,-0.885708,0.286887
0.366828,-0.888872,0.274489
0.171351,-0.766011,0.619571
0.468026,-0.837467,0.282135
0.0337347,-0.801016,-0.597692
0.59733,-0.550295,-0.583414
0.46077,-0.780108,0.423233
0.235231,-0.77285,0.58938
0.27082,-0.791254,0.548248
0.136511,-0.824937,-0.548492
0.069103,-0.756392,0.650458
0.309113,-0.881858,-0.356057
0.323142,-0.857065,-0.401272
0.272068,-0.717384,0.64136
0.35692,-0.640706,-0.679782
0.357459,-0.626414,-0.692696
0.153901,-0.787326,0.59702
0.626005,-0.745049,-0.23026
0.411006,-0.75444,-0.511757
0.413868,-0.753522,-0.510801
0.0642027,-0.810422,-0.582318
0.121888,-0.838317,-0.531383
0.346422,-0.641424,-0.68452
0.360159,-0.653691,-0.665562
0,0,0
0,0,0
0.344303,-0.834745,0.429718
0.500793,-0.821987,0.271195
0.367675,-0.760623,0.535045
0.214541,-0.719349,0.660689
0.344836,-0.538202,-0.769042
0.301784,-0.850755,-0.430282
0.456147,-0.839956,0.293946
0.127415,-0.783785,0.607821
0.136204,-0.788907,0.599228
0.407878,-0.74011,-0.534671
0.171486,-0.795144,0.58167
0.411425,-0.47585,-0.777364
0.213216,-0.777828,0.591205
0.180328,-0.768528,0.613879
0.220402,-0.807731,0.546804
0.195474,-0.804045,0.561518
0.280037,-0.799106,0.531989
0.360628,-0.700471,-0.615863
0.123268,-0.787698,0.603604
0.365299,-0.888113,0.278948
0.581522,-0.802884,0.13119
0.571078,-0.805552,0.157977
0.476887,-0.876835,0.0611628
0.32935,-0.816635,0.47396
0.398479,-0.727132,-0.559011
0.101776,-0.827614,-0.551993
0.0698402,-0.805714,-0.588172
0.127243,-0.842979,-0.522681
0.35711,-0.793812,0.492276
0.0649339,-0.805132,-0.58953
0.111843,-0.811569,-0.573452
0.540167,-0.82033,0.187834
0.0863616,-0.75216,0.653298
0.139135,-0.780056,0.610046
0.379202,-0.838371,-0.391588
0.344565,-0.851825,-0.394551
0.575164,-0.805018,0.145369
0.52961,-0.803406,0.272128
0.583321,-0.804152,0.114353
0.58974,-0.803827,0.0779097
0.175781,-0.779318,0.601471
0.523055,-0.781863,-0.33927
0.458819,-0.80385,-0.378562
0.462851,-0.81159,-0.356498
0.547709,-0.821585,0.158163
0.563429,-0.819608,0.103888
0.389123,-0.739516,-0.549271
0.158349,-0.763397,0.62622
0.594182,-0.803539,0.0356977
0.515792,-0.805257,0.292433
0.212429,-0.782429,0.585388
0.468355,-0.857375,0.213426
0.593545,-0.542155,-0.594776
0.27657,-0.725041,0.630735
0.318219,-0.739834,0.592777
0.528618,-0.800832,0.281485
0.362661,-0.50625,-0.782424
0.368106,-0.497215,-0.785668
0.295209,-0.941078,-0.164996
0.106717,-0.764501,0.635728
0.483063,-0.712817,-0.508471
0.277485,-0.826257,-0.490205
0.202587,-0.708939,0.675548
0.200188,-0.704258,0.681135
0.438837,-0.846164,0.30237
0.552641,-0.670466,-0.495038
0.416179,-0.790989,0.448478
0.547305,-0.825713,0.136578
0.315515,-0.816648,0.483259
0.367692,-0.891047,0.266154
0.410126,-0.82294,0.393155
0.571561,-0.810776,0.126338
0.429264,-0.81924,0.380245
0.530922,-0.813298,0.238047
0.409888,-0.888867,-0.204715
0.331405,-0.600601,-0.727633
0.058913,-0.754047,0.654173
0.0684346,-0.753647,0.653707
0.444654,-0.772863,0.452736
0.110147,-0.764432,0.635226
0.353168,-0.848558,0.393984
0.352098,-0.848274,0.395549
0.484022,-0.813934,0.321302
0.28979,-0.816658,0.499092
0.432261,-0.801619,0.412986
0.439596,-0.801722,0.404965
0.261212,-0.879214,-0.398437
0.457718,-0.807322,0.372457
0.436703,-0.808844,0.393779
0.198448,-0.758067,0.62125
0.291673,-0.817133,0.497214
0.283015,-0.820848,0.496097
0.481387,-0.591468,-0.646863
0.367558,-0.799165,-0.475644
0.374599,-0.796762,-0.474179
0.403911,-0.847535,-0.344298
0.623442,-0.68664,-0.37396
0.508565,-0.822218,0.255594
0.608204,-0.569093,-0.553372
0.602283,-0.542534,-0.585586
0.581208,-0.50759,-0.636041
0.211746,-0.79017,0.57515
0.362232,-0.519209,-0.774086
0.629739,-0.673559,-0.386973
0.632419,-0.658362,-0.408174
0.190373,-0.755726,0.626607
0.601536,-0.793826,0.0894168
0.0986557,-0.764037,0.637586
0.0746349,-0.760924,0.644535
0.483129,-0.435637,-0.759477
0.410225,-0.742725,-0.529221
0.439144,-0.687599,-0.578237
0.428713,-0.68868,-0.584743
0.505992,-0.433399,-0.745745
0.498031,-0.424081,-0.756385
0.0301676,-0.76686,0.641106
0,0,0
0.0399251,-0.769515,0.637379
0.0313672,-0.770779,0.63633
0.559271,-0.806586,0.191406
0.627933,-0.706569,-0.326283
0.631015,-0.689236,-0.356051
0.617992,-0.631459,-0.468338
0.205672,-0.70344,0.680346
0.196649,-0.70013,0.686402
0.537938,-0.548509,-0.640125
0.362363,-0.853024,0.375559
0.702678,-0.674208,-0.227344
0.0790954,-0.81838,-0.569209
0.461146,-0.83655,0.295854
0.471444,-0.833688,0.287588
0.452257,-0.560647,-0.693641
0.562212,-0.80884,0.172328
0.52226,-0.807782,0.273379
0.329987,-0.809619,0.485414
0.0972264,-0.756914,0.646242
0.664044,-0.745917,-0.0515231
0.445105,-0.796157,0.409895
0.117487,-0.759683,0.639592
0.406689,-0.760571,-0.506099
0.445714,-0.814099,0.372269
0.426439,-0.813451,0.395536
0.465294,-0.815305,0.344646
0.381828,-0.731898,-0.564386
0.683113,-0.673379,-0.282695
0,0,0
0,0,0
0.307758,-0.729933,0.610315
0.43035,-0.777798,0.458074
0.314353,-0.867534,0.385445
0.501765,-0.855084,-0.130634
0.507418,-0.851161,-0.134363
0.444798,-0.819841,-0.360578
0.194719,-0.74911,0.633182
0.58829,-0.808486,-0.0164339
0.58717,-0.808668,0.0359617
0.280923,-0.864454,0.416896
0.505305,-0.828805,0.240311
0.401608,-0.469171,-0.786504
0.429974,-0.775992,0.46148
0.0394818,-0.742201,0.669013
0.463238,-0.835931,-0.294334
0.363012,-0.692543,-0.623383
0.503152,-0.798238,-0.331142
0.480151,-0.79088,-0.379426
0.406384,-0.817521,-0.408058
0.237345,-0.779444,0.579771
0.412522,-0.850217,0.327041
0.0489791,-0.756079,0.652645
0.0590887,-0.759247,0.648116
0.42918,-0.795815,0.427181
0.435016,-0.795666,0.421518
0.518149,-0.556589,-0.649406
0.397077,-0.864786,-0.307369
0.369654,-0.715088,-0.5933
0.485046,-0.795384,0.363457
0.448948,-0.788838,0.419744
0.511482,-0.815162,0.271839
0.62575,-0.677054,-0.387342
0.400056,-0.671883,-0.623321
0.527732,-0.477046,-0.702796
0.515791,-0.484004,-0.706893
0.529041,-0.834698,0.152972
0.528432,-0.842389,0.105566
0.430246,-0.87168,-0.234656
0.557197,-0.47013,-0.684476
0.603719,-0.793712,-0.0744787
0.362568,-0.787536,0.498329
0.56662,-0.490508,-0.662074
0.604613,-0.566991,-0.559419
0.285682,-0.857034,0.428812
0.282546,-0.848322,0.447794
0.0640523,-0.780356,0.622047
0.629176,-0.711923,-0.311934
0.631882,-0.706628,-0.318438
0.531736,-0.448348,-0.718498
0.235653,-0.829043,-0.507106
0.219098,-0.757953,0.614412
0.577957,-0.803577,0.142235
0.452706,-0.519833,-0.724451
0.438939,-0.807857,0.393322
0.465612,-0.537763,-0.702862
0.338903,-0.649498,-0.680659
0.0406638,-0.742809,0.668267
0.479719,-0.833963,0.27272
0.00158638,-0.764509,0.644611
0.00176157,-0.766479,0.642268
0.623167,-0.642717,-0.445619
0.555607,-0.831445,-0.00186276
0,0,0
0,0,0
0.714156,-0.6525,-0.253421
0.711593,-0.644751,-0.279163
0.704005,-0.657193,-0.26921
0.351355,-0.566975,-0.745043
0.052324,-0.75554,0.65301
0,0,0
0.360543,-0.609119,-0.706387
0.566664,-0.822166,0.0542053
0.0304626,-0.764611,0.643772
0.345309,-0.841139,0.416235
0.39439,-0.834392,0.385037
0.0630758,-0.7459,0.663065
0.616086,-0.601803,-0.508203
0.288928,-0.743269,0.603387
0.339099,-0.845575,0.412332
0.375411,-0.466896,-0.800671
0.318426,-0.830229,0.457523
0,0,0
0,0,0
0.18868,-0.831538,-0.522441
0.0690908,-0.753092,0.654278
0.374876,-0.899885,0.22288
0.337634,-0.882634,0.327048
0.266423,-0.921306,-0.283219
0.356413,-0.751244,0.555521
0.360506,-0.868473,0.34028
0,0,0
0.561867,-0.707252,-0.429068
0.0435263,-0.804252,-0.592693
0,0,0
0.308658,-0.747678,0.587969
0.315152,-0.600775,-0.734675
0.0830825,-0.759694,0.644951
0.368947,-0.506361,-0.779407
0.619757,-0.688407,-0.376824
0.126243,-0.756405,0.641805
0.135099,-0.783646,0.60634
0.0334218,-0.774561,0.631616
0.736285,-0.63319,-0.238651
0.424743,-0.82114,-0.381212
0.381238,-0.868133,0.317813
0.41867,-0.444219,-0.792076
0.589272,-0.530358,-0.60949
0.3061,-0.74756,0.589454
0.418103,-0.617577,-0.666174
0.726647,-0.668733,-0.157398
0.724876,-0.657335,-0.206071
0.367936,-0.714998,-0.594475
0.392166,-0.474958,-0.787794
0.0329355,-0.754034,0.656009
0.38421,-0.457088,-0.802155
0.453932,-0.811115,0.368838
0.23368,-0.789879,0.566998
0.288096,-0.72606,0.624371
0,0,0
0.148687,-0.801281,0.579518
0.351743,-0.834694,0.423748
0.153557,-0.79479,0.587137
0.62612,-0.778803,-0.0379392
0.359991,-0.702261,-0.614195
0.464082,-0.58147,-0.668222
0.371248,-0.664845,-0.648195
0.36966,-0.654397,-0.659633
0.718363,-0.683562,-0.129225
0.360423,-0.772435,0.522913
0.607873,-0.703011,-0.369143
0.504418,-0.863439,0.00614394
0.314482,-0.730619,0.606053
0.400237,-0.8503,0.341761
0.408845,-0.840894,0.354603
0.250924,-0.798766,0.54682
0.394822,-0.784089,0.478872
0.191588,-0.836827,0.512849
0.358413,-0.932169,0.0510026
0.204366,-0.748154,0.631268
0.0352499,-0.801263,-0.597273
0.190692,-0.699692,0.688525
0.395144,-0.45572,-0.797609
0.400406,-0.462732,-0.790919
0.462677,-0.598579,-0.653936
0.260913,-0.807815,0.528546
0.315016,-0.621174,-0.71757
0.623734,-0.628345,-0.464908
0,0,0
0,0,0
0,0,0
0,0,0
0.35014,-0.895311,-0.275355
0.461406,-0.70636,-0.536805
0.27766,-0.864972,0.418007
0.163021,-0.852176,-0.497213
0.567115,-0.803352,0.181683
0,0,0
0,0,0
0.02984,-0.799098,-0.60046
0,0,0
0,0,0
0.327011,-0.82218,0.465922
0.283645,-0.840877,0.460948
0,0,0
0.624546,-0.739508,-0.251139
0.25118,-0.861517,0.441246
0.737631,-0.641617,-0.210305
0,0,0
0,0,0
0.245972,-0.70845,0.661511
0,0,0
0,0,0
0.409993,-0.440394,-0.798723
0.387621,-0.896004,0.216626
0.213145,-0.773004,0.597523
0,0,0
0,0,0
0,0,0
0,0,0
0.229009,-0.75796,0.610779
0,0,0
0,0,0
0,0,0
0,0,0
0.215751,-0.824646,-0.522887
0,0,0
0,0,0
0,0,0
0,0,0
0,0,0
0.254667,-0.84224,0.47516
0.543335,-0.458207,-0.703443
0,0,0
0,0,0
0,0,0
0,0,0
0.448484,-0.70316,-0.55175
0,0,0
0,0,0
0,0,0
0,0,0
0,0,0
0,0,0
0,0,0
0,0,0
0.0374594,-0.791684,-0.609781
0,0,0
0,0,0
0,0,0
0,0,0
0,0,0
0,0,0
0,0,0
0,0,0
0,0,0
0.196522,-0.767988,0.609569
0,0,0
0,0,0
0,0,0
0.417454,-0.440009,-0.795062
0,0,0
0,0,0
0,0,0
0,0,0
0,0,0
0,0,0
0,0,0
0,0,0
0,0,0
0,0,0
0,0,0
0,0,0
0,0,0
0,0,0
0,0,0
0,0,0
0,0,0
0,0,0
0,0,0
0,0,0
0,0,0
0,0,0
0,0,0
0,0,0
0,0,0
0,0,0
0,0,0
0,0,0
0,0,0
0,0,0
0,0,0
0,0,0
0,0,0
0,0,0
0,0,0
0,0,0
0,0,0
0,0,0
0,0,0
0,0,0
0,0,0
0,0,0
0,0,0
0,0,0
0,0,0
0,0,0
0,0,0
0,0,0
0,0,0
0,0,0
0,0,0
0,0,0
0,0,0
0,0,0
0,0,0
0,0,0
0,0,0
0,0,0
0,0,0
0,0,0
0,0,0
0,0,0
0,0,0
0,0,0
0,0,0
0,0,0
0,0,0
0,0,0
0,0,0
0,0,0
0,0,0
0,0,0
0,0,0
0,0,0
0,0,0
0,0,0
0,0,0
0,0,0
0,0,0
0,0,0
0,0,0
0,0,0
0,0,0
0,0,0
0,0,0
0,0,0
0,0,0
0,0,0
0,0,0
0,0,0
0,0,0
0,0,0
0,0,0
0,0,0
0,0,0
0,0,0
0,0,0
0,0,0
0,0,0
0,0,0
0,0,0
0,0,0
0,0,0
0,0,0
0,0,0
0,0,0
0,0,0
0,0,0
0,0,0
0,0,0
0,0,0
0,0,0
0,0,0
0,0,0
0,0,0
0,0,0
0,0,0
0,0,0
0,0,0
0,0,0
0,0,0
0,0,0
0,0,0
0,0,0
0,0,0
0,0,0
0,0,0
0,0,0
0,0,0
0,0,0
0,0,0
0,0,0
0,0,0
0,0,0
0,0,0
0,0,0
0,0,0
0,0,0
0,0,0
0,0,0
0,0,0
0,0,0
0,0,0
0,0,0
0,0,0
0,0,0
0,0,0
0,0,0
0,0,0
0,0,0
0,0,0
0,0,0
0,0,0
0,0,0
0,0,0
0,0,0
0,0,0
0,0,0
0,0,0
0,0,0
0,0,0
0,0,0
0,0,0
0,0,0
0,0,0
0,0,0
0,0,0
0,0,0
0,0,0
0,0,0
0,0,0
0,0,0
0,0,0
0,0,0
0,0,0
0,0,0
0,0,0
0,0,0
0,0,0
0,0,0
0,0,0
0,0,0
0,0,0
0,0,0
0,0,0
0,0,0
0,0,0
0,0,0
0,0,0
0,0,0
0,0,0
0,0,0
0,0,0
0,0,0
0,0,0
0,0,0
0,0,0
0,0,0
0,0,0
0,0,0
0,0,0
0,0,0
0,0,0
0,0,0
0,0,0
0,0,0
0,0,0
0,0,0
0,0,0
0,0,0
0,0,0
0,0,0
0,0,0
0,0,0
0,0,0
0,0,0
0,0,0
0,0,0
0,0,0
0,0,0
0,0,0
0,0,0
0,0,0
0,0,0
0,0,0
0,0,0
0,0,0
0,0,0
0,0,0
0,0,0
0,0,0
0,0,0
0,0,0
0,0,0
0,0,0
0,0,0
0,0,0
0,0,0
0,0,0
0,0,0
0,0,0
0,0,0
0,0,0
0,0,0
0,0,0
0,0,0
0,0,0
0,0,0
0,0,0
0,0,0
0,0,0
0,0,0
0,0,0
0,0,0
0,0,0
0,0,0
0,0,0
0,0,0
0,0,0
0,0,0
0,0,0
0,0,0
0,0,0
0,0,0
0,0,0
0,0,0
0,0,0
0,0,0
0,0,0
0,0,0
0,0,0
0,0,0
0,0,0
