-0.522172,0.852803,0.00793436
-0.521185,0.853298,0.0157686
-0.518008,0.85514,0.0200859
-0.324599,0.516185,0.792584
-0.313431,0.506213,0.803436
-0.31693,0.512778,0.797881
-0.41625,0.697671,0.583088
-0.403109,0.668527,0.62496
-0.40956,0.6945,0.591549
-0.505667,0.72795,0.463021
-0.508134,0.735144,0.448735
-0.522612,0.749101,0.407092
-0.419915,0.554477,0.718491
-0.401998,0.547845,0.733666
-0.40359,0.54837,0.732398
-0.556944,0.80181,0.216595
-0.55724,0.799014,0.225967
-0.557242,0.799232,0.225188
-0.44835,0.641092,0.622883
-0.470517,0.679153,0.563352
-0.44572,0.634911,0.631049
-0.524719,0.783864,0.332005
-0.529329,0.792809,0.302101
-0.529107,0.773519,0.348877
-0.557466,0.796556,0.233948
-0.557191,0.79767,0.230783
-0.434908,0.69593,0.571435
-0.436064,0.685205,0.58339
-0.446999,0.689553,0.569832
-0.513725,0.692139,0.506983
-0.514278,0.70637,0.486375
-0.514338,0.696069,0.500945
-0.446176,0.73668,0.508163
-0.462325,0.760802,0.455451
-0.441095,0.723008,0.53169
-0.294529,0.485033,0.823405
-0.297665,0.485478,0.822014
-0.287376,0.476656,0.830792
-0.59202,0.784904,0.182862
-0.582426,0.787053,0.203291
-0.581829,0.785647,0.210318
-0.346324,0.565767,0.74831
-0.363229,0.603558,0.709777
-0.362265,0.592586,0.719449
-0.625844,0.778435,0.0485724
-0.624377,0.780379,0.0340828
-0.6223,0.782321,0.0267883
-0.556575,0.784819,0.27255
-0.552158,0.778581,0.298217
-0.552978,0.78152,0.288864
-0.40989,0.590501,0.695197
-0.40396,0.592472,0.696989
-0.417484,0.613584,0.67024
0,0,0
0,0,0
-0.353214,0.55853,0.750523
-0.489986,0.689814,0.532987
-0.485464,0.686843,0.540902
-0.459653,0.656849,0.597721
-0.41634,0.744596,0.521765
-0.411269,0.751077,0.516469
-0.389504,0.74496,0.541592
-0.472276,0.802339,0.364977
-0.478775,0.803699,0.353334
-0.466457,0.797564,0.382506
-0.478628,0.63328,0.608171
-0.494481,0.65854,0.567288
-0.478825,0.629678,0.611748
-0.551347,0.806221,0.214533
-0.555024,0.802685,0.21828
-0.555392,0.803682,0.213623
-0.507894,0.670213,0.541165
-0.514581,0.684238,0.516746
-0.518519,0.69532,0.49767
-0.540949,0.795429,0.273253
-0.539652,0.792279,0.28473
-0.542992,0.798112,0.261107
-0.468409,0.676089,0.568768
-0.487982,0.697536,0.524706
-0.484774,0.695655,0.530149
-0.545255,0.798973,0.253651
-0.538254,0.786524,0.302761
-0.448704,0.775214,0.444643
-0.458844,0.762487,0.456154
-0.464087,0.776907,0.425487
-0.53917,0.738393,0.405058
-0.517509,0.724731,0.454917
-0.528119,0.737235,0.421396
-0.587066,0.70685,0.394611
-0.594426,0.706775,0.383573
-0.577927,0.687781,0.43927
-0.385455,0.750524,0.536785
-0.404148,0.756132,0.514713
-0.402995,0.762514,0.506131
-0.442301,0.570614,0.691935
-0.458426,0.590356,0.664325
-0.458024,0.59558,0.659925
-0.525649,0.756608,0.388895
-0.53017,0.7527,0.390338
-0.525835,0.738687,0.421711
-0.499899,0.803483,0.323286
-0.509223,0.804588,0.305499
-0.483556,0.804368,0.345205
-0.442284,0.615577,0.652265
-0.422181,0.589042,0.689052
-0.609291,0.785319,0.10972
-0.595189,0.789965,0.147329
-0.606524,0.791394,0.0763202
-0.351234,0.514782,0.782072
-0.378569,0.539747,0.751904
-0.38195,0.542876,0.747931
-0.52415,0.71231,0.466778
-0.521076,0.721244,0.456386
-0.527444,0.732506,0.430394
-0.600222,0.740934,0.301249
-0.606253,0.740605,0.289761
-0.599816,0.724375,0.339857
-0.526732,0.733164,0.430147
-0.531654,0.741405,0.409467
-0.54498,0.756112,0.362342
-0.47595,0.759739,0.443022
-0.475153,0.77373,0.419013
-0.490512,0.783982,0.380487
-0.339235,0.552615,0.761273
-0.334842,0.547015,0.767239
-0.337956,0.552595,0.761856
-0.537804,0.817871,0.20458
-0.532784,0.81448,0.229706
-0.53423,0.822608,0.194718
-0.506682,0.709937,0.489145
-0.522301,0.723956,0.450655
-0.527154,0.7221,0.447973
-0.521379,0.786416,0.331228
-0.514618,0.761348,0.394358
-0.556305,0.742217,0.373683
-0.569982,0.741156,0.354694
-0.550163,0.731695,0.402421
-0.517137,0.696532,0.497407
-0.516079,0.706239,0.484655
-0.552333,0.778546,0.297984
-0.554479,0.784598,0.277417
-0.552366,0.780876,0.291761
-0.368493,0.594323,0.714838
-0.374914,0.610607,0.697566
-0.378854,0.615988,0.690672
-0.478656,0.68982,0.543175
-0.452724,0.673752,0.584039
-0.457671,0.667693,0.587134
-0.554831,0.792537,0.253077
-0.555369,0.79379,0.247916
-0.554611,0.793768,0.249679
-0.526714,0.84103,0.123463
-0.52353,0.846277,0.098654
-0.526815,0.83376,0.165268
-0.546748,0.71041,0.443155
-0.553759,0.731376,0.398048
-0.56259,0.740837,0.366954
-0.607598,0.789738,0.0844965
-0.613977,0.787361,0.0556329
-0.605973,0.791291,0.0815744
-0.555162,0.788659,0.26422
-0.555427,0.791807,0.254054
-0.554813,0.790556,0.259236
-0.497776,0.667071,0.554291
-0.478999,0.644861,0.59558
-0.484033,0.644684,0.59169
-0.53487,0.718763,0.444178
-0.512412,0.707969,0.486018
-0.509178,0.656997,0.555963
-0.514423,0.667067,0.53888
-0.508559,0.658781,0.554415
-0.555463,0.776895,0.296471
-0.55021,0.767962,0.327878
-0.554212,0.772568,0.309819
-0.572952,0.76711,0.288565
-0.593861,0.777131,0.208322
-0.588203,0.772741,0.238514
-0.387866,0.600789,0.699009
-0.381365,0.601826,0.701688
-0.390561,0.622786,0.677939
-0.375847,0.580961,0.72196
-0.364086,0.55866,0.745214
-0.378064,0.565073,0.733323
-0.5537,0.789516,0.264726
-0.553603,0.793067,0.254101
-0.55467,0.790257,0.260451
-0.542051,0.84027,0.0113031
-0.549606,0.835139,0.0218257
-0.540732,0.841142,0.0094003
-0.499418,0.828796,0.252345
-0.505197,0.834886,0.218498
-0.498719,0.816185,0.291756
-0.472131,0.852405,0.224715
-0.454602,0.845127,0.281247
-0.463148,0.853642,0.238302
-0.439867,0.827291,0.34944
-0.419472,0.79476,0.438639
-0.431315,0.814576,0.38786
-0.168017,0.430629,0.886753
-0.167979,0.428839,0.887628
-0.15056,0.425629,0.892285
-0.585159,0.777735,0.229596
-0.579905,0.776514,0.246443
-0.592529,0.766883,0.246579
-0.307526,0.505567,0.806121
-0.294212,0.491251,0.819824
-0.30906,0.527459,0.791372
-0.403401,0.570913,0.71507
-0.39861,0.554419,0.730568
-0.418742,0.7523,0.508627
-0.420807,0.764582,0.488199
-0.42361,0.75415,0.501811
-0.293109,0.468812,0.833249
-0.275777,0.457685,0.845266
-0.285172,0.465496,0.83785
0,0,0
0,0,0
-0.428206,0.734563,0.526364
-0.374395,0.596937,0.709575
-0.380236,0.605525,0.699114
-0.381348,0.619334,0.686295
-0.521529,0.738615,0.427147
-0.514056,0.715974,0.472364
-0.521652,0.730172,0.441279
-0.470047,0.671226,0.573159
-0.450062,0.642265,0.620436
-0.465662,0.673378,0.574213
-0.511999,0.672838,0.533993
-0.454095,0.783956,0.423334
-0.466659,0.792016,0.393626
-0.45007,0.774994,0.443647
-0.466344,0.681121,0.564444
-0.475215,0.682017,0.555899
-0.477287,0.683006,0.552902
-0.543796,0.819033,0.182948
-0.532535,0.818469,0.21567
-0.53381,0.819171,0.209772
-0.530238,0.628717,0.568826
-0.489992,0.600124,0.632265
-0.531945,0.628567,0.567396
-0.611617,0.770475,0.179704
-0.593721,0.767198,0.242698
-0.596478,0.770345,0.225352
-0.439673,0.608586,0.660539
-0.416293,0.57253,0.706335
-0.418491,0.575007,0.703016
-0.393134,0.548391,0.738047
-0.399795,0.551846,0.731868
-0.385039,0.529715,0.755743
-0.507405,0.669242,0.542822
-0.509081,0.673729,0.535655
-0.513187,0.664899,0.542723
-0.415639,0.60613,0.678123
-0.399345,0.586889,0.704333
-0.415231,0.608825,0.675955
-0.511714,0.66049,0.549457
-0.517107,0.6641,0.539974
-0.549567,0.805588,0.221371
-0.548522,0.804932,0.226292
-0.558413,0.789934,0.253337
-0.559849,0.790325,0.248908
-0.365224,0.537488,0.760079
-0.371488,0.543462,0.75276
-0.360741,0.542304,0.758798
-0.478292,0.69586,0.535739
-0.497319,0.711141,0.496944
-0.487578,0.697907,0.524589
-0.441814,0.669676,0.596938
-0.447044,0.675419,0.586482
-0.437664,0.671721,0.597697
-0.321733,0.493629,0.807973
-0.331452,0.494897,0.803255
-0.386747,0.624518,0.678532
-0.396293,0.639077,0.659193
-0.392786,0.640503,0.659906
-0.520025,0.743343,0.420732
-0.52262,0.76146,0.383468
-0.517574,0.761661,0.389859
-0.472099,0.670518,0.572305
-0.472616,0.664552,0.578797
-0.495363,0.699444,0.515168
-0.365541,0.539809,0.758279
-0.368717,0.538767,0.757482
-0.36681,0.535439,0.76076
-0.507368,0.688426,0.518313
-0.507729,0.694129,0.510291
-0.50554,0.705255,0.497036
-0.54836,0.835959,0.0217518
-0.553376,0.83097,0.05713
-0.546516,0.836617,0.0373188
-0.438664,0.794819,0.419331
-0.459242,0.801047,0.383956
-0.453527,0.796401,0.400076
-0.513906,0.684812,0.516657
-0.512013,0.675645,0.530423
-0.572968,0.73591,0.360755
-0.586582,0.748879,0.308387
-0.556113,0.786237,0.269388
-0.581037,0.748925,0.318605
-0.586171,0.771727,0.246662
-0.590716,0.753325,0.289062
-0.530104,0.831789,0.164673
-0.523339,0.843702,0.119517
-0.52957,0.832903,0.160718
-0.534149,0.845364,0.00672007
-0.410052,0.764257,0.497767
-0.414215,0.752952,0.511362
-0.407927,0.764721,0.498799
-0.499569,0.705649,0.502483
-0.486817,0.686157,0.540552
-0.476596,0.681965,0.554779
-0.567441,0.788105,0.238538
-0.575158,0.786492,0.224998
-0.56903,0.785834,0.24222
-0.550185,0.772741,0.316492
-0.551031,0.77354,0.313051
-0.537447,0.762795,0.359576
-0.523771,0.805605,0.276891
-0.520264,0.772913,0.363226
-0.521227,0.774295,0.358878
-0.389555,0.56191,0.72973
-0.399676,0.584997,0.705718
-0.413782,0.586467,0.696306
-0.442614,0.598691,0.667581
-0.447818,0.621579,0.642728
-0.421955,0.582315,0.694886
-0.192212,0.436055,0.879154
-0.190956,0.438046,0.878438
-0.492708,0.639592,0.590053
-0.497891,0.645977,0.578635
-0.495812,0.646446,0.579896
-0.432018,0.635537,0.639884
-0.454844,0.659032,0.598994
-0.450594,0.655844,0.605668
-0.431434,0.798548,0.419749
-0.427073,0.802673,0.416327
-0.445984,0.80371,0.393891
-0.563235,0.762258,0.318951
-0.57573,0.757452,0.307899
-0.552203,0.778149,0.299259
-0.380852,0.553816,0.740434
-0.366656,0.550879,0.749733
-0.463435,0.823522,0.32717
-0.461554,0.825518,0.324791
-0.477245,0.843278,0.247227
-0.491187,0.631072,0.600404
-0.503018,0.641414,0.579277
-0.470947,0.609905,0.637359
-0.250192,0.383284,0.889099
-0.255603,0.415739,0.872828
-0.263939,0.398238,0.878489
-0.490005,0.69962,0.520024
-0.465026,0.674664,0.573218
-0.483128,0.697037,0.529837
-0.502238,0.839863,0.205882
-0.506385,0.849558,0.14773
-0.504823,0.844572,0.178469
-0.266702,0.418523,0.868164
-0.481478,0.686326,0.545105
-0.506235,0.710767,0.488403
-0.51015,0.714725,0.478453
-0.290108,0.458314,0.840111
-0.289011,0.44164,0.849368
-0.277755,0.437759,0.855114
-0.561549,0.781827,0.270942
-0.570842,0.784381,0.242664
-0.555715,0.773144,0.305662
-0.528295,0.736875,0.421805
-0.541076,0.761296,0.357304
-0.537064,0.748045,0.38986
-0.495686,0.701838,0.511589
-0.488502,0.702809,0.517136
-0.469305,0.652962,0.594471
-0.555349,0.779029,0.291034
-0.570412,0.785155,0.241166
-0.569474,0.783919,0.247325
-0.243727,0.405479,0.881014
-0.236151,0.380535,0.894107
-0.228929,0.368731,0.900905
-0.508415,0.688109,0.517708
-0.507934,0.679134,0.529887
-0.345241,0.556457,0.755754
-0.347071,0.560626,0.751825
-0.355253,0.570644,0.740379
-0.386083,0.745632,0.543114
-0.357058,0.738244,0.572281
-0.348946,0.738868,0.576465
-0.556376,0.828526,0.063171
-0.549466,0.834667,0.0376573
-0.546397,0.83586,0.0528141
-0.538334,0.758742,0.366753
-0.538442,0.759415,0.365197
-0.519251,0.73166,0.441647
-0.557516,0.773632,0.301116
-0.400175,0.749775,0.526974
-0.399203,0.747888,0.53038
-0.37095,0.699691,0.610599
-0.578927,0.766208,0.278874
-0.580531,0.783004,0.223359
-0.603227,0.781274,0.160402
-0.614732,0.775995,0.141198
-0.603332,0.783507,0.148687
-0.531262,0.8301,0.169396
-0.536579,0.81553,0.216783
-0.536585,0.815894,0.215391
-0.524297,0.843086,0.119662
-0.520648,0.84639,0.112027
-0.518465,0.85046,0.088945
-0.455149,0.658799,0.599019
-0.437304,0.649041,0.622504
-0.468821,0.666653,0.579466
-0.624563,0.777999,0.0681009
-0.619993,0.783504,0.0416027
-0.617118,0.783781,0.0696599
-0.609779,0.790809,0.0528317
-0.611084,0.791201,0.0240347
-0.598193,0.79824,0.0705528
-0.52559,0.707659,0.472202
-0.536371,0.728152,0.426734
-0.522163,0.704378,0.480831
-0.528094,0.832892,0.165554
-0.527355,0.838279,0.138509
-0.53584,0.827227,0.16903
-0.485272,0.807879,0.334428
-0.495031,0.827706,0.264286
-0.498671,0.834157,0.235604
-0.618975,0.784809,0.0307437
-0.621414,0.781622,0.0539764
-0.424822,0.696789,0.577937
-0.421124,0.686781,0.592441
-0.529556,0.848255,0.00586343
-0.529536,0.848101,0.0177977
-0.616343,0.779883,-0.109106
-0.61832,0.775574,-0.127145
-0.621229,0.774313,-0.120478
-0.56655,0.705675,0.425495
-0.581363,0.729402,0.360545
-0.565411,0.704651,0.428695
-0.429543,0.632997,0.644055
-0.410166,0.613021,0.675255
-0.510111,0.715584,0.477209
-0.595678,0.796269,0.105472
-0.581393,0.797481,0.161264
-0.587489,0.795431,0.148817
-0.481742,0.844108,0.235385
-0.491216,0.852975,0.176468
-0.613449,0.785547,-0.0812151
-0.6128,0.787373,-0.0672357
-0.612267,0.785356,-0.0913488
-0.470115,0.617772,0.630359
-0.457773,0.600617,0.655519
-0.442734,0.589925,0.675261
-0.507892,0.686523,0.52032
-0.508356,0.684893,0.522012
-0.490616,0.684074,0.539759
-0.529876,0.79173,0.303968
-0.580228,0.800377,0.150773
-0.57629,0.796904,0.181201
-0.586115,0.800189,0.127149
-0.310355,0.672507,0.671874
-0.28247,0.611291,0.73928
-0.278487,0.651303,0.705869
-0.438041,0.635598,0.635716
-0.459444,0.663706,0.590259
-0.436584,0.630167,0.642093
-0.479766,0.631739,0.608878
-0.474153,0.626927,0.618177
-0.485707,0.634642,0.601098
-0.458412,0.848397,0.264727
-0.457517,0.836473,0.301646
-0.469239,0.85018,0.238766
-0.316127,0.503378,0.80416
-0.409536,0.773974,0.482958
-0.417722,0.775124,0.47402
-0.415286,0.76423,0.49345
-0.327917,0.720053,0.611551
-0.334408,0.716823,0.611831
-0.305037,0.694524,0.651606
-0.264704,0.472038,0.8409
-0.274642,0.480475,0.832896
-0.277971,0.480922,0.831533
-0.499139,0.717767,0.48546
-0.499057,0.715977,0.488179
-0.514218,0.736589,0.439336
-0.527438,0.846823,0.0685696
-0.521803,0.851547,0.0508891
-0.505466,0.852429,0.13368
-0.517302,0.851709,0.0836067
-0.507933,0.851441,0.130587
-0.257417,0.60819,0.750894
-0.253565,0.63026,0.73381
-0.551111,0.821783,0.144742
-0.542539,0.833128,0.107476
-0.549575,0.831225,0.0838629
-0.367961,0.534105,0.761142
-0.371654,0.53884,0.755993
-0.372341,0.537572,0.756558
-0.37685,0.532501,0.757911
-0.371346,0.527008,0.76444
-0.352161,0.510049,0.784752
-0.37788,0.607167,0.69897
-0.387796,0.628034,0.674677
-0.613884,0.783043,-0.09995
-0.50638,0.854106,0.118666
-0.49025,0.857291,0.157189
-0.499987,0.852824,0.150681
-0.44859,0.788701,0.420379
-0.462841,0.791421,0.399289
-0.462529,0.800176,0.38182
-0.518664,0.623698,0.5848
-0.472874,0.58954,0.654854
-0.485675,0.604691,0.631245
-0.534369,0.844059,0.0448762
-0.53189,0.840525,0.103017
-0.531486,0.845464,0.0520961
-0.294969,0.489095,0.820841
-0.303272,0.498322,0.81222
-0.415988,0.669567,0.615333
-0.419193,0.690054,0.590003
-0.429505,0.694968,0.576668
-0.377662,0.58794,0.715331
-0.386294,0.592269,0.707103
-0.364601,0.581268,0.727457
-0.518436,0.851609,0.0773667
-0.529904,0.844859,0.0735921
-0.535142,0.842966,0.0550622
-0.614414,0.781329,-0.109639
-0.611858,0.782483,-0.115545
0,0,0
0,0,0
-0.41683,0.751785,0.510955
-0.363803,0.53718,0.760977
-0.361402,0.541519,0.759043
-0.387145,0.765269,0.514278
-0.403202,0.787709,0.465773
-0.376089,0.752627,0.540472
-0.424545,0.571504,0.702244
-0.401911,0.550863,0.731451
-0.39443,0.545948,0.739168
-0.27722,0.42027,0.864015
-0.505066,0.657494,0.559116
-0.501738,0.65082,0.569819
-0.501455,0.65076,0.570136
-0.496748,0.858117,0.129911
0,0,0
0,0,0
-0.630993,0.755598,0.175841
-0.551408,0.802611,0.227521
-0.550066,0.797126,0.249033
-0.581036,0.729221,0.361435
-0.56726,0.71789,0.403547
-0.557631,0.725614,0.403152
-0.304029,0.481752,0.821877
-0.317997,0.50881,0.799994
-0.316237,0.490606,0.811973
-0.599999,0.797635,0.0614775
-0.607602,0.794103,0.0148288
-0.602505,0.795525,0.0642482
-0.643364,0.76196,-0.0741688
-0.63697,0.762474,-0.113591
-0.641371,0.759234,-0.110487
-0.544111,0.768171,0.337427
-0.534967,0.758924,0.371274
-0.535808,0.759872,0.368109
-0.619877,0.773221,-0.133727
-0.624258,0.770682,-0.12787
-0.508952,0.849119,0.141295
-0.4976,0.842005,0.208377
-0.506765,0.84902,0.149516
-0.220323,0.443921,0.868558
-0.249354,0.459216,0.85261
-0.222248,0.449275,0.865309
-0.646993,0.762328,-0.016057
-0.647618,0.757953,-0.0780958
-0.653391,0.75654,-0.0269642
-0.472184,0.586589,0.657995
-0.524905,0.627188,0.575423
-0.496743,0.608059,0.619284
-0.52723,0.701262,0.479855
-0.546777,0.700132,0.459185
-0.526702,0.692361,0.493175
-0.646699,0.761284,0.0471948
-0.499206,0.714387,0.490352
-0.512893,0.732401,0.447804
-0.466929,0.776189,0.423683
-0.450606,0.750034,0.484151
-0.5128,0.743807,0.428705
-0.521988,0.759964,0.387278
-0.532538,0.764444,0.36336
-0.454486,0.621375,0.638229
-0.465923,0.624973,0.626358
-0.470337,0.631422,0.616515
-0.332714,0.669627,0.664005
-0.340069,0.696942,0.631369
-0.354293,0.711202,0.607181
-0.382947,0.549481,0.742579
-0.374258,0.547824,0.748211
-0.383381,0.559803,0.734602
-0.53006,0.775278,0.343486
-0.539229,0.779425,0.318952
-0.421666,0.781159,0.460423
-0.414949,0.770178,0.4844
-0.430945,0.778811,0.455785
-0.484733,0.638382,0.597916
-0.482526,0.632477,0.605923
-0.494726,0.802224,0.33419
-0.481395,0.799599,0.359027
-0.492263,0.786197,0.373593
-0.437155,0.621784,0.649833
-0.412756,0.589561,0.694301
-0.433427,0.612302,0.661233
-0.368335,0.541677,0.75559
-0.376798,0.560906,0.737162
-0.393721,0.541903,0.742515
-0.387101,0.538938,0.748132
-0.382673,0.537705,0.751289
-0.505181,0.7222,0.472462
-0.507304,0.72279,0.469272
-0.265487,0.462137,0.846137
-0.244815,0.453722,0.856856
-0.233749,0.447986,0.862944
-0.517438,0.820485,0.243025
-0.520674,0.831487,0.193722
-0.525801,0.815599,0.241518
-0.281088,0.505777,0.815586
-0.283198,0.510508,0.8119
-0.271874,0.47527,0.836782
-0.614586,0.78421,-0.0854361
-0.487219,0.733749,0.473529
-0.475867,0.734252,0.484174
-0.486481,0.719793,0.495211
-0.556859,0.813729,0.166593
-0.553915,0.815688,0.166829
-0.5468,0.821068,0.163882
-0.571183,0.790448,0.221228
-0.5816,0.790736,0.19099
-0.377259,0.579645,0.722279
-0.370517,0.533063,0.760633
-0.371396,0.531738,0.761131
-0.374259,0.532869,0.758934
-0.593035,0.740567,0.316022
-0.604092,0.732582,0.313684
-0.439817,0.665094,0.603501
-0.423055,0.654559,0.626562
-0.456238,0.681946,0.571663
-0.387449,0.613693,0.687945
-0.376428,0.60071,0.705302
-0.368811,0.587658,0.720166
-0.53115,0.813709,0.236136
-0.5328,0.815061,0.227601
-0.522146,0.788981,0.323845
-0.396215,0.673708,0.623805
-0.402927,0.684663,0.607361
-0.402952,0.691675,0.599347
-0.478867,0.801335,0.358539
-0.467012,0.792706,0.391815
-0.474964,0.799644,0.367397
-0.486112,0.854451,0.18333
-0.50184,0.85678,0.118681
-0.55065,0.819192,0.16034
-0.54691,0.820302,0.167313
-0.559498,0.812972,0.161361
-0.508521,0.720565,0.471373
-0.526481,0.74386,0.411692
-0.513075,0.728947,0.4532
-0.421626,0.684717,0.59447
-0.427504,0.688335,0.586034
-0.427615,0.692911,0.580535
-0.402354,0.576183,0.711425
-0.542402,0.765908,0.345232
-0.549093,0.773065,0.317596
-0.535148,0.759278,0.370287
-0.443703,0.572814,0.689211
-0.580253,0.761499,0.288835
-0.567451,0.759523,0.318002
-0.587278,0.768476,0.254065
-0.312873,0.65313,0.68959
-0.454207,0.62129,0.63851
-0.439182,0.613933,0.655901
-0.490266,0.824998,0.281099
-0.487069,0.825403,0.285435
-0.498488,0.841723,0.207393
-0.488528,0.749073,0.44747
-0.476569,0.748729,0.460745
-0.329892,0.511528,0.793418
-0.350069,0.512502,0.784089
-0.296447,0.491424,0.818915
-0.28273,0.461411,0.840931
-0.293849,0.478179,0.827646
-0.507536,0.758749,0.408301
-0.518693,0.76773,0.376231
-0.496203,0.742661,0.449712
-0.30037,0.462612,0.834127
-0.499576,0.737445,0.454533
-0.486054,0.720409,0.494736
-0.470701,0.710172,0.523545
-0.490074,0.685604,0.538308
-0.459843,0.708218,0.535697
-0.459129,0.731845,0.50359
-0.477905,0.742809,0.468872
-0.541651,0.820879,0.181028
-0.528978,0.81987,0.21908
-0.541529,0.822054,0.175991
-0.538134,0.823828,0.178098
-0.54407,0.821088,0.172633
-0.538161,0.826737,0.163976
-0.411147,0.59306,0.69227
-0.432129,0.619705,0.655156
-0.429157,0.612969,0.663395
-0.526793,0.780014,0.337736
-0.520574,0.781239,0.344483
-0.543495,0.67549,0.498326
-0.340039,0.569315,0.748501
-0.269291,0.466573,0.842493
-0.279257,0.471769,0.836331
-0.275311,0.464212,0.841851
-0.513143,0.853278,0.0927391
-0.522783,0.84693,0.0969906
-0.482922,0.729364,0.484577
-0.499459,0.755374,0.424206
-0.498051,0.726158,0.473962
-0.394191,0.562025,0.727146
-0.527486,0.751776,0.395717
-0.53829,0.769153,0.344453
-0.543769,0.770794,0.331952
-0.408964,0.686883,0.600785
-0.419223,0.695826,0.583165
-0.416377,0.700864,0.579156
-0.478695,0.666583,0.571418
-0.492773,0.676872,0.546825
-0.477839,0.656844,0.58329
-0.527198,0.77588,0.346515
-0.522503,0.799451,0.296425
-0.533999,0.797026,0.282125
-0.276246,0.5288,0.802534
-0.240403,0.461401,0.854
-0.249741,0.511848,0.821975
-0.600182,0.792574,0.10774
-0.609275,0.787271,0.0948075
-0.520343,0.663029,0.53818
-0.530722,0.671265,0.517435
-0.451097,0.614213,0.647499
-0.468011,0.648451,0.600398
-0.488751,0.686024,0.538974
-0.478254,0.685069,0.549504
-0.490355,0.684247,0.539777
-0.559405,0.781592,0.276006
-0.570172,0.784602,0.243522
-0.560361,0.780975,0.275814
-0.437757,0.740445,0.51001
-0.45491,0.768809,0.449433
-0.448227,0.74872,0.488376
-0.612376,0.780086,0.128304
-0.602776,0.786328,0.135466
-0.504577,0.813689,0.288635
-0.503967,0.809502,0.301202
-0.490717,0.801942,0.340715
-0.484571,0.656067,0.578591
-0.460989,0.62859,0.626391
-0.5857,0.750122,0.307039
-0.587569,0.757057,0.285706
-0.569607,0.77082,0.28528
-0.541969,0.772349,0.331282
-0.547788,0.791494,0.271046
-0.551175,0.786538,0.278507
-0.510642,0.803606,0.305714
-0.536973,0.83885,0.0893957
-0.536926,0.842223,0.048697
-0.499402,0.611573,0.613661
-0.325896,0.488776,0.809254
-0.332567,0.499032,0.800231
-0.352381,0.547427,0.759047
-0.358905,0.551527,0.752998
-0.356823,0.544034,0.759411
-0.441334,0.692305,0.57091
-0.451581,0.694472,0.560163
-0.432791,0.670378,0.602732
-0.574237,0.705619,0.415157
-0.568188,0.685936,0.454594
-0.556122,0.791093,0.254757
-0.592827,0.783755,0.185159
-0.577469,0.783219,0.230434
-0.366997,0.59317,0.716565
-0.392171,0.619544,0.679977
-0.372563,0.598487,0.709234
-0.571264,0.792882,0.212121
-0.562986,0.787571,0.25056
-0.557209,0.779516,0.286134
-0.381785,0.670201,0.636452
-0.38551,0.687433,0.615482
-0.408985,0.715827,0.565971
-0.516918,0.855052,0.0410057
-0.517738,0.854021,0.0509458
-0.517658,0.85302,0.0662328
-0.38521,0.663567,0.64132
-0.408648,0.704223,0.580583
-0.408783,0.690536,0.596705
-0.509975,0.760225,0.402473
-0.512169,0.782227,0.354688
-0.448081,0.67219,0.589393
-0.432673,0.664151,0.609669
-0.439645,0.786513,0.433718
-0.453288,0.789665,0.413474
-0.442022,0.778425,0.445727
-0.4937,0.642464,0.586091
-0.503012,0.654442,0.564522
-0.49112,0.642869,0.587811
-0.485691,0.853471,0.188922
0,0,0
0,0,0
-0.620741,0.775848,0.112871
-0.434286,0.724413,0.535371
-0.414791,0.693233,0.589386
-0.43174,0.724646,0.537111
-0.397427,0.680745,0.615337
-0.598564,0.798629,0.0625471
-0.605912,0.795196,0.0231133
-0.42723,0.806346,0.409001
-0.429308,0.805952,0.407599
-0.521643,0.843332,0.129149
-0.446069,0.699714,0.558053
-0.456931,0.692271,0.558548
-0.453681,0.703417,0.547156
-0.369815,0.53474,0.759797
-0.373201,0.5387,0.755331
-0.407301,0.597947,0.69034
-0.420843,0.60401,0.676806
-0.424924,0.625098,0.654749
-0.532644,0.802866,0.267763
-0.534203,0.804475,0.259706
-0.522028,0.822904,0.224309
-0.516276,0.810475,0.276749
-0.528139,0.809959,0.255021
-0.552027,0.782558,0.287872
-0.55368,0.78729,0.271317
-0.553186,0.786202,0.275449
-0.406519,0.625902,0.665574
-0.428529,0.634696,0.643057
-0.401879,0.61155,0.681542
-0.432348,0.725178,0.535905
-0.436932,0.72644,0.530452
-0.556176,0.795371,0.240942
-0.554996,0.794649,0.245992
-0.427835,0.670749,0.605849
-0.412816,0.642739,0.645345
-0.35958,0.562473,0.744531
-0.364225,0.572957,0.734207
-0.372016,0.577637,0.726595
-0.35395,0.563002,0.746826
-0.358961,0.573693,0.736222
-0.448488,0.590317,0.671109
-0.460931,0.602527,0.65154
-0.445556,0.57828,0.68343
-0.361309,0.582339,0.728242
-0.351245,0.567624,0.744601
-0.355715,0.573889,0.737644
-0.396487,0.663542,0.634437
-0.398021,0.657854,0.63938
-0.378744,0.632712,0.675447
-0.605453,0.748493,0.27053
-0.604501,0.758952,0.242014
-0.617572,0.754209,0.223101
-0.477541,0.795353,0.373322
-0.493934,0.8085,0.319937
-0.491927,0.805487,0.330453
-0.592656,0.724241,0.35247
-0.532287,0.75144,0.389884
-0.545545,0.770894,0.328789
-0.546716,0.771651,0.325048
-0.549878,0.777494,0.305184
-0.503543,0.809976,0.300639
-0.506201,0.812553,0.288996
-0.496762,0.809475,0.313016
-0.521655,0.746943,0.412253
-0.511397,0.730753,0.452186
-0.502426,0.72164,0.476238
-0.478517,0.765211,0.430666
-0.490499,0.767294,0.413124
-0.501777,0.83984,0.207098
-0.493953,0.827077,0.268244
-0.528015,0.755349,0.388134
-0.504063,0.802437,0.319396
-0.490079,0.794015,0.35967
-0.31486,0.511546,0.79949
-0.320474,0.520349,0.791539
-0.505498,0.685056,0.524567
-0.505751,0.70071,0.50321
-0.508027,0.700342,0.501427
-0.405803,0.556405,0.725078
-0.394335,0.548813,0.737093
-0.396542,0.546034,0.737972
-0.413279,0.611977,0.674304
-0.423181,0.611513,0.668558
-0.508812,0.668193,0.542798
-0.510391,0.668626,0.540778
-0.39231,0.595491,0.701059
-0.397993,0.597504,0.696125
-0.440028,0.621196,0.648454
-0.429971,0.619098,0.657148
-0.441032,0.631926,0.637307
-0.532279,0.749005,0.39455
-0.525241,0.735215,0.428463
-0.519193,0.729256,0.445673
-0.617875,0.786073,0.0178795
-0.618266,0.785915,0.00918487
-0.558556,0.820861,0.119172
-0.561363,0.816016,0.137801
-0.557688,0.824555,0.095362
-0.506999,0.848309,0.152721
-0.509171,0.849442,0.138535
-0.512269,0.85481,0.0829485
-0.589922,0.681701,0.432754
-0.591732,0.709465,0.382769
-0.589666,0.691637,0.417053
-0.449712,0.59031,0.670295
-0.437061,0.58048,0.68704
-0.547776,0.772779,0.320553
-0.542648,0.766767,0.34293
-0.545056,0.770215,0.331184
-0.51228,0.855735,0.0726994
-0.51008,0.854118,0.101494
-0.50816,0.853264,0.117102
-0.444775,0.762537,0.469802
-0.433791,0.743088,0.509555
-0.437897,0.756457,0.485819
-0.526917,0.848521,0.0486821
-0.515473,0.853253,0.0790388
-0.524848,0.849486,0.0539316
-0.378241,0.534735,0.755641
-0.375215,0.532847,0.758478
-0.302865,0.494883,0.814472
-0.449829,0.670938,0.589488
-0.43551,0.664205,0.607588
-0.442364,0.665855,0.600792
-0.39676,0.561584,0.72609
-0.395416,0.573239,0.717667
-0.3799,0.552642,0.741799
-0.458363,0.674722,0.578493
-0.542035,0.752908,0.373267
-0.536539,0.747605,0.391423
-0.528284,0.732296,0.429719
-0.505394,0.745486,0.434542
-0.508913,0.736806,0.445113
-0.429356,0.561815,0.707121
-0.444401,0.610644,0.655457
-0.430701,0.607238,0.667654
-0.424326,0.579921,0.695444
-0.377784,0.612198,0.694617
-0.390372,0.636288,0.665393
-0.391831,0.637698,0.663181
-0.291365,0.482334,0.826116
-0.336022,0.510119,0.791755
-0.268977,0.476731,0.83689
-0.270796,0.442584,0.854862
-0.450141,0.751503,0.482303
-0.516465,0.699597,0.493791
-0.514822,0.702626,0.491198
-0.490595,0.677839,0.547587
-0.370578,0.561028,0.740216
-0.367415,0.542882,0.755173
-0.374599,0.553326,0.74398
-0.442099,0.655536,0.612228
-0.453473,0.668573,0.589386
-0.463463,0.691362,0.554278
-0.377102,0.589827,0.714071
-0.391017,0.610051,0.689162
-0.386622,0.596154,0.70365
-0.500663,0.711361,0.493257
-0.502521,0.697065,0.511443
-0.504993,0.69474,0.512171
-0.286797,0.481529,0.828177
-0.280461,0.474915,0.834145
-0.286714,0.487375,0.824779
-0.579711,0.660228,0.477529
-0.567855,0.656006,0.49719
-0.517404,0.854821,0.0396683
-0.517104,0.854863,0.0425656
-0.369307,0.534559,0.760171
-0.517051,0.850799,0.0938031
-0.517166,0.848328,0.113483
-0.478959,0.641997,0.598697
-0.473071,0.629877,0.616003
-0.463421,0.629202,0.623976
-0.386738,0.60411,0.696767
-0.377059,0.591857,0.712413
-0.37522,0.59796,0.708276
-0.512888,0.678843,0.525471
-0.35634,0.517029,0.778272
-0.24783,0.416569,0.874673
-0.259371,0.450183,0.854439
-0.26921,0.467302,0.842115
-0.367096,0.589579,0.71947
-0.354538,0.571753,0.739866
-0.50679,0.780274,0.366517
-0.492421,0.770429,0.40492
-0.504893,0.792716,0.341591
-0.554971,0.830488,0.047928
-0.555696,0.830071,0.0467373
-0.538638,0.755105,0.373747
-0.518512,0.731144,0.443368
-0.538644,0.75859,0.366612
-0.56299,0.808672,0.170562
-0.573123,0.799207,0.181105
-0.572173,0.793287,0.208122
-0.383857,0.541504,0.74795
-0.378112,0.535291,0.755311
-0.379501,0.539148,0.751864
-0.494831,0.756496,0.427617
-0.356176,0.566506,0.743108
-0.361741,0.579107,0.730601
-0.361677,0.580658,0.729401
-0.503217,0.72866,0.464573
-0.484725,0.712371,0.507513
-0.498825,0.741675,0.448434
-0.556378,0.793627,0.246171
-0.553138,0.794209,0.251536
-0.552699,0.781436,0.289624
-0.547945,0.830649,0.0988827
-0.541385,0.831672,0.123382
-0.549749,0.824719,0.132718
-0.501858,0.680895,0.533405
-0.503137,0.692488,0.517023
-0.47521,0.793748,0.379658
-0.466674,0.776152,0.42403
-0.562016,0.81091,0.162983
-0.558671,0.810664,0.175244
-0.558349,0.820471,0.122775
-0.387963,0.540678,0.746429
-0.561193,0.783887,0.265674
-0.589906,0.800832,0.103343
-0.590525,0.800263,0.104213
-0.413712,0.607849,0.677765
-0.418873,0.620766,0.66272
-0.403425,0.600123,0.690726
-0.559318,0.786515,0.261835
-0.554727,0.780896,0.287193
-0.38024,0.574027,0.725197
-0.391546,0.591142,0.705157
-0.382555,0.593339,0.708238
-0.371328,0.547304,0.750049
-0.240994,0.364703,0.899396
-0.236111,0.354536,0.904741
-0.213594,0.446795,0.868765
-0.218382,0.448408,0.866742
-0.230637,0.455749,0.85971
-0.313277,0.491318,0.81269
-0.307971,0.491235,0.814765
-0.31971,0.500616,0.804469
-0.561917,0.783137,0.266358
-0.56077,0.797731,0.221724
-0.563734,0.77831,0.276476
-0.229118,0.447156,0.864614
-0.242615,0.452237,0.858266
-0.360208,0.567148,0.740671
-0.349363,0.561866,0.749836
-0.358419,0.570608,0.73888
-0.552096,0.805772,0.214295
-0.404584,0.773714,0.487526
-0.405164,0.781245,0.474871
-0.5069,0.683148,0.525702
-0.556206,0.755505,0.346191
-0.577564,0.766717,0.280297
-0.536714,0.74231,0.401143
-0.56158,0.767835,0.308315
-0.554565,0.774503,0.304307
-0.557613,0.776295,0.293998
0,0,0
0,0,0
-0.449352,0.572054,0.686176
-0.495432,0.602742,0.625499
-0.521922,0.69911,0.488716
-0.535512,0.703776,0.466828
-0.511853,0.670281,0.537337
-0.376516,0.680653,0.628449
-0.358617,0.646717,0.673166
-0.372772,0.537725,0.756237
-0.357186,0.522915,0.773938
-0.345547,0.517183,0.78302
-0.536669,0.801083,0.265055
-0.537199,0.800533,0.265641
-0.416467,0.640811,0.644917
-0.406729,0.630474,0.661116
-0.419274,0.629968,0.653724
-0.599545,0.706628,0.375797
-0.607377,0.719855,0.33601
-0.602145,0.710754,0.363664
-0.393618,0.589308,0.705536
-0.411346,0.610188,0.6771
-0.414265,0.610096,0.675401
-0.577342,0.796842,0.178098
-0.566423,0.789235,0.237219
-0.576434,0.797068,0.180018
-0.516824,0.729052,0.44875
-0.529074,0.81062,0.250949
-0.543011,0.806812,0.232793
-0.533596,0.812835,0.233606
-0.505462,0.689888,0.518235
-0.489689,0.665166,0.563704
-0.49181,0.64758,0.582036
-0.418935,0.631437,0.652519
-0.489101,0.782397,0.385531
-0.487482,0.791964,0.367633
-0.499488,0.804776,0.320697
-0.473633,0.665941,0.576364
-0.479894,0.668726,0.567897
-0.461259,0.648416,0.605637
-0.489216,0.641499,0.590888
-0.516928,0.753352,0.406506
-0.519128,0.719627,0.461135
-0.512462,0.738825,0.437636
-0.493214,0.820507,0.288979
-0.493328,0.645804,0.582722
-0.490054,0.649621,0.58124
-0.475561,0.784209,0.39857
-0.461028,0.762696,0.453594
-0.463248,0.775092,0.429691
-0.542478,0.802253,0.249214
-0.535785,0.811062,0.234762
-0.421325,0.707039,0.567963
-0.416482,0.717956,0.557748
-0.3898,0.58808,0.708676
-0.393511,0.605528,0.691728
-0.401331,0.666994,0.627736
-0.404962,0.661926,0.630762
-0.40678,0.673574,0.617113
-0.411625,0.663102,0.62519
-0.405117,0.650355,0.642589
-0.414804,0.653639,0.633004
-0.624556,0.780897,-0.0114186
-0.513961,0.855214,0.0667359
-0.514071,0.852584,0.0939786
-0.485424,0.803792,0.343923
-0.492664,0.80704,0.32553
-0.351099,0.64074,0.682776
-0.511247,0.747514,0.424091
-0.500568,0.704905,0.502539
-0.453804,0.570601,0.684456
-0.542288,0.822643,0.170827
-0.545021,0.814058,0.200655
-0.410075,0.641675,0.648148
-0.398076,0.633478,0.66351
-0.59267,0.769408,0.238232
-0.380599,0.730531,0.566984
-0.392817,0.759708,0.518209
-0.407456,0.780191,0.474641
-0.501974,0.670553,0.546242
-0.496926,0.665041,0.557481
-0.374274,0.534321,0.757906
-0.444442,0.815655,0.370377
-0.444286,0.820734,0.359176
-0.463385,0.839442,0.283925
-0.367503,0.547484,0.7518
-0.442809,0.701377,0.558561
-0.442856,0.676098,0.588872
-0.501128,0.83837,0.214491
-0.520064,0.848839,0.0948963
-0.524471,0.841566,0.129214
-0.532271,0.778562,0.332461
-0.419226,0.76418,0.490184
-0.391779,0.723866,0.567916
-0.417816,0.769835,0.482479
-0.541015,0.746053,0.388211
-0.535383,0.728389,0.427569
-0.530657,0.721726,0.444427
-0.494224,0.663969,0.561151
-0.241726,0.388059,0.88937
-0.424498,0.725635,0.541532
-0.427264,0.742191,0.516333
-0.542478,0.825354,0.15655
-0.469363,0.743485,0.47637
-0.456777,0.720247,0.522109
-0.461931,0.74266,0.484846
-0.622634,0.770133,0.138645
-0.628073,0.772794,0.0911769
-0.511647,0.849785,0.126816
-0.471633,0.680932,0.560264
-0.48506,0.684924,0.543689
-0.491127,0.692437,0.528512
-0.499067,0.70558,0.503079
-0.470515,0.67078,0.573297
-0.459495,0.74729,0.480023
-0.434469,0.755631,0.490162
-0.438441,0.742416,0.506545
-0.538368,0.639048,0.549345
-0.547541,0.662024,0.511786
-0.565462,0.664447,0.488636
-0.500004,0.78168,0.372789
-0.365606,0.586028,0.723121
-0.482634,0.817613,0.313963
-0.474423,0.810718,0.343015
-0.558062,0.79178,0.2483
-0.558053,0.797564,0.22906
-0.559576,0.788857,0.254124
-0.508045,0.711379,0.485625
-0.488784,0.689915,0.533955
-0.541237,0.760633,0.358469
-0.533936,0.756405,0.37784
-0.546571,0.771408,0.325869
-0.520131,0.726932,0.448367
-0.319563,0.588505,0.742661
-0.284993,0.510441,0.811316
-0.317098,0.587584,0.744445
-0.564857,0.791742,0.232554
-0.557987,0.807951,0.189385
-0.544311,0.793464,0.272291
-0.30104,0.48493,0.821111
-0.346655,0.513267,0.785108
-0.552009,0.775794,0.305663
-0.517239,0.725895,0.453365
-0.494685,0.709684,0.501634
-0.497697,0.709375,0.499086
-0.537177,0.824503,0.177865
-0.538124,0.814176,0.218037
-0.428722,0.566592,0.703686
-0.416998,0.554556,0.720126
-0.551331,0.774897,0.309143
-0.548654,0.76512,0.337003
-0.419211,0.792409,0.443118
-0.418852,0.63991,0.644266
-0.390184,0.614197,0.685944
-0.404694,0.63492,0.658104
-0.54959,0.776898,0.307214
-0.309201,0.503436,0.806813
-0.381089,0.559299,0.736177
-0.373835,0.545165,0.750362
-0.306302,0.56145,0.768735
-0.288107,0.510054,0.810457
-0.41807,0.732213,0.537665
-0.418551,0.734502,0.534158
-0.42772,0.716084,0.551617
-0.422999,0.70818,0.56529
-0.431081,0.713609,0.552207
-0.485601,0.687161,0.540371
-0.461502,0.663317,0.589089
-0.470017,0.668204,0.576703
-0.557416,0.720038,0.413322
-0.537145,0.6889,0.486717
-0.390329,0.638393,0.663399
-0.179245,0.437735,0.881056
-0.525351,0.761325,0.37999
-0.410407,0.603474,0.683656
-0.427492,0.610972,0.666306
-0.425581,0.608409,0.669865
-0.596884,0.794252,0.113547
-0.54983,0.835017,0.0208584
-0.55364,0.831875,0.0383065
-0.614734,0.788673,-0.00980736
-0.610373,0.792114,-0.000912178
-0.365191,0.73473,0.571671
-0.301078,0.714124,0.631965
-0.325529,0.729518,0.601527
-0.232506,0.45713,0.858473
-0.190958,0.438919,0.878002
-0.403396,0.604811,0.68664
-0.378407,0.587549,0.715258
-0.346383,0.564029,0.749594
-0.34874,0.571833,0.742555
-0.349341,0.567166,0.745845
-0.578618,0.670976,0.463675
-0.590849,0.689887,0.418275
-0.595352,0.695331,0.402582
-0.552152,0.803642,0.222009
-0.521605,0.647371,0.555736
-0.550049,0.67755,0.488236
-0.545113,0.661325,0.51527
-0.528402,0.847992,0.0412463
-0.524619,0.849969,0.0482515
-0.517941,0.850779,0.0889526
-0.52723,0.839332,0.132488
-0.528398,0.828886,0.183704
-0.526924,0.822128,0.215542
-0.537125,0.754818,0.376494
-0.546882,0.768727,0.33163
-0.542952,0.765242,0.345844
-0.564053,0.802313,0.195292
-0.384335,0.533557,0.753397
-0.434949,0.560972,0.704366
-0.518248,0.805869,0.286343
-0.531152,0.800838,0.276654
-0.364066,0.56487,0.740526
-0.354831,0.554115,0.753029
-0.35185,0.557776,0.751724
-0.348813,0.55192,0.75744
-0.351937,0.550073,0.757339
-0.349337,0.556848,0.753582
-0.492306,0.672966,0.552044
-0.423332,0.612477,0.66758
-0.433775,0.615612,0.657923
-0.449643,0.63105,0.632137
-0.52978,0.848124,0.0042669
-0.52767,0.84943,0.00574369
-0.509024,0.824021,0.248763
-0.503977,0.811744,0.295091
-0.466188,0.683252,0.561993
-0.426981,0.775768,0.464623
-0.598461,0.757417,0.261083
-0.614717,0.772718,0.15821
-0.594326,0.74008,0.314737
-0.400965,0.548803,0.733515
-0.517373,0.739747,0.430232
-0.4522,0.82248,0.345025
-0.371638,0.534767,0.758887
-0.591706,0.797286,0.119248
-0.554098,0.815668,0.166318
-0.567625,0.804766,0.173648
-0.56995,0.803931,0.16986
-0.54981,0.786458,0.281414
-0.571908,0.77658,0.264279
-0.563429,0.786132,0.254058
-0.357269,0.559203,0.7481
-0.364265,0.573919,0.733437
-0.355923,0.567389,0.742557
-0.420196,0.651091,0.632074
-0.387161,0.617529,0.684664
-0.503693,0.764962,0.401405
-0.49938,0.759691,0.416522
-0.516317,0.729956,0.447863
-0.381644,0.64585,0.66123
-0.525778,0.798711,0.29261
-0.530551,0.785133,0.319506
-0.529623,0.81318,0.24133
-0.425803,0.603458,0.674188
-0.372921,0.601814,0.706222
-0.497872,0.694086,0.51997
-0.478105,0.683606,0.551453
-0.48371,0.68886,0.539905
-0.530305,0.819821,0.216032
-0.48617,0.756372,0.437653
-0.470061,0.729415,0.496986
-0.42939,0.641947,0.635239
-0.433518,0.631535,0.642827
-0.344698,0.553369,0.758265
-0.333434,0.534867,0.776363
-0.549565,0.813549,0.190043
-0.368553,0.594311,0.714817
-0.378883,0.613832,0.692573
-0.398433,0.54061,0.740943
-0.546228,0.799044,0.251324
-0.54088,0.79263,0.281402
-0.547271,0.780594,0.301938
-0.431471,0.625829,0.649747
-0.423595,0.622647,0.657935
-0.445177,0.620297,0.645794
-0.456437,0.6299,0.628404
-0.576018,0.790304,0.208862
-0.587038,0.786325,0.192563
-0.557776,0.807698,0.191077
-0.578565,0.769129,0.271486
-0.629898,0.775758,0.0377817
-0.621793,0.776334,0.103339
-0.498478,0.656392,0.566277
-0.503518,0.664388,0.552321
-0.432164,0.675715,0.597197
-0.429983,0.66816,0.607189
-0.536199,0.817298,0.210981
-0.544886,0.811698,0.210344
-0.542592,0.802074,0.249542
-0.421584,0.587031,0.691131
-0.417334,0.571674,0.706415
-0.407749,0.572408,0.711401
-0.539193,0.766829,0.348201
-0.540269,0.767619,0.344775
-0.52669,0.752338,0.395709
-0.502155,0.658428,0.560638
-0.401875,0.604438,0.68786
-0.356031,0.583248,0.730113
-0.36674,0.592171,0.717522
-0.35708,0.581552,0.730953
-0.304001,0.477856,0.824159
-0.31225,0.488379,0.814854
-0.301433,0.484375,0.821292
-0.281945,0.492303,0.823498
-0.36176,0.524577,0.770683
-0.489882,0.84147,0.227913
-0.499778,0.833928,0.234063
-0.503807,0.842721,0.189737
-0.369034,0.56002,0.741749
-0.377087,0.572359,0.728156
-0.382608,0.573204,0.724602
-0.266686,0.460723,0.846532
-0.295159,0.529611,0.795234
-0.291372,0.518707,0.803771
-0.482211,0.618393,0.620536
-0.471855,0.605914,0.640486
-0.439885,0.57943,0.686123
-0.625744,0.777755,-0.0595153
-0.617018,0.78145,-0.0928628
-0.626118,0.772939,-0.102676
-0.487932,0.813102,0.317471
-0.487798,0.85729,0.164643
-0.503032,0.856921,0.11246
-0.514834,0.841654,0.162988
-0.524866,0.832825,0.175835
-0.523919,0.839325,0.145059
-0.314628,0.490202,0.812844
-0.285686,0.471478,0.834322
-0.284329,0.465878,0.837923
-0.390191,0.614222,0.685918
-0.403507,0.562193,0.721888
-0.479523,0.761791,0.435582
-0.553177,0.776901,0.300699
-0.570899,0.785623,0.238475
-0.327712,0.532502,0.780414
-0.327177,0.534387,0.77935
-0.330928,0.540513,0.773519
-0.555661,0.780403,0.286729
-0.55499,0.784359,0.277069
-0.493543,0.80103,0.338774
-0.469156,0.80466,0.363891
-0.462354,0.805677,0.37029
-0.633072,0.77384,-0.0197951
-0.625082,0.77928,0.0446729
-0.554517,0.786999,0.27045
-0.405948,0.664169,0.627762
-0.617128,0.786031,-0.0361774
-0.611139,0.791428,0.0123072
-0.327005,0.510013,0.795584
-0.396876,0.580685,0.710841
-0.394108,0.572768,0.71876
-0.472755,0.825612,0.308007
-0.434359,0.562084,0.703845
-0.4368,0.768354,0.467803
-0.429075,0.766099,0.478529
-0.444555,0.643586,0.62303
-0.436937,0.639107,0.632952
-0.418823,0.6201,0.663373
-0.530854,0.755628,0.383693
-0.533901,0.741128,0.407039
-0.520917,0.731049,0.440696
-0.516683,0.652071,0.554838
-0.397415,0.60144,0.693059
-0.569301,0.664381,0.484248
-0.541107,0.63859,0.547182
-0.485711,0.699312,0.524449
-0.505639,0.675598,0.53656
-0.559876,0.803859,0.200873
-0.553046,0.801296,0.228175
-0.556991,0.793583,0.244922
-0.370532,0.604905,0.704837
-0.376406,0.620986,0.687528
-0.525413,0.749729,0.402304
-0.523925,0.747964,0.407495
-0.512254,0.735361,0.443666
-0.405732,0.665104,0.626911
-0.585442,0.785912,0.199
-0.477789,0.682409,0.553205
-0.500237,0.705084,0.502613
-0.383104,0.569949,0.726906
-0.523654,0.751267,0.401728
-0.531845,0.846685,0.0163008
-0.413286,0.708213,0.57239
-0.419085,0.715744,0.558641
-0.540915,0.822346,0.176515
-0.363326,0.58095,0.728348
-0.411274,0.60283,0.683703
-0.441922,0.66333,0.603905
-0.450469,0.668275,0.59202
-0.435341,0.659377,0.612945
-0.593089,0.709359,0.380862
-0.593194,0.70871,0.381905
-0.588349,0.680118,0.437361
-0.53412,0.832236,0.148659
-0.333562,0.503685,0.796894
-0.478727,0.63008,0.61141
-0.484067,0.660365,0.574108
-0.40669,0.550529,0.729056
-0.359949,0.675823,0.643198
-0.394672,0.741912,0.542035
-0.375357,0.705323,0.601356
-0.416645,0.769396,0.484189
-0.423115,0.788446,0.446462
-0.377113,0.574742,0.726263
-0.365194,0.561986,0.742163
-0.258901,0.449109,0.855145
-0.246185,0.413235,0.876717
-0.264426,0.458306,0.848551
-0.464082,0.803491,0.372869
-0.409883,0.547712,0.729389
-0.523293,0.747857,0.408503
-0.507433,0.729516,0.458603
-0.523525,0.747639,0.408604
-0.553376,0.805811,0.210819
-0.555352,0.813808,0.171179
-0.55522,0.808904,0.193404
-0.375808,0.582681,0.720592
-0.632554,0.766324,-0.112352
-0.635557,0.768483,-0.0741726
-0.473777,0.694475,0.541518
-0.452668,0.670229,0.58812
-0.523029,0.741185,0.420815
-0.522249,0.741946,0.420443
-0.511512,0.728769,0.455249
-0.420053,0.728739,0.540829
-0.416316,0.713092,0.564077
-0.490341,0.660829,0.568218
-0.490112,0.667571,0.560483
-0.472669,0.643748,0.601809
-0.458754,0.685179,0.565752
-0.458604,0.681759,0.569989
-0.467392,0.683548,0.560631
-0.593402,0.794687,0.127859
-0.463027,0.620676,0.632747
-0.431519,0.632474,0.643248
-0.448425,0.653337,0.609972
-0.454488,0.659439,0.598816
-0.392646,0.591424,0.704306
-0.447584,0.712545,0.540323
-0.44323,0.708632,0.54899
-0.540777,0.779329,0.316554
-0.536907,0.819194,0.201625
-0.60642,0.774302,0.180866
-0.567699,0.723964,0.391914
-0.425801,0.784031,0.451653
-0.270681,0.454498,0.848625
-0.263066,0.453603,0.851494
-0.535508,0.787436,0.305247
-0.53982,0.77325,0.332683
-0.372954,0.536175,0.757247
-0.382499,0.539063,0.750405
-0.508555,0.691909,0.512479
-0.416608,0.567575,0.71014
-0.425907,0.588419,0.687291
-0.44721,0.59997,0.663356
-0.451182,0.775519,0.441593
-0.429448,0.741132,0.516042
-0.43512,0.764688,0.475314
-0.534689,0.754678,0.380221
-0.540325,0.763279,0.354195
-0.531728,0.753645,0.386374
-0.504751,0.747999,0.430961
-0.5161,0.773923,0.366997
-0.496395,0.73907,0.455379
-0.470695,0.670587,0.573378
-0.400506,0.678508,0.615812
-0.396561,0.663912,0.634005
-0.402842,0.675675,0.6174
-0.374868,0.583798,0.720176
-0.375147,0.581141,0.722177
-0.518859,0.797953,0.30668
-0.391342,0.631605,0.669274
-0.400518,0.648497,0.647332
-0.564847,0.655767,0.500917
-0.617363,0.777629,0.118983
-0.43594,0.63137,0.641352
-0.487667,0.711852,0.505419
-0.423066,0.769524,0.478381
-0.395645,0.643235,0.655527
-0.397623,0.646254,0.651347
-0.57842,0.790822,0.200081
-0.567413,0.788829,0.236204
-0.381397,0.538376,0.751458
-0.524989,0.744029,0.413289
-0.516164,0.740105,0.431068
-0.555404,0.783039,0.279957
-0.549847,0.780414,0.297694
-0.514236,0.854351,0.0751395
-0.415673,0.675425,0.609113
-0.40984,0.668674,0.620408
-0.52021,0.853923,0.0140018
-0.489666,0.671373,0.556316
-0.488931,0.688951,0.535064
-0.50757,0.69738,0.506001
-0.55337,0.828805,0.0828499
-0.489033,0.731198,0.475604
-0.481921,0.724525,0.492766
-0.475498,0.702811,0.529113
-0.404922,0.791045,0.458574
-0.411899,0.782708,0.466594
-0.416398,0.582153,0.698365
-0.535683,0.769865,0.346917
-0.531749,0.769466,0.353789
-0.534813,0.782366,0.319185
-0.482292,0.692069,0.537062
-0.491778,0.707452,0.507609
-0.50536,0.724632,0.468528
-0.468178,0.676696,0.568235
-0.466822,0.67496,0.571407
-0.4837,0.695747,0.53101
-0.528166,0.790133,0.311017
-0.525822,0.779965,0.339368
-0.510123,0.764814,0.393493
-0.274615,0.470289,0.838699
-0.413463,0.599769,0.685074
-0.399528,0.617639,0.677421
-0.393867,0.624599,0.674348
-0.404256,0.644016,0.649477
-0.537934,0.76433,0.355567
-0.403749,0.55145,0.729995
-0.408342,0.555148,0.724617
-0.44492,0.778788,0.442196
-0.444325,0.772008,0.454512
-0.369427,0.526328,0.765835
-0.370217,0.529784,0.763065
-0.372305,0.530354,0.761652
-0.375462,0.526689,0.762645
-0.369141,0.522615,0.768511
-0.547618,0.805543,0.226309
-0.536597,0.788937,0.299404
-0.494523,0.848543,0.188206
-0.482016,0.845888,0.228329
-0.526077,0.747965,0.404711
-0.535148,0.758814,0.371239
-0.497207,0.747438,0.440591
-0.474638,0.855441,0.207215
-0.480593,0.858062,0.180996
-0.515163,0.847029,0.130958
-0.55624,0.810913,0.181708
-0.55055,0.809079,0.205634
-0.585242,0.790299,0.181436
-0.533828,0.831066,0.156065
-0.459859,0.78041,0.423663
-0.425937,0.68016,0.596625
-0.516818,0.854822,0.046671
-0.336397,0.542512,0.769752
-0.334426,0.544608,0.76913
-0.511767,0.855746,0.0761174
-0.623798,0.77955,-0.0563736
-0.359451,0.740188,0.568258
-0.497585,0.691619,0.523519
-0.481743,0.676283,0.557284
-0.499247,0.706625,0.501432
-0.403423,0.661553,0.632136
-0.385794,0.633364,0.67083
-0.56194,0.777083,0.283489
-0.612796,0.789468,-0.0349385
-0.613755,0.786986,-0.0629178
-0.612148,0.7887,-0.056797
-0.493667,0.80621,0.326066
-0.387358,0.626233,0.676599
-0.382135,0.61422,0.690439
-0.5229,0.74761,0.409457
-0.537483,0.76295,0.359193
-0.385188,0.536155,0.751113
-0.379186,0.537173,0.753434
-0.505144,0.65506,0.561895
-0.508927,0.659699,0.552985
-0.510034,0.666773,0.543397
-0.546519,0.776522,0.313578
-0.538582,0.785694,0.304326
-0.556828,0.782807,0.277769
-0.396734,0.547157,0.737038
-0.346841,0.512812,0.785322
-0.427986,0.754825,0.49706
-0.432954,0.755557,0.491617
-0.423162,0.742316,0.519522
0,0,0
0,0,0
-0.5496,0.802465,0.232357
-0.507939,0.721808,0.470098
-0.52398,0.74875,0.405978
-0.528332,0.732396,0.429491
-0.527402,0.721475,0.44869
-0.469725,0.687083,0.554324
-0.460711,0.678613,0.572041
-0.502117,0.726907,0.468492
-0.495226,0.7312,0.469145
-0.459564,0.67935,0.572089
-0.346798,0.511651,0.786098
-0.306704,0.487259,0.817629
-0.389894,0.549993,0.738573
-0.409207,0.669816,0.619594
-0.477314,0.781403,0.40197
-0.467434,0.760284,0.45108
-0.503637,0.694446,0.513901
-0.506928,0.69985,0.503224
-0.559604,0.655493,0.507123
-0.370489,0.536675,0.758102
-0.375124,0.542851,0.751396
-0.371126,0.534755,0.759146
-0.367883,0.520223,0.770734
-0.371129,0.521762,0.768133
-0.464914,0.792321,0.395075
-0.549956,0.795858,0.253296
-0.557817,0.824997,0.0906677
-0.395563,0.753349,0.525355
-0.363557,0.707323,0.606237
-0.326412,0.535273,0.779062
-0.262566,0.450378,0.853358
-0.257576,0.453826,0.853052
-0.24013,0.446546,0.861937
0,0,0
0,0,0
-0.578477,0.723793,0.376151
-0.355465,0.578386,0.734244
-0.535791,0.84411,0.0201769
-0.367027,0.52338,0.769003
-0.367206,0.527935,0.765797
-0.367534,0.527875,0.765681
-0.555165,0.772543,0.308172
-0.546121,0.763185,0.3454
-0.550369,0.785455,0.283116
-0.50714,0.660874,0.553223
-0.371778,0.589645,0.717008
-0.372202,0.583751,0.721598
-0.395475,0.594879,0.699799
-0.384513,0.576098,0.721292
-0.596128,0.769705,0.228449
-0.587373,0.782951,0.204894
-0.52439,0.794482,0.306292
-0.529863,0.785216,0.32044
-0.436256,0.645739,0.626661
-0.419583,0.627701,0.6557
-0.433013,0.716394,0.547064
-0.552263,0.782409,0.287823
-0.554078,0.784473,0.278567
-0.502207,0.691989,0.518594
-0.496896,0.689732,0.526653
-0.518319,0.854826,0.0248644
-0.524658,0.850753,0.0308772
-0.516742,0.855221,0.0396773
-0.359267,0.606224,0.709521
-0.420173,0.789971,0.446545
-0.421609,0.791003,0.443354
-0.336435,0.625853,0.70365
-0.330612,0.616107,0.714921
-0.309715,0.564999,0.76476
-0.472312,0.649403,0.595985
-0.469067,0.651659,0.596085
-0.487621,0.804899,0.338181
-0.505542,0.80914,0.299534
-0.251616,0.551025,0.795651
-0.279421,0.566798,0.775026
-0.378201,0.612686,0.69396
-0.387972,0.634116,0.668862
-0.385573,0.628944,0.675105
-0.52197,0.849457,0.0772725
0,0,0
0,0,0
-0.304075,0.502264,0.809487
-0.558929,0.827003,0.0605439
-0.428329,0.725955,0.538076
-0.433338,0.716874,0.546178
-0.595213,0.757795,0.267337
-0.605309,0.742847,0.285971
-0.603476,0.752625,0.263387
-0.511195,0.767134,0.387538
-0.450667,0.811853,0.371205
-0.315714,0.503448,0.804282
-0.406695,0.724583,0.556399
-0.364214,0.548911,0.75236
-0.368662,0.564267,0.73871
-0.366095,0.547217,0.752681
0,0,0
-0.195964,0.439333,0.876691
-0.405736,0.69398,0.594786
-0.416687,0.714006,0.562645
-0.534774,0.736048,0.415031
-0.545646,0.755524,0.362567
-0.415447,0.581275,0.699662
-0.474599,0.692625,0.543165
-0.538083,0.762274,0.359729
-0.380245,0.538007,0.752305
-0.374154,0.534722,0.757681
-0.381665,0.542056,0.748671
-0.518972,0.852007,0.0689381
-0.525293,0.85056,0.0247846
-0.367325,0.528012,0.765687
-0.366144,0.535623,0.760952
-0.585209,0.688029,0.429125
-0.52387,0.73065,0.437848
-0.503077,0.710829,0.491566
-0.381991,0.556372,0.737925
-0.37545,0.55973,0.738742
-0.388586,0.574994,0.719988
-0.543013,0.821356,0.174672
-0.284617,0.467227,0.837074
-0.352971,0.566459,0.744671
-0.348607,0.547598,0.760664
-0.570162,0.783052,0.248487
-0.549128,0.815564,0.182523
-0.512342,0.836418,0.194705
-0.35315,0.543573,0.761455
-0.371189,0.565457,0.736531
-0.35889,0.539277,0.761826
-0.337781,0.529595,0.778096
-0.349736,0.547998,0.759858
-0.421097,0.740577,0.523665
-0.424391,0.726857,0.539975
-0.527128,0.848512,0.0465153
-0.53498,0.844581,0.0218889
-0.46001,0.637378,0.618176
-0.482115,0.661779,0.574121
-0.473829,0.635748,0.609354
-0.332394,0.51271,0.791608
-0.328004,0.512201,0.793766
-0.421362,0.664651,0.617003
-0.401572,0.63339,0.661481
-0.408356,0.6527,0.638144
-0.359618,0.572392,0.736914
-0.370793,0.588113,0.718774
-0.412407,0.644411,0.64394
-0.387385,0.615934,0.685973
0,0,0
0,0,0
-0.621616,0.783259,0.00995574
-0.525855,0.743275,0.413547
-0.51225,0.707053,0.487523
-0.52018,0.730888,0.441835
-0.370112,0.531043,0.762241
-0.369208,0.52877,0.764256
-0.544544,0.770068,0.332366
-0.577551,0.739051,0.346756
-0.514694,0.752128,0.411575
-0.430182,0.632294,0.64432
-0.444449,0.641387,0.62537
-0.384567,0.545063,0.744993
-0.4624,0.678263,0.571092
-0.559487,0.749688,0.353472
-0.547422,0.747218,0.376821
-0.526363,0.802685,0.280425
-0.527554,0.811823,0.250262
-0.529306,0.815673,0.23348
-0.513386,0.733532,0.445383
-0.234936,0.465638,0.853223
-0.20042,0.447009,0.871789
-0.173401,0.436466,0.882854
-0.554422,0.769299,0.317483
-0.550203,0.76393,0.337177
-0.556026,0.788134,0.26397
-0.557375,0.79265,0.24706
-0.449745,0.801313,0.394496
-0.432041,0.789445,0.436025
-0.476182,0.648558,0.593821
-0.473407,0.64201,0.603084
-0.470361,0.640881,0.606657
-0.413229,0.616154,0.670519
-0.409357,0.610731,0.677816
-0.458457,0.677104,0.575628
-0.469012,0.701735,0.536281
-0.470841,0.68067,0.561246
-0.426835,0.641284,0.637626
-0.49818,0.649138,0.574836
-0.501161,0.651134,0.569969
-0.498557,0.645152,0.578983
-0.511294,0.692944,0.508341
-0.510654,0.682883,0.522405
-0.49459,0.660313,0.565129
-0.538709,0.786784,0.301271
-0.347165,0.563124,0.749912
-0.348458,0.5637,0.748879
-0.571797,0.703052,0.422807
-0.56109,0.695919,0.44819
-0.566859,0.776796,0.274334
-0.558171,0.766817,0.316917
-0.592219,0.786946,0.173185
-0.592759,0.787742,0.16763
-0.582684,0.788347,0.197457
-0.561006,0.780319,0.276361
-0.561384,0.781251,0.272938
-0.549916,0.774471,0.31271
-0.369102,0.575159,0.730039
-0.615727,0.784286,-0.0759976
-0.611858,0.790326,-0.0318656
-0.513928,0.724473,0.459366
-0.281642,0.459704,0.84223
-0.516111,0.691145,0.505917
-0.498563,0.659144,0.562997
-0.533754,0.747059,0.396246
-0.5331,0.735393,0.418332
-0.527149,0.716962,0.45616
-0.549885,0.769928,0.323786
-0.578321,0.789324,0.206183
-0.456403,0.691147,0.56037
-0.432646,0.656276,0.618161
-0.515606,0.845363,0.139681
-0.537637,0.763707,0.35735
-0.485722,0.622878,0.61327
-0.418761,0.662626,0.620941
-0.407498,0.612956,0.676927
-0.515222,0.812058,0.274058
-0.519624,0.815242,0.255677
-0.621925,0.772654,0.127341
-0.428391,0.658243,0.61903
-0.423181,0.652156,0.628976
-0.295405,0.478181,0.827091
-0.518801,0.854667,0.0197307
-0.515,0.855847,0.0479575
-0.547977,0.697428,0.461863
-0.348253,0.564508,0.748367
-0.351593,0.574568,0.739092
-0.406803,0.580961,0.704979
-0.323477,0.607789,0.72523
-0.334711,0.622501,0.707434
-0.346415,0.654354,0.672176
-0.3134,0.593746,0.741114
-0.345333,0.650684,0.676284
-0.585363,0.678408,0.443975
-0.594657,0.702117,0.391684
-0.4298,0.710152,0.557635
-0.352412,0.563406,0.747248
-0.343996,0.551276,0.760107
-0.53167,0.833789,0.148738
-0.518807,0.704792,0.483847
-0.541633,0.712864,0.445487
-0.508717,0.731342,0.454253
-0.566288,0.770385,0.292962
-0.571794,0.750261,0.331906
-0.464983,0.631553,0.62043
-0.506099,0.720831,0.47357
-0.420502,0.738958,0.526423
-0.313135,0.478734,0.820221
-0.339363,0.501921,0.795557
-0.558453,0.7866,0.263421
-0.556631,0.780779,0.283809
-0.542433,0.809628,0.224209
-0.541566,0.821853,0.176822
-0.600457,0.758804,0.252329
-0.604864,0.75533,0.252223
-0.430524,0.796623,0.424313
-0.61509,0.787657,-0.0355173
-0.616453,0.787336,-0.00934467
-0.617408,0.786529,-0.013392
-0.491933,0.845083,0.20937
-0.549055,0.774221,0.314834
-0.550471,0.778024,0.302754
-0.593097,0.720788,0.35875
-0.615011,0.741615,0.267896
-0.623235,0.748584,0.226276
-0.595757,0.767884,0.235433
-0.417325,0.650548,0.63453
-0.352745,0.670325,0.652868
-0.609127,0.792853,-0.0186598
-0.514724,0.682966,0.518284
-0.50261,0.649992,0.569995
0,0,0
0,0,0
-0.645243,0.761155,0.0656122
-0.441429,0.79662,0.412962
-0.478459,0.782647,0.398171
-0.514623,0.647498,0.56206
-0.545413,0.68427,0.484046
-0.481384,0.688214,0.542801
-0.367953,0.520647,0.770414
-0.337678,0.648098,0.682602
-0.544875,0.770167,0.331595
-0.425585,0.558036,0.712373
-0.427802,0.570326,0.701223
-0.435298,0.572729,0.694623
-0.536332,0.769113,0.347583
-0.489012,0.80616,0.333127
-0.468511,0.837812,0.2803
-0.364714,0.637127,0.679009
-0.484782,0.826619,0.285809
-0.495994,0.843001,0.20818
-0.529188,0.824992,0.198364
-0.423227,0.607764,0.67194
-0.432623,0.606531,0.667052
-0.429168,0.655564,0.621332
-0.369324,0.595644,0.713307
-0.366786,0.677929,0.637089
-0.396289,0.725046,0.563263
-0.367708,0.568342,0.736056
-0.53007,0.840651,0.111059
-0.566028,0.782791,0.258555
-0.40801,0.657435,0.633489
-0.385496,0.532919,0.753254
-0.398817,0.553901,0.73085
-0.587968,0.737642,0.331932
-0.419857,0.72265,0.549088
-0.397652,0.637845,0.659566
-0.40715,0.643615,0.648066
-0.533344,0.804212,0.262276
-0.324255,0.523054,0.788209
-0.515983,0.854202,0.0640301
-0.428183,0.661203,0.616017
-0.438623,0.668202,0.600934
-0.45618,0.695666,0.554934
-0.508544,0.712418,0.483574
-0.508531,0.716414,0.477647
-0.506975,0.727097,0.462932
-0.553788,0.786965,0.272039
-0.553453,0.786367,0.274439
-0.55243,0.782597,0.286989
-0.529016,0.83003,0.176619
-0.535438,0.83095,0.151096
-0.525558,0.805674,0.273277
-0.552511,0.783542,0.284243
-0.555481,0.800419,0.225323
-0.555968,0.802698,0.215814
-0.480336,0.804162,0.350143
-0.363976,0.553319,0.74924
-0.341952,0.558426,0.755798
-0.34505,0.559834,0.753343
-0.595509,0.725163,0.345699
-0.452193,0.646882,0.614057
-0.581059,0.675153,0.454467
-0.424093,0.651733,0.628801
-0.528564,0.686326,0.499577
-0.544043,0.69143,0.475334
-0.548622,0.800989,0.239646
-0.443392,0.617623,0.649574
-0.558244,0.817203,0.143331
-0.40174,0.612538,0.680742
-0.401962,0.606996,0.685556
-0.560874,0.812381,0.159553
-0.435227,0.575387,0.692466
-0.391346,0.543612,0.74252
-0.623896,0.760519,0.179903
-0.63509,0.763327,0.118288
-0.638155,0.760888,0.117508
-0.553922,0.774707,0.30496
-0.447265,0.799381,0.401179
-0.415933,0.64732,0.63873
-0.362807,0.590122,0.721198
-0.362066,0.582641,0.727625
-0.528207,0.802399,0.277765
-0.516029,0.815184,0.26303
-0.516238,0.819099,0.250141
-0.507005,0.81538,0.279465
-0.296415,0.547656,0.782441
-0.404853,0.56092,0.722125
-0.4141,0.557812,0.719284
-0.639538,0.76834,-0.0254204
-0.547918,0.761155,0.347028
-0.494019,0.720093,0.487249
-0.52684,0.719858,0.451934
-0.531048,0.722992,0.441896
-0.540284,0.741574,0.397696
-0.357451,0.548325,0.756023
-0.354953,0.544288,0.760105
-0.346522,0.547127,0.761955
-0.340532,0.524075,0.78063
-0.39438,0.660838,0.638561
-0.518092,0.820019,0.243204
-0.448506,0.715622,0.535469
-0.421343,0.744422,0.517985
-0.4221,0.743767,0.518309
-0.500097,0.608765,0.615881
-0.375133,0.560783,0.738104
-0.512378,0.685779,0.516895
-0.539647,0.759662,0.362898
-0.527483,0.744108,0.409959
-0.533904,0.75651,0.377677
-0.497311,0.696463,0.517324
-0.39316,0.573817,0.718443
-0.488958,0.665033,0.564492
-0.562219,0.758064,0.33053
-0.49952,0.646889,0.576208
-0.526024,0.679633,0.511272
-0.518279,0.696763,0.495893
-0.568043,0.788222,0.236712
-0.485962,0.831814,0.26819
-0.476953,0.824517,0.304447
-0.539395,0.840227,0.0554296
-0.549377,0.630567,0.548243
-0.376905,0.522568,0.764765
-0.392898,0.538046,0.745747
-0.517185,0.851059,0.0906545
-0.51349,0.659206,0.549343
-0.513206,0.665047,0.542525
-0.500948,0.656414,0.564067
-0.360489,0.575419,0.734126
-0.546872,0.782269,0.298307
0,0,0
0,0,0
-0.532659,0.846176,0.0161527
-0.535055,0.844668,0.0158631
-0.362769,0.622756,0.693234
-0.340689,0.58235,0.738105
-0.343489,0.599003,0.723333
-0.445704,0.736555,0.508758
-0.459683,0.747969,0.478783
-0.44395,0.720639,0.532529
-0.432334,0.72588,0.534964
-0.42325,0.71772,0.552935
-0.438464,0.605434,0.664228
-0.451758,0.628435,0.633235
-0.451155,0.605986,0.655166
-0.391715,0.555463,0.733499
-0.392465,0.561483,0.728497
-0.383735,0.548852,0.742637
-0.263959,0.452038,0.852049
-0.255285,0.449431,0.856062
-0.24657,0.44828,0.859214
-0.509863,0.624478,0.591666
-0.515018,0.810285,0.279626
-0.365687,0.52593,0.767901
-0.36587,0.525578,0.768054
-0.543928,0.749965,0.376425
-0.559333,0.824831,0.0824653
-0.354484,0.562909,0.746642
-0.323995,0.501868,0.801971
-0.325466,0.593909,0.735761
-0.484881,0.662857,0.570537
-0.470746,0.65091,0.59558
-0.404482,0.629748,0.663186
-0.40603,0.787468,0.463717
-0.530206,0.847838,0.00727253
-0.654893,0.755544,0.0164542
-0.55746,0.795644,0.237041
-0.342325,0.67926,0.64917
-0.389489,0.758014,0.523176
-0.374861,0.751126,0.543405
-0.47367,0.798548,0.371426
-0.453478,0.767426,0.453228
-0.374345,0.60341,0.704104
-0.36038,0.579857,0.730679
-0.384858,0.532664,0.753759
-0.552499,0.784206,0.28243
-0.554152,0.798458,0.235334
-0.556091,0.80304,0.21422
-0.315843,0.576767,0.753384
-0.340373,0.635691,0.692853
-0.317919,0.581982,0.748485
-0.520463,0.819227,0.240801
-0.500063,0.726873,0.470737
-0.532612,0.740641,0.409606
-0.513188,0.724579,0.460026
-0.535297,0.843922,0.0353922
-0.538786,0.842049,0.0257573
-0.534586,0.725543,0.433366
-0.528943,0.7966,0.292657
-0.532291,0.770621,0.35044
-0.40287,0.655204,0.639064
-0.606587,0.721079,0.334812
-0.375089,0.543117,0.751221
-0.444486,0.629428,0.63738
-0.481783,0.725853,0.490941
-0.553923,0.785582,0.275737
-0.554547,0.789074,0.264273
-0.387569,0.54275,0.74513
-0.391142,0.592927,0.703879
-0.374818,0.578597,0.724387
-0.391918,0.595541,0.701235
-0.4652,0.648221,0.602826
-0.548812,0.751221,0.366706
-0.352926,0.573483,0.739298
-0.43721,0.587644,0.680825
-0.535162,0.728702,0.427313
-0.536464,0.740788,0.404277
-0.537006,0.769622,0.34541
-0.410924,0.69472,0.590344
-0.555725,0.655582,0.511256
-0.454466,0.786134,0.418875
-0.367427,0.532464,0.762548
-0.368454,0.539406,0.757154
-0.478323,0.689606,0.543737
-0.443495,0.588755,0.675783
-0.503926,0.694048,0.514155
-0.38593,0.543757,0.745245
-0.39276,0.559286,0.730027
-0.421505,0.745391,0.516458
-0.415047,0.753783,0.509461
-0.55899,0.759106,0.3336
-0.408185,0.557131,0.723182
-0.41986,0.569054,0.707034
-0.359235,0.539907,0.761217
-0.424723,0.619347,0.660319
-0.412441,0.596567,0.688479
-0.517469,0.736099,0.436331
-0.519671,0.744867,0.418469
-0.494069,0.697447,0.5191
-0.40654,0.581429,0.704747
-0.508401,0.822923,0.253626
-0.432654,0.664707,0.609078
-0.422683,0.659224,0.621904
-0.506503,0.662202,0.552218
-0.535099,0.774294,0.337845
-0.542042,0.837486,0.0693366
-0.479482,0.826392,0.295251
-0.462881,0.801755,0.378061
-0.570486,0.793964,0.210158
-0.540307,0.819766,0.189874
-0.529033,0.819293,0.221094
-0.438917,0.704665,0.557495
-0.432689,0.700542,0.567471
-0.509103,0.705776,0.492641
-0.503853,0.648467,0.570635
-0.497554,0.642573,0.582701
-0.319607,0.567088,0.75912
-0.297697,0.517545,0.8022
-0.307417,0.554151,0.773571
-0.530224,0.735704,0.42143
-0.547603,0.750853,0.369259
-0.525027,0.816247,0.24102
-0.52194,0.789971,0.321758
-0.558235,0.824926,0.0887199
-0.477526,0.792547,0.37926
-0.412391,0.608592,0.677901
-0.434372,0.633738,0.640076
-0.457763,0.662755,0.592629
-0.427594,0.684216,0.590773
-0.605693,0.794968,0.0340954
-0.360405,0.559146,0.746635
-0.551842,0.701172,0.451475
-0.567195,0.726322,0.388265
-0.429272,0.637919,0.639365
-0.610949,0.735551,0.292756
-0.607564,0.735323,0.300277
-0.441444,0.675365,0.590774
-0.471946,0.703167,0.531813
-0.452127,0.688809,0.56668
-0.513498,0.779133,0.359544
-0.45429,0.639487,0.620225
-0.557099,0.792185,0.249168
-0.44193,0.800558,0.404731
-0.53234,0.802784,0.268617
-0.516939,0.774031,0.365586
-0.39365,0.775298,0.493917
-0.615144,0.787638,-0.0349926
-0.566499,0.762308,0.312997
-0.417015,0.61122,0.672687
-0.422278,0.736462,0.528496
-0.464306,0.60956,0.64254
-0.547243,0.765236,0.339027
-0.509166,0.713258,0.481677
-0.276485,0.497326,0.822329
-0.290396,0.518905,0.803997
-0.461045,0.63886,0.615871
-0.469597,0.682334,0.560268
-0.518342,0.794758,0.315723
-0.465256,0.690589,0.553736
-0.381838,0.598681,0.704119
-0.514483,0.85257,0.0918206
-0.523866,0.851793,0.00379196
-0.49352,0.701026,0.514783
-0.472017,0.678628,0.562729
-0.498846,0.68442,0.531716
-0.497294,0.67414,0.546108
-0.40616,0.793669,0.452907
-0.46724,0.841012,0.27274
-0.477611,0.853778,0.207243
-0.550137,0.735434,0.395584
-0.54279,0.806384,0.234784
-0.598864,0.722615,0.345239
-0.526431,0.712669,0.463655
-0.33604,0.525208,0.781814
-0.425921,0.762363,0.487231
-0.454314,0.798971,0.394011
-0.613846,0.787341,-0.0573273
-0.402475,0.566606,0.719008
-0.523995,0.812102,0.256747
-0.36793,0.525876,0.766868
-0.528691,0.847257,0.0513918
-0.512878,0.854593,0.0814115
-0.309046,0.504136,0.806435
-0.399699,0.558097,0.727165
-0.398352,0.550833,0.733416
-0.468315,0.709908,0.526037
-0.370284,0.533104,0.760717
-0.530382,0.742458,0.409208
-0.52566,0.738456,0.422332
-0.51362,0.723022,0.46199
-0.539329,0.763235,0.355805
-0.484236,0.726751,0.487187
-0.478007,0.700636,0.529734
-0.467209,0.701941,0.537582
0,0,0
0,0,0
-0.386861,0.730862,0.5623
-0.36252,0.681465,0.635758
-0.340207,0.636238,0.692433
-0.365804,0.69304,0.621197
-0.54452,0.821502,0.16921
-0.473643,0.765376,0.43573
-0.33073,0.533132,0.778709
-0.332303,0.529432,0.780562
-0.454917,0.736953,0.499951
-0.550326,0.777955,0.303195
-0.550535,0.778198,0.302191
-0.552042,0.78107,0.291857
-0.547705,0.774179,0.31728
-0.340907,0.552016,0.76096
-0.467309,0.667006,0.580281
-0.445287,0.655034,0.610451
-0.4636,0.677787,0.570683
-0.502368,0.686994,0.52504
-0.412381,0.679578,0.606726
-0.418514,0.690947,0.589441
-0.409719,0.682366,0.6054
-0.520171,0.715247,0.466738
-0.358594,0.579514,0.731831
-0.30687,0.496909,0.811735
-0.639366,0.766765,0.0572979
-0.448022,0.800249,0.398597
-0.560649,0.784925,0.263753
-0.447434,0.806005,0.387505
-0.43997,0.804818,0.398369
-0.534962,0.802158,0.265251
-0.53643,0.838917,0.0919871
-0.477468,0.635063,0.607224
-0.422056,0.661918,0.619467
-0.438818,0.678193,0.589489
0,0,0
0,0,0
-0.480219,0.653427,0.58517
-0.49611,0.683495,0.535452
-0.269419,0.461442,0.845272
-0.258721,0.442886,0.858438
-0.201676,0.447472,0.871262
-0.494492,0.711715,0.498938
-0.59357,0.774221,0.219675
-0.638714,0.769408,-0.00750579
-0.557732,0.820356,0.126301
-0.555928,0.824468,0.105821
-0.559304,0.824679,0.0841626
-0.399003,0.674195,0.621497
-0.44913,0.643026,0.620322
-0.427011,0.625451,0.653049
-0.487762,0.656736,0.575141
-0.464374,0.825954,0.319621
-0.48036,0.833526,0.272926
-0.538141,0.79355,0.28405
-0.535938,0.816223,0.21576
-0.456684,0.657958,0.598775
-0.454348,0.629215,0.630601
-0.229479,0.372872,0.899058
-0.240558,0.408922,0.880293
-0.272027,0.665879,0.694699
-0.452624,0.657195,0.602684
-0.556182,0.818419,0.1444
-0.554488,0.824363,0.11388
-0.627684,0.778441,-0.00660106
-0.495023,0.692594,0.524658
-0.516753,0.715076,0.470779
-0.508507,0.710037,0.487102
-0.480974,0.674168,0.560502
-0.300176,0.550435,0.77905
-0.55461,0.791491,0.256809
-0.536681,0.812917,0.226141
-0.531804,0.823328,0.198279
-0.54515,0.747414,0.379717
-0.548257,0.767548,0.332091
-0.543544,0.745478,0.385776
-0.509382,0.846406,0.155325
-0.440029,0.678285,0.588478
-0.516018,0.696775,0.498229
-0.514635,0.713603,0.475314
-0.539528,0.757146,0.368295
-0.546922,0.764166,0.341947
-0.557255,0.800568,0.220359
-0.557812,0.79872,0.225594
-0.475284,0.589948,0.652738
-0.42826,0.565456,0.704879
-0.406518,0.775616,0.48287
-0.557889,0.790806,0.251766
-0.558631,0.793891,0.240142
-0.558013,0.795795,0.235228
-0.41479,0.66985,0.615832
-0.433056,0.70033,0.567451
-0.527933,0.763342,0.372287
-0.539157,0.732836,0.415043
-0.561275,0.806522,0.185725
-0.524479,0.707006,0.47441
-0.639692,0.764845,-0.0761959
-0.55425,0.792425,0.254698
-0.323673,0.528749,0.784641
-0.509776,0.709346,0.486782
-0.342429,0.539947,0.768895
-0.339274,0.542345,0.768606
-0.510658,0.684265,0.520589
-0.570807,0.784634,0.24193
-0.580282,0.78533,0.21571
-0.374235,0.555428,0.742596
-0.385464,0.568564,0.726741
-0.440819,0.628865,0.640475
-0.389787,0.58756,0.709112
-0.512399,0.721392,0.465878
-0.548614,0.81058,0.204899
-0.553527,0.817819,0.15742
-0.371618,0.531141,0.761439
-0.3722,0.531666,0.760789
-0.28154,0.47736,0.832384
-0.436584,0.613235,0.658285
-0.556659,0.783618,0.275816
-0.496126,0.852389,0.165205
-0.399038,0.589888,0.701998
-0.331917,0.600762,0.727267
-0.45502,0.652486,0.605987
-0.45133,0.839942,0.301329
-0.584169,0.790323,0.184761
-0.51941,0.783682,0.340674
-0.383905,0.554211,0.738558
-0.375655,0.539001,0.753898
-0.610662,0.784046,0.111195
-0.254143,0.454618,0.853661
-0.321484,0.542887,0.775836
-0.321229,0.639515,0.698452
-0.303555,0.621183,0.722487
-0.417367,0.690697,0.590545
-0.554443,0.790517,0.260147
-0.553926,0.78907,0.265582
-0.56224,0.790829,0.241816
-0.350753,0.556206,0.753397
-0.61949,0.765807,0.172542
-0.390227,0.542449,0.743959
-0.556942,0.788404,0.261218
-0.475505,0.615633,0.628406
-0.261482,0.467781,0.844281
-0.55689,0.827818,0.067754
-0.423332,0.67067,0.609093
-0.528554,0.752524,0.39286
-0.556579,0.803437,0.211448
-0.549128,0.817638,0.172994
-0.550843,0.814878,0.180404
-0.492597,0.70865,0.505137
-0.378239,0.577692,0.723331
-0.552027,0.802172,0.227567
-0.461641,0.650232,0.603395
-0.284177,0.472176,0.834443
-0.387999,0.543072,0.744668
-0.403804,0.540328,0.738233
-0.552297,0.776658,0.302936
-0.549361,0.77401,0.31482
-0.515966,0.852338,0.0854368
-0.533226,0.845456,0.0295773
-0.524531,0.849572,0.0556272
-0.485308,0.706323,0.515351
-0.498697,0.773005,0.392127
-0.598607,0.774244,0.205465
-0.391054,0.624257,0.676298
-0.521686,0.713859,0.467171
-0.459275,0.661144,0.593259
-0.449506,0.646001,0.61695
-0.495084,0.706022,0.506384
-0.541253,0.8202,0.185247
-0.576122,0.78683,0.22132
-0.448334,0.680887,0.57913
-0.55969,0.820873,0.113641
-0.369895,0.530314,0.762853
-0.506033,0.681667,0.528452
-0.508245,0.686864,0.519524
-0.491102,0.637934,0.593178
-0.461092,0.630268,0.624626
-0.516043,0.659282,0.546854
-0.414181,0.616431,0.669676
-0.54269,0.759989,0.357637
-0.550562,0.772643,0.316076
-0.553091,0.776177,0.302722
-0.555134,0.781659,0.284318
-0.348977,0.620141,0.702596
-0.523689,0.738591,0.424539
-0.364233,0.587952,0.722251
-0.369249,0.595872,0.713156
-0.464556,0.623274,0.629062
-0.55682,0.803881,0.20911
-0.42671,0.814988,0.392064
-0.537943,0.797042,0.274489
-0.590608,0.783868,0.191663
-0.515655,0.681619,0.519132
-0.210052,0.442382,0.871882
-0.606329,0.765644,0.214838
-0.586006,0.759827,0.281533
-0.573767,0.750886,0.327051
-0.388714,0.598945,0.700118
-0.358832,0.520068,0.775094
-0.557505,0.798388,0.227521
-0.342354,0.534861,0.772475
-0.624791,0.769239,-0.133816
-0.480308,0.79368,0.37333
-0.584132,0.73806,0.337725
-0.573327,0.789694,0.218359
-0.570756,0.787078,0.233978
-0.499433,0.700781,0.509387
-0.482939,0.664848,0.569866
-0.431921,0.735102,0.522559
-0.446008,0.75127,0.486487
-0.473041,0.806923,0.353707
-0.38358,0.719447,0.57902
-0.608114,0.779906,0.148138
-0.365018,0.534797,0.762073
-0.395139,0.598973,0.696489
-0.356197,0.580865,0.73193
-0.497389,0.706772,0.503068
-0.584201,0.790151,0.185395
-0.592135,0.791262,0.152584
-0.593801,0.792751,0.137644
-0.524586,0.747504,0.40749
-0.540092,0.76734,0.345674
-0.56223,0.793419,0.233204
-0.54938,0.783027,0.291633
-0.593737,0.74001,0.316012
-0.615607,0.787961,-0.0121555
-0.39856,0.718611,0.569868
-0.376249,0.687064,0.621596
-0.515375,0.683273,0.517232
-0.219648,0.443845,0.868768
-0.456811,0.662296,0.593878
-0.413401,0.796882,0.440547
-0.516249,0.674585,0.527659
-0.516917,0.662623,0.541968
-0.51798,0.668634,0.533504
-0.516832,0.670565,0.532193
-0.509486,0.752943,0.416537
-0.509256,0.854141,0.105359
-0.512232,0.856313,0.0659402
-0.548225,0.762105,0.34445
-0.553636,0.772645,0.310655
-0.462207,0.814983,0.349525
-0.434521,0.608193,0.6643
-0.454364,0.641984,0.617585
-0.20374,0.440463,0.874347
-0.552838,0.75551,0.351533
-0.382699,0.535617,0.752768
-0.419093,0.557777,0.716414
-0.505195,0.696889,0.509042
-0.503502,0.782301,0.366731
-0.507761,0.79646,0.328374
-0.423442,0.725192,0.54295
-0.512644,0.745726,0.425546
-0.390137,0.643845,0.658223
-0.393194,0.662911,0.637141
-0.394145,0.654461,0.645237
-0.541511,0.765502,0.347522
-0.533948,0.753875,0.382847
-0.529016,0.743164,0.409694
-0.403588,0.765844,0.500599
-0.506861,0.744343,0.434798
-0.52765,0.813786,0.243595
-0.549653,0.835075,0.0230689
-0.521732,0.799665,0.297208
-0.426406,0.761187,0.488644
-0.48035,0.688382,0.543503
-0.525805,0.850604,0.00151889
-0.55531,0.8042,0.211879
-0.553662,0.804137,0.216386
-0.509446,0.700155,0.500248
-0.39984,0.619472,0.675563
-0.300213,0.588154,0.750966
-0.549405,0.775729,0.310483
-0.423853,0.714259,0.556943
-0.467383,0.656204,0.592411
-0.480271,0.652132,0.58657
-0.506821,0.715614,0.480654
-0.4547,0.678916,0.576473
-0.446595,0.677721,0.584164
-0.440055,0.67603,0.591046
-0.417059,0.686337,0.595822
0,0,0
0,0,0
-0.397692,0.586864,0.70529
-0.390457,0.613751,0.686188
-0.388325,0.605487,0.694687
-0.504208,0.843309,0.186022
-0.49425,0.858246,0.138313
-0.530671,0.825511,0.192153
-0.450012,0.636835,0.626045
-0.444363,0.638331,0.628552
-0.476505,0.646262,0.596063
-0.371797,0.732887,0.569777
-0.346482,0.557284,0.754576
-0.415566,0.562428,0.714831
-0.53344,0.748139,0.394628
-0.443489,0.566793,0.694307
-0.401146,0.534432,0.743952
-0.557516,0.801681,0.215602
-0.555164,0.784223,0.277106
-0.516025,0.720946,0.462552
-0.409586,0.616268,0.672649
-0.556266,0.787762,0.264573
-0.370317,0.531552,0.761786
-0.410781,0.701752,0.582069
-0.451961,0.613138,0.647916
-0.535437,0.824615,0.182533
-0.374751,0.534333,0.757661
-0.370212,0.531561,0.761831
-0.387833,0.723278,0.571364
-0.361171,0.671949,0.646562
-0.556685,0.784929,0.272009
-0.238543,0.465865,0.852096
-0.246907,0.412487,0.876865
-0.550597,0.817765,0.167644
-0.543813,0.816664,0.193202
-0.466948,0.7844,0.408261
-0.580702,0.711759,0.395203
-0.554183,0.709119,0.435927
-0.438103,0.577804,0.688631
-0.484321,0.613529,0.623713
-0.514257,0.644708,0.565591
-0.505728,0.688831,0.519376
-0.290119,0.478439,0.828811
-0.573365,0.747666,0.335037
-0.476895,0.687347,0.547837
-0.432112,0.586768,0.684824
0,0,0
0,0,0
-0.37605,0.523001,0.76489
-0.36815,0.530661,0.763455
-0.398103,0.641934,0.655313
-0.505091,0.712768,0.486668
-0.450772,0.829785,0.329034
-0.55481,0.801378,0.223564
-0.593219,0.778859,0.203645
0,0,0
0,0,0
-0.515319,0.676326,0.526337
-0.471514,0.599902,0.64637
-0.320081,0.616805,0.719098
-0.293929,0.550365,0.781478
-0.46019,0.735231,0.497655
-0.30574,0.478213,0.823309
-0.559334,0.647634,0.517414
-0.54116,0.636051,0.550078
-0.399331,0.65306,0.643465
-0.604094,0.730683,0.318077
-0.509924,0.614126,0.602351
-0.518482,0.736075,0.435167
-0.515223,0.787338,0.338594
-0.511486,0.785032,0.349441
-0.497662,0.707743,0.50143
-0.36401,0.594693,0.716825
-0.442055,0.824385,0.353524
-0.458886,0.841253,0.285864
-0.443073,0.654388,0.612751
-0.391565,0.543114,0.74277
-0.502645,0.697437,0.510812
-0.499587,0.691867,0.52128
-0.520395,0.85075,0.0735729
-0.166106,0.431529,0.886676
-0.147211,0.425274,0.893013
-0.464598,0.777089,0.424594
-0.318926,0.497392,0.806776
-0.519894,0.850265,0.082225
-0.523236,0.628879,0.575097
-0.325131,0.562054,0.760517
-0.430489,0.585931,0.68656
-0.588769,0.782397,0.202995
-0.621309,0.778093,0.0924508
-0.31751,0.594361,0.738867
-0.412998,0.635256,0.652601
-0.475576,0.684896,0.552037
-0.372744,0.525403,0.764863
-0.529152,0.839826,0.121201
0,0,0
0,0,0
-0.513622,0.716499,0.472038
-0.512775,0.724378,0.460802
-0.514529,0.722099,0.46242
-0.409985,0.621709,0.667377
-0.513815,0.721532,0.464099
-0.544885,0.800922,0.248242
-0.519729,0.700848,0.488568
-0.599031,0.742812,0.298986
-0.525003,0.808435,0.266088
-0.512621,0.834496,0.20208
-0.496499,0.822737,0.276754
-0.517159,0.688183,0.508874
-0.429095,0.631516,0.645806
-0.634666,0.765025,0.109253
-0.483131,0.595823,0.641544
-0.557965,0.789695,0.255064
-0.309906,0.508894,0.80311
-0.555433,0.810418,0.186323
-0.541982,0.84023,0.0164329
-0.476543,0.686618,0.549057
-0.452412,0.674888,0.582968
-0.263793,0.471544,0.841463
-0.448567,0.653915,0.609247
-0.515137,0.725374,0.456582
-0.447684,0.580944,0.679769
-0.464697,0.696791,0.546388
-0.473062,0.69176,0.545601
-0.54016,0.840625,0.0397129
-0.495946,0.694095,0.521794
-0.377841,0.539668,0.752326
-0.511811,0.73044,0.452224
-0.509261,0.716838,0.476233
-0.543544,0.746998,0.382824
-0.545116,0.763389,0.346537
-0.424041,0.695718,0.579799
-0.363383,0.549506,0.752327
-0.552905,0.754595,0.35339
-0.461663,0.670271,0.581039
-0.354158,0.720898,0.595717
-0.250172,0.462373,0.850662
-0.55371,0.790431,0.261961
-0.553095,0.792331,0.257483
-0.403638,0.625373,0.667821
-0.35706,0.571062,0.739186
-0.352985,0.566779,0.744421
-0.31883,0.521195,0.791646
0,0,0
0,0,0
-0.449015,0.635819,0.62779
-0.556588,0.792741,0.24854
-0.586473,0.780282,0.217276
-0.351341,0.528795,0.772616
-0.403122,0.61632,0.676493
-0.384657,0.608363,0.694214
0,0,0
-0.601171,0.789946,0.120747
-0.491482,0.66194,0.565935
-0.521236,0.839056,0.155878
-0.523786,0.796188,0.302875
-0.390528,0.57313,0.720425
-0.582399,0.72404,0.369566
-0.500059,0.713541,0.490715
-0.314604,0.51584,0.796827
-0.541144,0.765741,0.347568
-0.50528,0.854749,0.11873
-0.507283,0.846399,0.162094
-0.350042,0.549826,0.758395
-0.393849,0.649253,0.650659
-0.439093,0.719072,0.538641
-0.572174,0.77016,0.281908
-0.515261,0.667895,0.53705
-0.51574,0.667221,0.537428
0,0,0
0,0,0
0,0,0
-0.37663,0.601553,0.704474
-0.269252,0.486367,0.831236
-0.500124,0.684855,0.529953
-0.368771,0.742583,0.559087
-0.2342,0.415039,0.879144
0,0,0
0,0,0
-0.480185,0.801266,0.356927
-0.395638,0.569837,0.720248
-0.309009,0.477361,0.822583
-0.225743,0.376921,0.898315
-0.29546,0.493379,0.818096
-0.577849,0.78598,0.21983
-0.521065,0.724105,0.45185
0,0,0
0,0,0
-0.602942,0.778731,0.173322
0,0,0
0,0,0
0,0,0
-0.614066,0.788066,-0.0433096
0,0,0
0,0,0
0,0,0
0,0,0
0,0,0
0,0,0
-0.374774,0.531947,0.759327
-0.479453,0.805787,0.347612
0,0,0
-0.416558,0.640818,0.64485
-0.358206,0.512038,0.780709
-0.428517,0.729597,0.532974
0,0,0
0,0,0
-0.557009,0.790662,0.254155
-0.285847,0.694125,0.660669
-0.553487,0.792141,0.257224
-0.515783,0.681475,0.519193
-0.522278,0.684178,0.509045
0,0,0
0,0,0
0,0,0
0,0,0
-0.473787,0.726042,0.498386
-0.352303,0.562369,0.74808
0,0,0
0,0,0
0,0,0
0,0,0
0,0,0
0,0,0
0,0,0
0,0,0
0,0,0
-0.238409,0.56759,0.788038
-0.230742,0.474635,0.8494
-0.160733,0.430019,0.888397
0,0,0
0,0,0
0,0,0
0,0,0
0,0,0
0,0,0
0,0,0
0,0,0
0,0,0
0,0,0
0,0,0
0,0,0
0,0,0
0,0,0
0,0,0
0,0,0
0,0,0
0,0,0
0,0,0
0,0,0
0,0,0
0,0,0
0,0,0
0,0,0
0,0,0
0,0,0
0,0,0
0,0,0
0,0,0
0,0,0
0,0,0
0,0,0
0,0,0
0,0,0
0,0,0
0,0,0
0,0,0
0,0,0
0,0,0
0,0,0
0,0,0
0,0,0
0,0,0
0,0,0
0,0,0
0,0,0
0,0,0
0,0,0
0,0,0
0,0,0
0,0,0
0,0,0
0,0,0
0,0,0
0,0,0
0,0,0
0,0,0
0,0,0
0,0,0
0,0,0
0,0,0
0,0,0
0,0,0
0,0,0
0,0,0
0,0,0
0,0,0
0,0,0
0,0,0
0,0,0
0,0,0
0,0,0
0,0,0
0,0,0
0,0,0
0,0,0
0,0,0
0,0,0
0,0,0
0,0,0
0,0,0
0,0,0
0,0,0
0,0,0
0,0,0
0,0,0
0,0,0
0,0,0
0,0,0
0,0,0
0,0,0
0,0,0
0,0,0
0,0,0
0,0,0
0,0,0
0,0,0
0,0,0
0,0,0
0,0,0
0,0,0
0,0,0
0,0,0
0,0,0
0,0,0
0,0,0
0,0,0
0,0,0
0,0,0
0,0,0
0,0,0
0,0,0
0,0,0
0,0,0
0,0,0
0,0,0
0,0,0
0,0,0
0,0,0
0,0,0
0,0,0
0,0,0
0,0,0
0,0,0
0,0,0
0,0,0
0,0,0
0,0,0
0,0,0
0,0,0
0,0,0
0,0,0
0,0,0
0,0,0
0,0,0
0,0,0
0,0,0
0,0,0
0,0,0
0,0,0
0,0,0
0,0,0
0,0,0
0,0,0
0,0,0
0,0,0
0,0,0
0,0,0
0,0,0
0,0,0
0,0,0
0,0,0
0,0,0
0,0,0
0,0,0
0,0,0
0,0,0
0,0,0
0,0,0
0,0,0
0,0,0
0,0,0
0,0,0
0,0,0
0,0,0
0,0,0
0,0,0
0,0,0
0,0,0
0,0,0
0,0,0
0,0,0
0,0,0
0,0,0
0,0,0
0,0,0
0,0,0
0,0,0
0,0,0
0,0,0
0,0,0
0,0,0
0,0,0
0,0,0
0,0,0
0,0,0
0,0,0
0,0,0
0,0,0
0,0,0
0,0,0
0,0,0
0,0,0
0,0,0
0,0,0
0,0,0
0,0,0
0,0,0
0,0,0
0,0,0
0,0,0
0,0,0
0,0,0
0,0,0
0,0,0
0,0,0
0,0,0
0,0,0
0,0,0
0,0,0
0,0,0
0,0,0
0,0,0
0,0,0
0,0,0
0,0,0
0,0,0
0,0,0
0,0,0
0,0,0
0,0,0
0,0,0
0,0,0
0,0,0
0,0,0
0,0,0
0,0,0
0,0,0
0,0,0
0,0,0
0,0,0
0,0,0
0,0,0
0,0,0
0,0,0
0,0,0
0,0,0
0,0,0
0,0,0
0,0,0
0,0,0
0,0,0
0,0,0
0,0,0
0,0,0
0,0,0
0,0,0
0,0,0
0,0,0
0,0,0
0,0,0
0,0,0
0,0,0
0,0,0
0,0,0
0,0,0
0,0,0
0,0,0
0,0,0
0,0,0
0,0,0
0,0,0
0,0,0
