0.537035,0.575764,0.570615,0.556336,0.556375,0.57387,0.560649,0.577707,0.581182,0.575665,0.57013,0.559111,0.554806,0.562191,0.57621,0.577157,0.579513,0.582775,0.579012,0.58228,0.591452,0.591177,0.585335,0.581439,0.580943,0.578477,0.574963,0.57592,0.572925,0.56821,0.573915,0.57114,0.570955,0.57008,0.567303,0.570077,0.568046,0.566862,0.564654,0.568076,0.568006,0.568727,0.568723
0.530684,0.580988,0.563991,0.575404,0.566833,0.553667,0.538942,0.533276,0.540576,0.551591,0.555253,0.555666,0.549674,0.53877,0.535038,0.54313,0.557545,0.559519,0.567482,0.585141,0.595009,0.590122,0.58805,0.589094,0.59105,0.597342,0.596205,0.596816,0.596672,0.595365,0.584159,0.584071,0.582287,0.583034,0.58088,0.582455,0.579007,0.576008,0.570058,0.568025,0.561365,0.563989,0.562314,0.563862,0.564744,0.567825,0.569673,0.569501,0.570359,0.570204,0.570193,0.569681,0.57233,0.567265,0.569533,0.5638,0.561625,0.558341,0.554815,0.552254,0.549626,0.533939,0.525461,0.517696,0.522591
0.528661,0.599355,0.567725,0.583319,0.537816,0.525247,0.556258,0.519532,0.528203,0.559549,0.555652,0.55929,0.552092,0.53274,0.542683,0.558998,0.54775,0.547545,0.553045,0.553938,0.548233,0.565789,0.586284,0.582112,0.586074,0.580325,0.574471,0.58887,0.606274,0.609662,0.609262,0.614626,0.611934,0.609837,0.618589,0.6094,0.587719,0.587024,0.586077,0.588693,0.589397,0.580585,0.577233,0.562142,0.565594,0.558146,0.55675,0.556255,0.565855,0.56308,0.56841,0.572749,0.574608,0.578919,0.582642,0.584521,0.590748,0.59191,0.593971,0.596467,0.592909,0.594921,0.589958,0.577196,0.571586,0.572367,0.552934,0.56064,0.559184,0.557892,0.549173,0.490856,0.46851,0.419994,0.406854,0.401982,0.42408,0.406272,0.402483,0.319008,0.339605,0.33751,0.310311,0.297671,0.296791,0.278423,0.255983,0.341216
0.498682,0.554104,0.527821,0.54848,0.554522,0.56178,0.553104,0.558193,0.554771,0.550655,0.525839,0.533585,0.537921,0.531136,0.541909,0.542862,0.544587,0.569889,0.589899,0.550068,0.538318,0.55071,0.538963,0.542255,0.564066,0.573877,0.579212,0.584836,0.587316,0.589025,0.602128,0.617386,0.614149,0.627792,0.628338,0.624527,0.62023,0.621277,0.628466,0.633156,0.625705,0.614604,0.603005,0.600647,0.600495,0.580431,0.577878,0.570575,0.550485,0.543832,0.546674,0.556288,0.556866,0.560997,0.569376,0.575043,0.580986,0.588455,0.593848,0.597018,0.599536,0.610086,0.619738,0.622338,0.626253,0.63298,0.636024,0.644647,0.631944,0.627025,0.605042,0.5956,0.590471,0.589937,0.572863,0.569551,0.531784,0.510562,0.442335,0.451156,0.403181,0.438766,0.377585,0.300215,0.320464,0.277392,0.298815,0.284255,0.280909,0.260726,0.269826,0.269902,0.28848,0.276956,0.219519,0.241979,0.241396,0.236088,0.255524,0.287814,0.295933,0.341763,0.362342,0.361967,0.360395,0.361947,0.372128,0.371741,0.366955
0.510225,0.583382,0.556978,0.554127,0.570051,0.607371,0.60386,0.566431,0.521587,0.532618,0.553119,0.5802,0.523946,0.537419,0.569465,0.535116,0.547201,0.542316,0.55762,0.543945,0.533856,0.567183,0.570507,0.562006,0.558816,0.540984,0.56727,0.579033,0.565609,0.568881,0.576487,0.586401,0.593196,0.604629,0.617138,0.625466,0.628309,0.636739,0.645487,0.653539,0.645546,0.644793,0.653641,0.654762,0.641346,0.63896,0.619768,0.603911,0.590638,0.587131,0.579699,0.571288,0.557675,0.545912,0.533242,0.537447,0.541973,0.541884,0.559791,0.575779,0.582135,0.596324,0.604816,0.613243,0.636081,0.652989,0.654026,0.670949,0.674728,0.668562,0.69816,0.736383,0.692251,0.667597,0.656111,0.647668,0.620551,0.619929,0.620685,0.602618,0.593242,0.542165,0.478249,0.478722,0.439184,0.356254,0.330959,0.301928,0.308701,0.300526,0.288176,0.270766,0.267061,0.250363,0.247999,0.239963,0.2432,0.26975,0.236099,0.239883,0.268346,0.303721,0.299127,0.326311,0.362824,0.372917,0.392418,0.395372,0.384448,0.414484,0.431569,0.45079,0.486961,0.494252,0.53337,0.544595,0.571517,0.553401,0.534279,0.553827,0.563812,0.575675,0.539055
0.401532,0.405759,0.408549,0.395036,0.396035,0.390787,0.460826,0.500558,0.510871,0.549247,0.564898,0.578622,0.565286,0.582207,0.559718,0.553967,0.552737,0.540129,0.541639,0.549482,0.559473,0.553216,0.543968,0.542645,0.539423,0.552278,0.566259,0.542694,0.59018,0.607855,0.563665,0.580208,0.584637,0.582078,0.589312,0.603986,0.61022,0.614204,0.626437,0.635203,0.643121,0.65916,0.663502,0.66487,0.669219,0.668898,0.670644,0.668641,0.670563,0.666265,0.636394,0.618122,0.582849,0.569067,0.544204,0.542796,0.539339,0.53376,0.544427,0.539077,0.543724,0.551872,0.554226,0.578867,0.596401,0.599596,0.61836,0.62114,0.643534,0.665742,0.662293,0.688451,0.718303,0.715562,0.708129,0.709801,0.710752,0.725787,0.744118,0.770147,0.850547,0.784757,0.763047,0.683156,0.56959,0.502246,0.425909,0.371477,0.364772,0.324715,0.349387,0.342986,0.303786,0.27939,0.238494,0.250701,0.25595,0.276834,0.260984,0.283951,0.289633,0.263243,0.229716,0.24149,0.317983,0.360118,0.363887,0.394745,0.387756,0.411285,0.44145,0.444124,0.434081,0.440532,0.462372,0.48841,0.52051,0.535628,0.546949,0.54636,0.573224,0.596054,0.59735,0.606771,0.621851,0.62847,0.635479,0.641546,0.650683,0.670486,0.690356,0.639269
0.301085,0.191397,0.21294,0.234871,0.256946,0.308393,0.346219,0.353922,0.34112,0.380388,0.454948,0.50987,0.444618,0.465425,0.559759,0.496186,0.516139,0.532947,0.544748,0.605088,0.571791,0.514498,0.531925,0.582152,0.590343,0.521784,0.52321,0.603746,0.599488,0.557877,0.548833,0.572831,0.590515,0.583572,0.585068,0.59122,0.585389,0.601562,0.618913,0.622514,0.654642,0.652428,0.646445,0.653035,0.661078,0.667848,0.684302,0.697044,0.697425,0.698708,0.701371,0.699987,0.689978,0.666458,0.645892,0.627519,0.606608,0.562521,0.526235,0.519608,0.5147,0.511825,0.544333,0.557206,0.560057,0.567618,0.574029,0.590298,0.612967,0.616556,0.634208,0.66407,0.671878,0.69195,0.704402,0.693137,0.72769,0.768064,0.776338,0.786518,0.801443,0.824051,0.829531,0.851414,0.809913,0.783812,0.738445,0.698647,0.656833,0.536248,0.435876,0.383874,0.363835,0.388673,0.394327,0.307243,0.294302,0.244078,0.261403,0.287659,0.306004,0.304867,0.290142,0.313106,0.364967,0.379873,0.377836,0.393185,0.395077,0.376446,0.428498,0.453033,0.445096,0.482606,0.481321,0.489832,0.504895,0.54342,0.569696,0.542791,0.538053,0.553087,0.5738,0.593251,0.610511,0.627113,0.633424,0.643762,0.643023,0.656851,0.650242,0.670096,0.680567,0.696388,0.685101,0.676214,0.679918,0.677845
0.360532,0.294868,0.294651,0.322533,0.309533,0.295221,0.234438,0.261485,0.306994,0.336273,0.421989,0.435615,0.442456,0.458242,0.431942,0.443838,0.433658,0.45399,0.474839,0.493112,0.523322,0.568003,0.5512,0.51792,0.55093,0.567356,0.562293,0.555884,0.547009,0.552141,0.568623,0.569624,0.560144,0.569866,0.598194,0.586403,0.567889,0.585827,0.613244,0.634084,0.638289,0.626934,0.626138,0.649254,0.670657,0.664195,0.670129,0.696507,0.708107,0.710831,0.721166,0.733796,0.73626,0.732588,0.723913,0.701234,0.658157,0.635583,0.62035,0.611301,0.570622,0.519226,0.487674,0.501938,0.514366,0.509725,0.561636,0.591493,0.569126,0.593908,0.619444,0.62052,0.637132,0.644705,0.662993,0.704687,0.717954,0.718544,0.742216,0.7451,0.776008,0.819579,0.80053,0.836984,0.875378,0.855235,0.845405,0.851932,0.878513,0.885326,0.850979,0.715648,0.625116,0.518616,0.434062,0.46914,0.387509,0.311721,0.276961,0.309889,0.310861,0.346423,0.329095,0.33726,0.392674,0.36577,0.332583,0.356699,0.432988,0.464991,0.4662,0.499559,0.507044,0.53129,0.54362,0.525263,0.563196,0.547617,0.575021,0.59782,0.585633,0.588332,0.594274,0.617902,0.618922,0.623123,0.622937,0.642475,0.656567,0.660108,0.671445,0.68008,0.678834,0.687199,0.705602,0.688977,0.683145,0.676268,0.681216,0.688566,0.695749,0.702858,0.711361
0.528764,0.566291,0.526305,0.477875,0.376873,0.307797,0.265962,0.281683,0.36896,0.413457,0.406978,0.437442,0.463646,0.466052,0.459293,0.449393,0.463757,0.471145,0.474197,0.47154,0.481959,0.508872,0.467921,0.484257,0.544486,0.502077,0.5124,0.554926,0.560236,0.550125,0.546765,0.543081,0.552231,0.575093,0.582427,0.597508,0.603505,0.59823,0.607788,0.616238,0.616551,0.628188,0.643738,0.653446,0.682419,0.673069,0.643442,0.680533,0.713327,0.721646,0.731117,0.730662,0.7505,0.753152,0.739346,0.734428,0.754875,0.780445,0.716048,0.639806,0.582467,0.548679,0.550647,0.531297,0.532048,0.537398,0.534424,0.546297,0.557427,0.564,0.566526,0.596854,0.63091,0.645737,0.674943,0.686071,0.685214,0.717741,0.748542,0.732186,0.779079,0.81678,0.817115,0.826233,0.819618,0.835525,0.873857,0.882037,0.884446,0.938912,0.955265,0.938683,0.956869,0.896015,0.786338,0.62242,0.457403,0.381452,0.361071,0.347932,0.367815,0.348289,0.374226,0.375062,0.349964,0.408479,0.46294,0.4594,0.506812,0.52533,0.489799,0.550307,0.587127,0.581454,0.605339,0.607752,0.608292,0.611204,0.611509,0.624335,0.638519,0.637796,0.646301,0.65826,0.653583,0.686539,0.678559,0.670261,0.688886,0.688361,0.695257,0.705284,0.700766,0.704614,0.721595,0.70115,0.696591,0.69927,0.697341,0.69565,0.69253,0.692848,0.695672,0.700524,0.703852,0.717479
0.592834,0.666465,0.648011,0.604377,0.563002,0.49256,0.492146,0.483442,0.485108,0.474817,0.481787,0.500125,0.544342,0.560226,0.514111,0.504848,0.509743,0.490315,0.497914,0.448252,0.467044,0.581626,0.533647,0.464037,0.499698,0.524131,0.528335,0.535454,0.527989,0.532704,0.568489,0.572025,0.598264,0.603378,0.550775,0.566379,0.588163,0.585144,0.590572,0.608059,0.628538,0.634695,0.648737,0.652458,0.657183,0.663148,0.688138,0.705266,0.708128,0.72088,0.741714,0.747175,0.760816,0.77755,0.800211,0.800201,0.80741,0.801044,0.78647,0.761657,0.720835,0.655955,0.575527,0.521771,0.50586,0.521571,0.543961,0.554371,0.564934,0.545621,0.588547,0.634498,0.662641,0.645927,0.602242,0.628242,0.673203,0.702315,0.678045,0.746766,0.80408,0.76556,0.795775,0.827439,0.820199,0.881308,0.951837,0.923387,0.865358,0.836182,0.901967,0.97526,0.970256,0.966331,0.946119,0.943993,0.877831,0.715887,0.568087,0.460454,0.352787,0.410008,0.452831,0.474831,0.527219,0.51149,0.506829,0.514225,0.534512,0.564847,0.559783,0.624876,0.666486,0.650198,0.674864,0.675483,0.681112,0.704749,0.690399,0.686843,0.702222,0.697858,0.703243,0.701515,0.708039,0.71725,0.720865,0.720093,0.710823,0.712356,0.722524,0.725351,0.726456,0.723384,0.713238,0.712673,0.7117,0.710902,0.713703,0.716414,0.715495,0.715205,0.713136,0.703383,0.708892,0.717264,0.715938,0.726228
0.620857,0.656168,0.646975,0.631592,0.595786,0.598122,0.581452,0.58055,0.583544,0.585776,0.590213,0.603564,0.611186,0.622519,0.678817,0.626512,0.61113,0.657092,0.653536,0.610957,0.549006,0.542803,0.487601,0.526398,0.523935,0.545523,0.557225,0.548683,0.572035,0.569981,0.573497,0.570627,0.566664,0.566065,0.574532,0.600242,0.59879,0.608505,0.639288,0.64333,0.631857,0.646821,0.65061,0.655534,0.667973,0.680133,0.712717,0.715678,0.726894,0.750069,0.740633,0.764547,0.794875,0.811393,0.830211,0.840929,0.845774,0.857857,0.844815,0.782757,0.697217,0.650704,0.575482,0.540552,0.52746,0.523776,0.52672,0.540944,0.568424,0.587955,0.590396,0.635468,0.673029,0.673473,0.665611,0.679462,0.70951,0.711263,0.734682,0.737594,0.775706,0.780054,0.777092,0.809712,0.844005,0.871038,0.877193,0.879,0.902182,0.953483,0.992233,0.981822,0.970055,1.00087,1.01798,1.00759,0.955169,0.769168,0.604168,0.525677,0.505518,0.508195,0.504662,0.534001,0.494435,0.578424,0.624292,0.54827,0.721493,0.708675,0.692269,0.733523,0.713231,0.719513,0.739291,0.753013,0.763364,0.758266,0.730192,0.723676,0.733236,0.742449,0.730086,0.734333,0.747941,0.739609,0.738448,0.731732,0.734416,0.743759,0.737604,0.732143,0.72699,0.724528,0.728357,0.731749,0.733846,0.73305,0.733444,0.733902,0.734068,0.734168,0.736483,0.732831,0.726149,0.727104,0.727016,0.731268
0.651967,0.668635,0.657911,0.646644,0.633315,0.631267,0.628566,0.63018,0.644478,0.660397,0.662134,0.671416,0.672547,0.689073,0.708817,0.690797,0.629154,0.605827,0.673142,0.693201,0.682514,0.669131,0.671863,0.663068,0.605898,0.628282,0.637596,0.576681,0.543166,0.534445,0.589143,0.607457,0.598468,0.600075,0.589258,0.603916,0.61525,0.627727,0.637703,0.65482,0.673015,0.666702,0.665153,0.673129,0.699407,0.707929,0.705867,0.737019,0.752123,0.774483,0.827772,0.837592,0.817628,0.804531,0.81471,0.854385,0.866499,0.876782,0.900093,0.890842,0.816996,0.698432,0.601045,0.558444,0.546589,0.534781,0.548669,0.556191,0.575788,0.60053,0.62356,0.637657,0.656625,0.671321,0.683413,0.707401,0.72636,0.726934,0.751411,0.79219,0.801538,0.783348,0.789768,0.794979,0.773996,0.831354,0.894169,0.884,0.901271,0.929313,0.935473,0.934952,0.940124,0.965761,0.978825,0.997086,0.99955,0.960113,0.912079,0.812717,0.672397,0.651281,0.673677,0.653496,0.679354,0.751717,0.757894,0.742031,0.650767,0.71888,0.754207,0.719893,0.752772,0.749358,0.751517,0.769038,0.76008,0.775942,0.778231,0.783033,0.765808,0.755913,0.741524,0.719193,0.726062,0.720202,0.730156,0.719718,0.71514,0.726248,0.72186,0.715085,0.709062,0.719267,0.730857,0.724287,0.735478,0.740938,0.745341,0.750258,0.750436,0.749507,0.748572,0.751513,0.750025,0.748884,0.749416,0.750137,0.7388
0.669425,0.667257,0.66695,0.665115,0.661064,0.661472,0.664982,0.672832,0.686993,0.694956,0.698434,0.734369,0.789756,0.796594,0.772526,0.750553,0.754314,0.760125,0.750502,0.73968,0.697994,0.664414,0.671358,0.661319,0.680501,0.653733,0.649092,0.634048,0.650422,0.671761,0.642012,0.654039,0.658053,0.653008,0.642805,0.64028,0.685124,0.669093,0.636006,0.649585,0.678807,0.70103,0.703561,0.708168,0.711557,0.734667,0.743431,0.763892,0.773676,0.787384,0.807131,0.805684,0.843748,0.884845,0.894346,0.910896,0.926698,0.949778,0.935253,0.841565,0.694394,0.595747,0.52932,0.552573,0.559865,0.556719,0.582501,0.607267,0.630258,0.646779,0.663167,0.668539,0.690519,0.717046,0.716618,0.735187,0.759783,0.765753,0.772049,0.773033,0.78173,0.771835,0.834222,0.834361,0.866756,0.913944,0.838627,0.833367,0.866896,0.889599,0.892298,0.902843,0.923032,0.936904,0.95269,0.960347,0.955926,0.954522,0.927822,0.840661,0.760335,0.748352,0.775812,0.741436,0.713855,0.746142,0.75562,0.7938,0.802092,0.80505,0.804789,0.775151,0.768673,0.771859,0.768583,0.765068,0.783265,0.746188,0.743233,0.771093,0.713068,0.714471,0.759236,0.706202,0.676162,0.705191,0.69794,0.679772,0.673454,0.648683,0.639291,0.686404,0.665602,0.684458,0.689165,0.697673,0.711636,0.732312,0.743979,0.761609,0.774654,0.791124,0.792605,0.779199,0.77025,0.780665,0.779451,0.748442
0.698385,0.681253,0.6784,0.693218,0.700198,0.694582,0.700495,0.723583,0.763525,0.788801,0.795387,0.80305,0.802116,0.793874,0.776033,0.791234,0.793735,0.776987,0.784153,0.761753,0.761999,0.748234,0.733504,0.718855,0.72204,0.741513,0.720386,0.694583,0.666422,0.676045,0.675555,0.683604,0.718318,0.742314,0.708115,0.678136,0.690897,0.730114,0.731678,0.697902,0.67628,0.712272,0.747905,0.735831,0.753283,0.759727,0.767789,0.785765,0.806148,0.807197,0.822262,0.878609,0.928357,0.915326,0.904078,0.938763,0.962211,0.892289,0.801978,0.696226,0.622498,0.58452,0.565169,0.573838,0.588868,0.616415,0.630502,0.627435,0.644641,0.6724,0.700859,0.712168,0.724396,0.732232,0.743827,0.752447,0.77222,0.782822,0.786708,0.805545,0.817412,0.823337,0.816085,0.768295,0.804973,0.932873,0.914104,0.835185,0.870842,0.88836,0.881494,0.898771,0.917495,0.934838,0.930028,0.915768,0.907905,0.884663,0.854322,0.813612,0.790866,0.781323,0.769614,0.767232,0.775356,0.796634,0.790463,0.793975,0.777306,0.751773,0.801801,0.790561,0.754986,0.756822,0.755621,0.738394,0.720776,0.734119,0.711946,0.684894,0.67991,0.666674,0.661228,0.662006,0.64575,0.638705,0.638966,0.631344,0.62797,0.621265,0.615982,0.607339,0.61366,0.650752,0.646979,0.672309,0.721959,0.75876,0.785717,0.798351,0.789787,0.791241,0.783192,0.795356,0.786644,0.79364,0.74977
0.740602,0.736772,0.734898,0.724013,0.721289,0.722836,0.745151,0.778695,0.826091,0.832873,0.828445,0.826822,0.830238,0.857439,0.878868,0.840854,0.794286,0.795991,0.809136,0.819866,0.803808,0.796486,0.7932,0.799366,0.767608,0.754943,0.771066,0.759684,0.740618,0.734365,0.732593,0.739182,0.731965,0.725739,0.71726,0.740627,0.79415,0.757769,0.770893,0.791457,0.804716,0.772993,0.746145,0.749125,0.768728,0.787823,0.799866,0.85165,0.823577,0.835807,0.8797,0.875449,0.891682,0.922999,0.922903,0.931506,0.900526,0.820002,0.699045,0.620591,0.602844,0.606705,0.621361,0.616686,0.622521,0.648533,0.672832,0.703043,0.701433,0.703627,0.717736,0.746212,0.766905,0.759043,0.772917,0.777938,0.777696,0.803309,0.820186,0.823027,0.833722,0.836653,0.846387,0.843139,0.84072,0.852392,0.839455,0.838921,0.868863,0.86568,0.872515,0.888061,0.878719,0.873793,0.891047,0.898496,0.891875,0.890613,0.864264,0.829367,0.810515,0.786649,0.775824,0.777395,0.773147,0.767291,0.760356,0.764447,0.766738,0.748217,0.762477,0.743969,0.716233,0.727992,0.716624,0.696289,0.685757,0.686003,0.6594,0.65313,0.659248,0.636206,0.628102,0.641224,0.588795,0.606008,0.632286,0.584514,0.590354,0.591073,0.567624,0.560026,0.576411,0.618346,0.599363,0.617912,0.655502,0.7144,0.753109,0.778294,0.771052,0.774122,0.785218,0.777708,0.781892,0.740432
0.753361,0.727969,0.73777,0.747036,0.771886,0.771528,0.807348,0.830854,0.866895,0.868604,0.862014,0.859175,0.875458,0.876609,0.877558,0.867839,0.858719,0.856907,0.855246,0.840615,0.822117,0.813174,0.806722,0.804656,0.812252,0.830552,0.824275,0.820957,0.809244,0.782972,0.754783,0.790907,0.838113,0.790307,0.795291,0.803355,0.793842,0.784787,0.782303,0.799097,0.796764,0.808313,0.809382,0.816422,0.813734,0.796903,0.819605,0.837917,0.832282,0.858291,0.905284,0.882503,0.882101,0.91622,0.876605,0.816036,0.737801,0.677056,0.656822,0.649179,0.663888,0.652895,0.661117,0.681326,0.674881,0.695082,0.716983,0.733989,0.74799,0.77379,0.769602,0.765658,0.769392,0.784382,0.782516,0.81152,0.808801,0.802794,0.839495,0.840183,0.842402,0.842206,0.848431,0.841268,0.8399,0.856488,0.887641,0.872705,0.847517,0.841935,0.868741,0.875193,0.849564,0.870526,0.887934,0.882672,0.875087,0.856096,0.8287,0.801029,0.773639,0.749622,0.74734,0.731012,0.732383,0.738728,0.759216,0.749395,0.70914,0.724667,0.711291,0.694134,0.698673,0.692643,0.680111,0.656166,0.652843,0.657879,0.645035,0.633802,0.627819,0.617261,0.597936,0.571744,0.581685,0.595762,0.560473,0.570172,0.583589,0.554446,0.553661,0.573961,0.576207,0.577948,0.624893,0.647728,0.674154,0.693283,0.712611,0.739027,0.741503,0.753358,0.766767,0.737534
0.774959,0.761787,0.774654,0.772835,0.796889,0.813224,0.863461,0.912073,0.897853,0.874717,0.91461,0.922919,0.884177,0.883971,0.888096,0.886114,0.877742,0.8733,0.871238,0.864198,0.85703,0.843224,0.847294,0.884298,0.86217,0.817024,0.834491,0.830887,0.841234,0.865453,0.837669,0.825624,0.819419,0.835616,0.821802,0.810897,0.823109,0.804071,0.82939,0.815053,0.796483,0.823755,0.799113,0.803505,0.817235,0.81359,0.827724,0.824878,0.833631,0.839886,0.841971,0.871408,0.852667,0.819736,0.792588,0.738788,0.730196,0.716851,0.666401,0.674416,0.687181,0.688934,0.694233,0.707406,0.708877,0.716706,0.735379,0.751456,0.759046,0.762627,0.777101,0.818663,0.825828,0.824298,0.840636,0.830248,0.824668,0.837346,0.835859,0.840652,0.849802,0.83838,0.863192,0.847889,0.844482,0.8811,0.856415,0.846441,0.853718,0.852105,0.849304,0.871383,0.873377,0.87231,0.884641,0.89172,0.88676,0.858579,0.823518,0.797573,0.777562,0.759063,0.739785,0.751144,0.741374,0.717058,0.723904,0.708341,0.679087,0.696665,0.702917,0.698032,0.679396,0.66526,0.658175,0.651183,0.644406,0.63303,0.617394,0.616429,0.60767,0.605934,0.605723,0.588326,0.578022,0.581393,0.576146,0.569584,0.573768,0.542634,0.550668,0.583065,0.590148,0.596008,0.617028,0.641371,0.657774,0.677944,0.70034,0.713984,0.726878,0.722719,0.721309
0.787358,0.787341,0.802272,0.816704,0.84573,0.867826,0.88969,0.900256,0.918538,0.914565,0.941157,0.932646,0.914723,0.912774,0.896963,0.895611,0.903245,0.885404,0.895449,0.889599,0.865719,0.859455,0.873478,0.884503,0.866577,0.848026,0.875999,0.869876,0.84075,0.84618,0.839052,0.831541,0.840857,0.849627,0.835821,0.820694,0.808165,0.81708,0.805244,0.80032,0.810159,0.793261,0.798205,0.79021,0.798337,0.795292,0.783226,0.815549,0.827978,0.820279,0.81809,0.814179,0.807855,0.798272,0.776258,0.767356,0.744016,0.706555,0.710736,0.732127,0.696737,0.700279,0.744928,0.784564,0.75419,0.749852,0.777397,0.777081,0.783288,0.786167,0.800212,0.799048,0.801055,0.821729,0.830278,0.824058,0.832697,0.834896,0.841168,0.859241,0.853109,0.844653,0.850603,0.843458,0.828524,0.847689,0.872115,0.875715,0.871422,0.876448,0.884889,0.886129,0.871489,0.85706,0.872151,0.874782,0.863987,0.848696,0.826735,0.796353,0.772514,0.760115,0.745521,0.738493,0.740725,0.734244,0.709875,0.699773,0.698131,0.699371,0.688906,0.675193,0.672614,0.667814,0.657395,0.645952,0.639997,0.623804,0.626611,0.618456,0.613078,0.623023,0.60131,0.575346,0.578907,0.59138,0.574579,0.565988,0.562569,0.563058,0.578195,0.577187,0.594557,0.611148,0.611533,0.634018,0.659602,0.669196,0.682749,0.686838,0.683847,0.702315
0.822988,0.837034,0.838739,0.853356,0.865341,0.880007,0.913561,0.953387,0.958308,0.940649,0.919393,0.910903,0.927744,0.941779,0.932125,0.919493,0.891794,0.885701,0.911399,0.904836,0.87499,0.835286,0.849499,0.890764,0.87736,0.87792,0.862982,0.845702,0.847867,0.860472,0.836189,0.825004,0.836857,0.819058,0.811767,0.797783,0.80034,0.803797,0.793042,0.783715,0.773838,0.771362,0.761273,0.75249,0.731795,0.743395,0.760836,0.760469,0.7621,0.76253,0.782786,0.785868,0.797621,0.796291,0.802447,0.791741,0.781651,0.780472,0.78341,0.775223,0.745134,0.78074,0.761783,0.75056,0.765306,0.768013,0.770111,0.761882,0.763357,0.778169,0.792502,0.783027,0.794297,0.788892,0.803652,0.784751,0.777513,0.805509,0.797925,0.787509,0.782132,0.785824,0.802991,0.81734,0.815898,0.821407,0.830126,0.832067,0.834305,0.83434,0.832148,0.837438,0.854662,0.849228,0.832023,0.826995,0.834532,0.829779,0.805375,0.79485,0.803503,0.788753,0.761111,0.747578,0.738386,0.726975,0.729468,0.725455,0.711504,0.692436,0.690945,0.676529,0.660661,0.657108,0.64504,0.64053,0.635378,0.647676,0.647423,0.612874,0.591383,0.573569,0.594746,0.61048,0.601221,0.599993,0.578738,0.550001,0.555219,0.568429,0.567404,0.573615,0.583651,0.601396,0.6103,0.604549,0.6376,0.669032,0.672963,0.66784,0.688832
0.87408,0.894921,0.89951,0.906026,0.924633,0.928395,0.936849,0.950834,0.942822,0.931218,0.92228,0.924598,0.929475,0.916336,0.921866,0.926006,0.88539,0.9109,0.944156,0.868491,0.836634,0.88066,0.887813,0.858468,0.829275,0.848716,0.859254,0.837511,0.834919,0.835812,0.819153,0.812299,0.817712,0.798864,0.789076,0.778881,0.76487,0.756338,0.749325,0.749002,0.737764,0.727025,0.726491,0.702953,0.686195,0.677089,0.685962,0.700393,0.699667,0.744013,0.788126,0.807068,0.829834,0.852008,0.858438,0.846122,0.833472,0.807675,0.783487,0.780031,0.774405,0.758311,0.727217,0.766468,0.770266,0.735435,0.755304,0.747397,0.71583,0.686504,0.688792,0.686759,0.63607,0.642535,0.677508,0.637034,0.638293,0.668023,0.675617,0.654956,0.654284,0.636668,0.631257,0.633778,0.668259,0.711364,0.71441,0.711363,0.729163,0.74011,0.715706,0.722769,0.735991,0.730156,0.746375,0.729332,0.720279,0.75208,0.767256,0.764951,0.769549,0.773735,0.787314,0.778206,0.735047,0.72991,0.725534,0.723627,0.715394,0.722161,0.714684,0.697108,0.699073,0.684039,0.669787,0.638155,0.637996,0.649753,0.626299,0.599873,0.584462,0.60211,0.626578,0.604513,0.582225,0.565676,0.552138,0.534919,0.541103,0.5523,0.534474,0.544057,0.568159,0.575627,0.57407,0.588112,0.613055,0.626784,0.625323,0.623063,0.652786
0.887509,0.917319,0.920276,0.939819,0.946261,0.96167,0.973847,0.968823,0.944545,0.918885,0.918566,0.918463,0.909528,0.910953,0.915642,0.902173,0.892333,0.885793,0.882629,0.875908,0.860557,0.84798,0.851988,0.858275,0.843207,0.825261,0.831959,0.823885,0.809285,0.80731,0.793757,0.784174,0.776971,0.764136,0.750901,0.737748,0.726619,0.718896,0.700803,0.68957,0.681812,0.66752,0.655821,0.643752,0.644011,0.658967,0.673009,0.711892,0.779493,0.836479,0.85133,0.850758,0.846317,0.82799,0.797055,0.77406,0.765846,0.771904,0.749255,0.733736,0.70317,0.688079,0.703752,0.691536,0.652799,0.657678,0.645341,0.616721,0.617889,0.615358,0.631674,0.612699,0.574572,0.585003,0.5811,0.571112,0.557801,0.551883,0.546343,0.542267,0.53828,0.567568,0.599733,0.600413,0.594201,0.605387,0.627201,0.61269,0.6188,0.627946,0.609354,0.619975,0.638832,0.62281,0.623139,0.641399,0.671756,0.698363,0.72736,0.758496,0.783608,0.794816,0.798492,0.803263,0.812052,0.787576,0.752409,0.738845,0.727617,0.74475,0.688032,0.625082,0.641416,0.695051,0.706491,0.657221,0.640699,0.633531,0.630971,0.618046,0.608751,0.594663,0.58226,0.5835,0.568741,0.547211,0.556598,0.548978,0.545532,0.558901,0.568027,0.558099,0.542149,0.566312,0.593847,0.592058,0.596414,0.600276,0.604449,0.63046
0.908064,0.95667,0.953318,0.96195,0.962426,0.955571,0.949002,0.941342,0.941119,0.933086,0.914969,0.916125,0.917631,0.91121,0.895971,0.883057,0.880308,0.873022,0.869253,0.864307,0.847658,0.84022,0.833406,0.820862,0.81809,0.805678,0.808601,0.795007,0.774924,0.772695,0.754948,0.746128,0.735126,0.722591,0.717366,0.703427,0.692206,0.680986,0.659562,0.642089,0.630524,0.621187,0.612959,0.612011,0.609582,0.613229,0.693082,0.793876,0.835757,0.825856,0.816678,0.780936,0.753496,0.755435,0.739148,0.73559,0.731762,0.699786,0.670962,0.677298,0.668691,0.6619,0.649566,0.628003,0.627616,0.607972,0.578562,0.582195,0.583785,0.596102,0.576129,0.548396,0.545051,0.526838,0.523853,0.530019,0.518725,0.532054,0.553351,0.572431,0.558724,0.520368,0.551053,0.534259,0.553114,0.578207,0.560325,0.563334,0.557213,0.564649,0.554386,0.551476,0.573527,0.574582,0.554114,0.515131,0.521871,0.636302,0.71005,0.795306,0.823018,0.820608,0.807662,0.800279,0.800791,0.78947,0.775591,0.769624,0.75405,0.748471,0.75045,0.706632,0.703416,0.685667,0.671367,0.662059,0.643778,0.659558,0.641051,0.635195,0.628396,0.602807,0.574071,0.578358,0.600063,0.5736,0.565645,0.590616,0.554401,0.551329,0.562895,0.56951,0.587891,0.590731,0.587825,0.589102,0.592272,0.595416,0.594788,0.619128
0.893903,0.928923,0.930121,0.930772,0.936076,0.950129,0.957323,0.949872,0.947809,0.936258,0.915603,0.912971,0.89603,0.881151,0.875219,0.87551,0.876549,0.845019,0.847897,0.85352,0.823218,0.839089,0.818255,0.776082,0.796772,0.786094,0.768087,0.761934,0.741255,0.729756,0.719883,0.708389,0.702706,0.68872,0.679521,0.670051,0.650816,0.633895,0.615463,0.601074,0.585967,0.588342,0.588814,0.599371,0.655743,0.733071,0.773204,0.800191,0.784818,0.747214,0.726467,0.731646,0.736972,0.733264,0.700814,0.664902,0.667282,0.666242,0.675638,0.637068,0.60033,0.602822,0.594409,0.59868,0.588068,0.57323,0.578811,0.57146,0.569764,0.569803,0.558037,0.531755,0.519882,0.531663,0.544483,0.53534,0.514222,0.516668,0.528719,0.536904,0.539894,0.555918,0.547109,0.516312,0.515,0.548872,0.557007,0.547991,0.529062,0.517375,0.496078,0.479203,0.50624,0.501431,0.477071,0.465034,0.483318,0.55019,0.631517,0.706972,0.75616,0.780006,0.810401,0.818793,0.805282,0.790047,0.765834,0.742519,0.740456,0.727664,0.715139,0.7012,0.758732,0.790647,0.707901,0.682506,0.660552,0.657503,0.64259,0.62457,0.64153,0.624007,0.61652,0.614472,0.60225,0.603965,0.591154,0.578927,0.601838,0.584733,0.578701,0.594472,0.586172,0.592818,0.605689,0.608593,0.617533,0.625941,0.624812,0.631969
0.895326,0.955802,0.951848,0.953394,0.955513,0.930406,0.920223,0.920988,0.923387,0.914297,0.904756,0.890571,0.881833,0.86189,0.847214,0.854082,0.858535,0.840445,0.809883,0.809413,0.804127,0.808265,0.786878,0.764897,0.762509,0.751703,0.739667,0.726326,0.712116,0.69259,0.687069,0.678266,0.667642,0.6556,0.644109,0.630648,0.613115,0.591817,0.573158,0.567729,0.559017,0.559731,0.602398,0.630523,0.672592,0.714001,0.737649,0.743621,0.740716,0.731485,0.717127,0.695338,0.680994,0.672619,0.657033,0.65458,0.635096,0.618917,0.611506,0.598638,0.605378,0.600708,0.596337,0.577709,0.550243,0.545885,0.551033,0.556865,0.562276,0.564206,0.563643,0.547075,0.535583,0.534471,0.545838,0.527126,0.512266,0.546566,0.523424,0.524035,0.529481,0.533615,0.54947,0.550757,0.528415,0.501153,0.485719,0.488084,0.481188,0.512531,0.535331,0.440377,0.457075,0.451269,0.432367,0.458241,0.442594,0.469995,0.53933,0.628981,0.734218,0.769536,0.777467,0.791269,0.811843,0.817425,0.775179,0.76845,0.844406,0.78485,0.74277,0.764328,0.717007,0.687385,0.694365,0.698725,0.68159,0.67772,0.656774,0.639253,0.642426,0.622479,0.626482,0.643586,0.634681,0.620348,0.606022,0.612367,0.624415,0.618989,0.613973,0.607895,0.622042,0.632959,0.624981,0.621881,0.629393,0.63644,0.635878,0.636565
0.870494,0.917065,0.910443,0.91335,0.910113,0.914687,0.917009,0.912524,0.902082,0.891058,0.880361,0.869558,0.856656,0.850468,0.836364,0.824215,0.807873,0.787273,0.784884,0.787284,0.789553,0.785432,0.770017,0.753079,0.745354,0.74313,0.711488,0.659838,0.65013,0.658458,0.669003,0.648595,0.637654,0.624179,0.608199,0.588135,0.580396,0.580742,0.574746,0.542501,0.517401,0.54365,0.601884,0.636311,0.676916,0.693357,0.707837,0.713025,0.702699,0.692736,0.67962,0.662044,0.657313,0.640212,0.623589,0.620047,0.608727,0.598943,0.59626,0.599323,0.602905,0.582433,0.55653,0.561367,0.558495,0.541215,0.545,0.562211,0.563113,0.55366,0.542948,0.549151,0.560999,0.551299,0.530524,0.530002,0.571344,0.559907,0.520188,0.518008,0.521302,0.52525,0.514379,0.535111,0.515694,0.484543,0.524961,0.4956,0.428822,0.495364,0.474163,0.43179,0.483062,0.476464,0.400184,0.39253,0.424964,0.42114,0.469173,0.548725,0.647262,0.745724,0.786841,0.822501,0.886165,0.823895,0.768784,0.795567,0.801082,0.759593,0.760954,0.745655,0.691371,0.721084,0.714234,0.686274,0.670173,0.658896,0.679931,0.678229,0.666918,0.650555,0.64477,0.654968,0.6433,0.633877,0.622176,0.639014,0.656741,0.645814,0.642779,0.639622,0.654396,0.665564,0.662468,0.657337,0.652337,0.652535,0.653057,0.646806
0.834998,0.863372,0.860514,0.86705,0.872072,0.890212,0.926756,0.897688,0.857954,0.869097,0.857077,0.84151,0.835253,0.819273,0.806054,0.802503,0.802344,0.784802,0.779749,0.7709,0.749572,0.743564,0.713531,0.673674,0.702524,0.699414,0.696848,0.688043,0.637983,0.630079,0.624923,0.62211,0.605151,0.589575,0.58021,0.564051,0.561472,0.559299,0.5379,0.531359,0.522146,0.531429,0.561391,0.590312,0.626159,0.666411,0.683333,0.688788,0.675125,0.663571,0.652701,0.634432,0.631904,0.619922,0.603006,0.601788,0.595655,0.589354,0.584964,0.579472,0.569778,0.562593,0.566757,0.56509,0.556157,0.551873,0.553303,0.556534,0.542479,0.525337,0.543517,0.561711,0.546544,0.53223,0.539301,0.54003,0.537474,0.551011,0.559987,0.558763,0.526506,0.499124,0.529401,0.517175,0.497328,0.507272,0.508316,0.474747,0.457839,0.482841,0.445611,0.415932,0.478183,0.498053,0.469825,0.424731,0.39319,0.388056,0.43737,0.544383,0.676344,0.780024,0.814953,0.84459,0.878647,0.84502,0.781424,0.770926,0.808298,0.739078,0.745849,0.742092,0.659156,0.704406,0.736597,0.708856,0.700406,0.701836,0.691421,0.666609,0.673788,0.663017,0.676817,0.678293,0.654338,0.657315,0.651789,0.661417,0.678611,0.681199,0.67398,0.667416,0.677808,0.687558,0.691675,0.697765,0.691651,0.683699,0.68612,0.667698
0.823644,0.857248,0.857737,0.856738,0.862239,0.847487,0.827493,0.828758,0.822203,0.836691,0.83779,0.821613,0.813242,0.783743,0.786917,0.769953,0.751293,0.72675,0.745324,0.782149,0.728447,0.720416,0.708559,0.675206,0.658173,0.671835,0.66353,0.630722,0.626293,0.609113,0.597422,0.584901,0.578221,0.567014,0.555751,0.54321,0.539056,0.533684,0.521731,0.513499,0.524958,0.539972,0.560946,0.582522,0.609108,0.637448,0.650353,0.656015,0.643138,0.631896,0.626959,0.615341,0.609966,0.608076,0.59165,0.579189,0.581304,0.576768,0.572997,0.567159,0.562483,0.567498,0.564542,0.556529,0.539256,0.538766,0.556122,0.55022,0.543925,0.548243,0.552825,0.544959,0.546591,0.552948,0.534143,0.527953,0.537777,0.541414,0.540476,0.537536,0.53368,0.545705,0.521859,0.494938,0.520843,0.512976,0.484329,0.504769,0.530858,0.479143,0.513982,0.499313,0.410252,0.435357,0.418126,0.403435,0.414155,0.407849,0.40564,0.509598,0.685296,0.806389,0.829215,0.823118,0.778935,0.786614,0.80418,0.760827,0.761611,0.772139,0.726066,0.786401,0.801472,0.745693,0.685813,0.6437,0.730493,0.715294,0.687545,0.680084,0.677453,0.671019,0.678334,0.684866,0.678623,0.672007,0.66952,0.680328,0.708059,0.720482,0.710154,0.698919,0.691253,0.713677,0.731287,0.730515,0.730571,0.729231,0.732729,0.696942
0.787649,0.800432,0.801815,0.80168,0.796382,0.800871,0.817036,0.802295,0.783469,0.800442,0.796974,0.785225,0.762239,0.75375,0.774863,0.75631,0.741979,0.746138,0.711517,0.674632,0.689703,0.694438,0.676225,0.66733,0.660958,0.640949,0.632334,0.616655,0.602461,0.595332,0.585311,0.567415,0.55542,0.543666,0.544225,0.528411,0.515474,0.512511,0.506798,0.491964,0.508907,0.531759,0.534181,0.559372,0.585058,0.605373,0.609944,0.618413,0.624846,0.611379,0.599078,0.600467,0.595506,0.580267,0.573762,0.579242,0.572227,0.56283,0.560899,0.560855,0.555221,0.548833,0.552867,0.558096,0.559881,0.554363,0.544419,0.546265,0.554888,0.554433,0.542122,0.542103,0.556351,0.548145,0.53155,0.529308,0.536214,0.520769,0.523277,0.542032,0.546365,0.53314,0.517997,0.532637,0.518837,0.497584,0.509424,0.529886,0.5223,0.49878,0.489911,0.493672,0.465799,0.430323,0.426535,0.418826,0.411695,0.393116,0.429965,0.56438,0.674473,0.80105,0.814616,0.813105,0.813758,0.805199,0.770129,0.766943,0.828717,0.774235,0.732757,0.741827,0.707233,0.733174,0.712633,0.693832,0.696824,0.717359,0.713749,0.688497,0.682976,0.671873,0.678697,0.69837,0.696933,0.685492,0.693794,0.711653,0.714295,0.718439,0.734603,0.740083,0.727597,0.728577,0.73925,0.742787,0.741596,0.742741,0.745854,0.708371
0.759076,0.762584,0.76247,0.76286,0.756272,0.758467,0.774643,0.760708,0.738907,0.75868,0.763319,0.750866,0.729116,0.722845,0.733286,0.706676,0.695829,0.698563,0.69282,0.694861,0.66985,0.666008,0.659004,0.626649,0.63025,0.617994,0.616294,0.602672,0.586367,0.591077,0.577183,0.547087,0.547057,0.547274,0.527094,0.519528,0.51272,0.493876,0.499257,0.5094,0.502112,0.508182,0.514631,0.526802,0.550328,0.579837,0.592757,0.593674,0.593353,0.595085,0.593691,0.596224,0.583647,0.569933,0.568586,0.565304,0.562264,0.559769,0.554574,0.553871,0.554608,0.547468,0.541098,0.551622,0.558876,0.546122,0.541589,0.543974,0.544351,0.54138,0.539212,0.541786,0.541469,0.536935,0.537532,0.53733,0.531429,0.526546,0.525441,0.538783,0.535351,0.528597,0.537461,0.535541,0.515519,0.508527,0.519297,0.519083,0.509413,0.506194,0.508667,0.50964,0.487694,0.472102,0.445941,0.428827,0.445539,0.411979,0.388551,0.452883,0.56213,0.694644,0.771929,0.797753,0.776667,0.795102,0.801337,0.747434,0.765896,0.774689,0.736142,0.719971,0.716225,0.735475,0.750344,0.717849,0.686507,0.690481,0.690068,0.702629,0.71387,0.712915,0.700974,0.683441,0.708002,0.712581,0.700426,0.711057,0.723706,0.726307,0.727099,0.743692,0.753083,0.758267,0.757459,0.756818,0.767637,0.779988,0.780082,0.787149,0.736735
0.734145,0.728722,0.728713,0.728917,0.718828,0.715392,0.728498,0.718409,0.701596,0.71339,0.729685,0.707695,0.691605,0.703069,0.710032,0.707748,0.703608,0.66733,0.641443,0.645852,0.658593,0.644346,0.601856,0.615845,0.617156,0.608257,0.597456,0.579905,0.575154,0.564924,0.561996,0.543134,0.522387,0.533691,0.532277,0.516948,0.5033,0.501045,0.490035,0.491992,0.49814,0.489086,0.494195,0.515314,0.52588,0.550584,0.56521,0.572636,0.579926,0.579843,0.578827,0.582319,0.575729,0.564464,0.56275,0.559712,0.55282,0.54965,0.552395,0.546367,0.542989,0.540631,0.536211,0.538414,0.54049,0.539192,0.532818,0.530904,0.535234,0.539956,0.539902,0.532747,0.530711,0.533571,0.536663,0.535245,0.535413,0.527341,0.524983,0.526109,0.52113,0.528014,0.528387,0.526452,0.528413,0.535415,0.518244,0.499911,0.51,0.50572,0.497185,0.495269,0.484663,0.473347,0.474491,0.457712,0.426622,0.427146,0.453828,0.499947,0.565726,0.691332,0.739452,0.759026,0.785653,0.775537,0.747166,0.755092,0.776202,0.729386,0.714075,0.723049,0.732415,0.7286,0.731546,0.721002,0.716094,0.695606,0.691869,0.69829,0.708455,0.722216,0.701312,0.692483,0.697669,0.712279,0.718631,0.716756,0.719292,0.730997,0.748389,0.76308,0.771167,0.776702,0.785677,0.775484,0.771399,0.788612,0.793472,0.79612,0.746191
0.708356,0.693924,0.693354,0.692039,0.676233,0.679351,0.687951,0.681737,0.674047,0.688637,0.680217,0.653808,0.676684,0.665636,0.628929,0.664539,0.671025,0.644516,0.662675,0.648905,0.62147,0.621873,0.610195,0.597212,0.589992,0.585987,0.593368,0.570334,0.547524,0.557125,0.562313,0.537495,0.498393,0.51452,0.527204,0.508705,0.499722,0.489345,0.489093,0.491145,0.478903,0.483667,0.493444,0.493132,0.509992,0.530523,0.540609,0.554137,0.564039,0.566997,0.571102,0.56614,0.558135,0.558514,0.555024,0.548152,0.546283,0.545919,0.541771,0.541096,0.536863,0.530775,0.532863,0.527793,0.524612,0.528581,0.534034,0.530137,0.525232,0.530254,0.529222,0.534286,0.527776,0.517947,0.521568,0.523636,0.527179,0.534087,0.529554,0.518993,0.522775,0.520935,0.519191,0.52298,0.52928,0.528319,0.517301,0.514681,0.511287,0.496887,0.485401,0.488085,0.490432,0.482416,0.464264,0.451868,0.451363,0.447722,0.457492,0.496718,0.57463,0.670142,0.730845,0.763951,0.781823,0.764681,0.76807,0.772094,0.745176,0.725771,0.744627,0.730165,0.705483,0.715333,0.719283,0.729243,0.72487,0.698544,0.704764,0.710995,0.700339,0.710751,0.704228,0.7013,0.701941,0.71375,0.728275,0.728098,0.736167,0.744664,0.747932,0.762797,0.780077,0.778757,0.778641,0.790057,0.807757,0.809227,0.803754,0.813298,0.759849
0.683536,0.657425,0.657452,0.654331,0.656597,0.651462,0.656395,0.656102,0.65122,0.653193,0.650782,0.646105,0.636438,0.61853,0.636063,0.629685,0.622008,0.628347,0.622802,0.617303,0.614031,0.60939,0.585203,0.57168,0.572816,0.570062,0.56963,0.563037,0.570219,0.553096,0.529175,0.521422,0.509638,0.505164,0.504195,0.500537,0.494154,0.485011,0.484967,0.481167,0.481181,0.483408,0.480071,0.492465,0.496776,0.507269,0.520707,0.53553,0.545147,0.55436,0.556826,0.554106,0.549759,0.546826,0.544152,0.541048,0.537815,0.538142,0.536427,0.53163,0.525273,0.523079,0.522296,0.525628,0.521865,0.514293,0.517871,0.523011,0.514548,0.508821,0.515645,0.521678,0.532391,0.523636,0.508578,0.51253,0.524108,0.528248,0.523577,0.529354,0.525569,0.515082,0.523041,0.514767,0.507165,0.517396,0.517604,0.520878,0.513317,0.505508,0.506616,0.49816,0.475177,0.466688,0.470359,0.463839,0.444446,0.438556,0.444287,0.483152,0.542534,0.640533,0.727875,0.762807,0.768442,0.772405,0.775873,0.75704,0.740851,0.760519,0.739549,0.697132,0.712857,0.733353,0.710073,0.724003,0.717475,0.706959,0.721291,0.692303,0.687415,0.702292,0.739637,0.723435,0.711898,0.732771,0.725487,0.733649,0.731918,0.741892,0.74101,0.761574,0.790941,0.800045,0.802022,0.798264,0.80766,0.817692,0.819339,0.823057,0.769288
0.662207,0.622075,0.626169,0.629128,0.635128,0.62693,0.630745,0.639086,0.62812,0.615058,0.605425,0.596487,0.590388,0.614014,0.62563,0.610547,0.621475,0.589012,0.573418,0.59778,0.578739,0.586845,0.601257,0.593779,0.576605,0.557854,0.553898,0.547335,0.540193,0.534994,0.523063,0.511082,0.504857,0.500724,0.49853,0.489923,0.490729,0.483235,0.474089,0.484809,0.482094,0.472429,0.473659,0.483398,0.488837,0.495949,0.510051,0.516276,0.531722,0.53746,0.545229,0.547284,0.544224,0.535064,0.531181,0.533229,0.534908,0.527173,0.517434,0.518444,0.5205,0.516476,0.509992,0.508028,0.506495,0.508886,0.508841,0.508079,0.511001,0.505678,0.492827,0.513352,0.536745,0.515526,0.506348,0.515592,0.511699,0.510022,0.520938,0.526299,0.523012,0.529696,0.52074,0.515325,0.511098,0.501597,0.508723,0.517199,0.520688,0.505536,0.503179,0.497301,0.487063,0.481824,0.475638,0.44985,0.447323,0.4471,0.44704,0.447554,0.505003,0.581851,0.697942,0.769365,0.803009,0.78822,0.787738,0.78667,0.772223,0.770918,0.759956,0.760902,0.719793,0.692504,0.705518,0.708979,0.730138,0.739628,0.727188,0.740455,0.732389,0.716314,0.714326,0.723007,0.710846,0.707156,0.725158,0.725504,0.732142,0.742595,0.772592,0.787599,0.794559,0.797829,0.801409,0.808214,0.816316,0.819985,0.815699,0.820701,0.775058
0.652936,0.624892,0.620422,0.612621,0.602255,0.597769,0.58269,0.551064,0.555644,0.594228,0.602691,0.597485,0.595122,0.587262,0.569708,0.597758,0.606304,0.580878,0.570085,0.559698,0.56753,0.572059,0.562773,0.561959,0.564796,0.549244,0.549008,0.559744,0.538103,0.51804,0.513361,0.506104,0.499058,0.495805,0.496197,0.490318,0.483861,0.481712,0.483187,0.471834,0.469918,0.474149,0.462592,0.466024,0.48576,0.492681,0.489406,0.508969,0.519665,0.528149,0.534651,0.534152,0.53137,0.529322,0.523378,0.512572,0.508575,0.51113,0.513252,0.508192,0.506992,0.502217,0.498569,0.505169,0.500848,0.491095,0.486151,0.493304,0.50313,0.506063,0.511025,0.509645,0.501477,0.501993,0.509985,0.517632,0.526566,0.519375,0.50426,0.5128,0.519489,0.522677,0.525934,0.534343,0.52281,0.514751,0.519797,0.508662,0.512132,0.507689,0.505328,0.50373,0.488141,0.48718,0.476915,0.464811,0.469613,0.457146,0.444127,0.458421,0.477035,0.514486,0.633079,0.744191,0.812269,0.827804,0.826964,0.814392,0.810424,0.802282,0.760325,0.774482,0.773349,0.802557,0.795168,0.718777,0.720593,0.73081,0.730995,0.747268,0.740387,0.701067,0.733528,0.742164,0.744424,0.728914,0.725524,0.729291,0.745047,0.769555,0.744769,0.745636,0.771302,0.790245,0.801316,0.81047,0.825478,0.84153,0.85544,0.868205,0.806195
0.63094,0.59044,0.58684,0.579692,0.576711,0.575016,0.573581,0.569117,0.55595,0.542981,0.539989,0.553549,0.574887,0.567691,0.562361,0.569075,0.563097,0.561396,0.572104,0.552405,0.550147,0.560691,0.55287,0.545683,0.54266,0.529346,0.52485,0.540248,0.520054,0.516227,0.504662,0.509839,0.511618,0.496314,0.485947,0.482923,0.48641,0.477106,0.469222,0.476249,0.467898,0.458333,0.469108,0.476917,0.470477,0.48028,0.483505,0.488712,0.505933,0.520069,0.525044,0.526575,0.523822,0.519042,0.510341,0.505149,0.495726,0.492764,0.494097,0.486601,0.479432,0.490206,0.492451,0.483214,0.47926,0.482985,0.484285,0.484789,0.480731,0.494562,0.508562,0.500819,0.504079,0.51291,0.511014,0.515997,0.520323,0.5099,0.515478,0.52162,0.521403,0.532435,0.538571,0.535174,0.533804,0.530569,0.510468,0.507823,0.513707,0.508236,0.510045,0.50365,0.494754,0.495733,0.473953,0.464279,0.472295,0.476407,0.492409,0.531737,0.5477,0.55564,0.615438,0.719196,0.805614,0.864815,0.869597,0.869839,0.873765,0.876034,0.85189,0.82301,0.810927,0.780104,0.782937,0.796274,0.733918,0.752948,0.765482,0.742587,0.746783,0.711172,0.737651,0.750676,0.728569,0.737528,0.74848,0.749397,0.768386,0.75032,0.747855,0.773583,0.766347,0.802743,0.820842,0.816333,0.843895,0.859306,0.86569,0.807314
0.622808,0.586989,0.582713,0.572102,0.553489,0.5366,0.523081,0.517203,0.518839,0.520504,0.528364,0.525892,0.529008,0.539297,0.545473,0.559659,0.5637,0.561125,0.548147,0.531366,0.532452,0.542263,0.543548,0.537008,0.53388,0.532465,0.516071,0.493123,0.501471,0.518949,0.517407,0.508176,0.500998,0.489546,0.483136,0.471916,0.468322,0.47509,0.463763,0.462157,0.468962,0.464984,0.458483,0.473373,0.47142,0.469116,0.478794,0.490972,0.499531,0.50948,0.518696,0.520791,0.517763,0.51761,0.509865,0.496842,0.485369,0.469256,0.464425,0.470505,0.473648,0.470047,0.468433,0.471789,0.478163,0.470689,0.491606,0.49474,0.463066,0.451884,0.485561,0.507162,0.513993,0.507273,0.510258,0.521214,0.520259,0.523766,0.530223,0.539833,0.544783,0.536058,0.530029,0.540183,0.552364,0.540743,0.522837,0.524082,0.522479,0.512592,0.51724,0.512588,0.49982,0.502083,0.481206,0.477852,0.479171,0.495439,0.526397,0.545907,0.608189,0.632842,0.733332,0.791527,0.898661,0.945285,0.93458,0.922367,0.928085,0.929923,0.894213,0.856577,0.859199,0.858829,0.828249,0.800304,0.821406,0.822201,0.78394,0.759738,0.774225,0.769496,0.766142,0.7635,0.768646,0.751187,0.76242,0.769794,0.752387,0.76346,0.782458,0.789048,0.795663,0.802313,0.798452,0.81563,0.827067,0.829881,0.796057
0.607541,0.565477,0.554169,0.540476,0.524235,0.514676,0.508439,0.50105,0.498537,0.496206,0.495097,0.508513,0.517053,0.514841,0.515644,0.521923,0.505543,0.506552,0.530449,0.533409,0.528501,0.534615,0.539506,0.52732,0.519162,0.517884,0.51979,0.510196,0.506068,0.505582,0.502566,0.490605,0.489322,0.482921,0.484225,0.486348,0.474702,0.474566,0.466938,0.458102,0.452992,0.46404,0.459096,0.457738,0.47084,0.470371,0.478678,0.487678,0.501985,0.517077,0.521986,0.522872,0.518951,0.515288,0.507035,0.499101,0.492321,0.471334,0.430188,0.450477,0.477945,0.465874,0.449876,0.458474,0.460946,0.4776,0.479221,0.47514,0.47481,0.489583,0.502835,0.509201,0.504719,0.508098,0.528036,0.532116,0.539631,0.544431,0.538436,0.534241,0.540467,0.545149,0.556406,0.557144,0.558426,0.55747,0.544843,0.54212,0.539381,0.5218,0.530151,0.523938,0.512889,0.51173,0.495613,0.497452,0.498727,0.520645,0.568211,0.600655,0.600328,0.636362,0.707358,0.792702,0.906331,0.985912,0.990407,0.97637,0.954755,0.928056,0.938521,0.925027,0.900391,0.898626,0.885983,0.864074,0.854868,0.851679,0.836815,0.822962,0.817918,0.808773,0.805504,0.810746,0.803264,0.7947,0.791324,0.783459,0.774433,0.775074,0.775692,0.784207,0.78071,0.774937,0.795262,0.807192,0.809456,0.793256
0.599669,0.568754,0.567832,0.548432,0.511937,0.488643,0.482742,0.470317,0.471439,0.491499,0.500067,0.493757,0.487849,0.482664,0.483272,0.480249,0.47381,0.493958,0.505095,0.505746,0.512452,0.510519,0.504644,0.519904,0.529352,0.528517,0.524583,0.496115,0.515299,0.556783,0.509414,0.437552,0.480239,0.494691,0.477531,0.484584,0.473806,0.462683,0.456714,0.464681,0.47445,0.466476,0.463604,0.467506,0.47483,0.4759,0.483018,0.502861,0.505131,0.520389,0.539467,0.537366,0.534958,0.533617,0.515718,0.506875,0.498486,0.494482,0.484526,0.471863,0.452585,0.45861,0.463334,0.460087,0.46553,0.477557,0.492069,0.495808,0.510107,0.525137,0.534393,0.516444,0.505898,0.49948,0.509609,0.535717,0.538029,0.550717,0.5536,0.547704,0.552763,0.578296,0.597092,0.573555,0.552317,0.562024,0.557932,0.559138,0.55502,0.545991,0.553452,0.542394,0.531171,0.527411,0.513607,0.504309,0.523379,0.559572,0.642493,0.669962,0.723023,0.697186,0.757412,0.807728,0.907373,0.991267,1.01157,1.00256,0.979376,0.964389,0.971785,0.970461,0.952831,0.949789,0.926048,0.906585,0.908835,0.896336,0.87217,0.857115,0.864012,0.852978,0.842104,0.833793,0.841919,0.819686,0.782891,0.805655,0.798901,0.785136,0.795634,0.794439,0.788323,0.7854,0.786539,0.785876,0.786737
0.580802,0.530717,0.53472,0.516719,0.488787,0.460947,0.441541,0.430478,0.428252,0.442015,0.452309,0.449174,0.43815,0.44713,0.479392,0.495385,0.501157,0.516785,0.513107,0.499232,0.505936,0.503651,0.511053,0.511536,0.506584,0.524767,0.536796,0.519493,0.521305,0.490027,0.472594,0.475637,0.472165,0.488554,0.499029,0.493052,0.481785,0.476842,0.482846,0.478611,0.476745,0.488037,0.481972,0.475516,0.48771,0.502514,0.494538,0.519412,0.542761,0.537633,0.55005,0.580842,0.599308,0.585707,0.541761,0.502608,0.476157,0.480974,0.478342,0.484262,0.477649,0.479569,0.461997,0.463537,0.477954,0.489735,0.509414,0.507182,0.513619,0.523576,0.523219,0.510451,0.529567,0.570894,0.572688,0.574807,0.578729,0.569483,0.590518,0.576084,0.568413,0.601764,0.59493,0.592759,0.583722,0.584339,0.605316,0.600036,0.571971,0.577406,0.585005,0.575338,0.561616,0.549298,0.536629,0.532809,0.548959,0.617631,0.707071,0.798477,0.857589,0.862632,0.876644,0.909954,0.936861,0.988928,1.00168,1.01574,0.997953,0.984395,0.981548,0.977019,0.972865,0.969146,0.94741,0.931184,0.922455,0.898569,0.890918,0.896562,0.879242,0.857085,0.850718,0.843989,0.839621,0.840313,0.829127,0.796786,0.791792,0.784952,0.773219,0.794398,0.807298,0.803346,0.803797
0.577058,0.52083,0.512032,0.498358,0.482543,0.462346,0.452644,0.441086,0.429684,0.43176,0.417083,0.409128,0.427029,0.39701,0.433809,0.478693,0.498145,0.534122,0.519371,0.49763,0.500385,0.501205,0.526489,0.546179,0.532126,0.533685,0.508399,0.541243,0.496527,0.483569,0.538265,0.51439,0.548074,0.517089,0.475674,0.475808,0.502085,0.494362,0.51049,0.542705,0.51137,0.509266,0.517212,0.506011,0.530825,0.551379,0.542838,0.556801,0.581631,0.588053,0.599216,0.633081,0.640472,0.603987,0.587098,0.524899,0.485539,0.474738,0.495785,0.490624,0.480124,0.48712,0.494558,0.497419,0.501556,0.5141,0.532131,0.532419,0.519532,0.514264,0.560875,0.571804,0.611654,0.632164,0.573638,0.589127,0.616005,0.634241,0.654712,0.646457,0.623911,0.615812,0.637134,0.612044,0.592862,0.619832,0.636133,0.626351,0.621798,0.636174,0.629471,0.621257,0.601895,0.580514,0.613935,0.651718,0.605996,0.634076,0.783536,0.918389,0.947615,0.947487,0.962969,0.970933,0.974865,1.00133,1.02452,1.03868,1.00138,0.992129,0.96476,0.956996,0.958482,0.93502,0.941085,0.920543,0.887725,0.889331,0.894882,0.8891,0.858396,0.837136,0.83819,0.842121,0.832453,0.814647,0.809809,0.785353,0.773327,0.775759,0.768707,0.78539
0.600767,0.559675,0.564414,0.538103,0.507252,0.48496,0.473475,0.442989,0.414998,0.417934,0.439689,0.46317,0.475496,0.477004,0.482081,0.48819,0.494411,0.493957,0.505396,0.518975,0.53766,0.548809,0.539937,0.552263,0.551975,0.539645,0.554255,0.568268,0.59042,0.545284,0.54885,0.585395,0.553527,0.56908,0.584032,0.57554,0.543784,0.569779,0.573082,0.544478,0.552315,0.566019,0.565287,0.555829,0.592174,0.611903,0.610259,0.616944,0.647144,0.672906,0.675201,0.668519,0.655463,0.658169,0.621975,0.567359,0.542576,0.542338,0.538645,0.541712,0.527866,0.525306,0.533838,0.537589,0.553194,0.573426,0.591391,0.609136,0.601551,0.601129,0.61217,0.602836,0.575984,0.600725,0.642318,0.651962,0.650807,0.654458,0.678702,0.671069,0.665785,0.682632,0.667053,0.652886,0.661009,0.655417,0.647941,0.647562,0.665383,0.659737,0.653277,0.656516,0.6601,0.682091,0.70289,0.726055,0.764118,0.816248,0.913465,0.932924,0.919579,0.931471,0.955187,0.97723,0.990554,0.980902,0.996127,1.00713,0.9673,0.956436,0.952956,0.94026,0.917329,0.913925,0.909125,0.900189,0.883015,0.871862,0.869769,0.869686,0.845982,0.832782,0.825508,0.801892,0.80196,0.787288,0.775133,0.773394,0.788396
0.621769,0.570454,0.567658,0.558993,0.56087,0.550956,0.531319,0.499277,0.475281,0.472658,0.475633,0.482323,0.486906,0.494857,0.498616,0.525059,0.541075,0.53673,0.579229,0.587772,0.58309,0.606123,0.589821,0.583286,0.626841,0.612567,0.58764,0.620103,0.639375,0.63047,0.627786,0.636177,0.631251,0.632117,0.642173,0.655339,0.630179,0.633403,0.653782,0.656171,0.657208,0.662555,0.664581,0.661305,0.668787,0.657098,0.651296,0.631145,0.678634,0.748788,0.729538,0.71727,0.714811,0.674542,0.648381,0.625952,0.579277,0.583453,0.637241,0.626488,0.593808,0.602628,0.604959,0.617168,0.555036,0.549904,0.665365,0.675419,0.666765,0.648105,0.659748,0.691912,0.702472,0.695832,0.688056,0.690127,0.70859,0.707437,0.713052,0.725602,0.713022,0.709648,0.726116,0.700412,0.694868,0.723021,0.703031,0.687496,0.700117,0.706227,0.72385,0.738971,0.75183,0.758842,0.771765,0.787658,0.809012,0.858247,0.910839,0.935727,0.934846,0.945979,0.955699,0.960532,0.964706,0.965165,0.946287,0.925827,0.928603,0.928586,0.914628,0.893232,0.889229,0.885886,0.874479,0.85907,0.855104,0.850592,0.832906,0.830745,0.809283,0.784239,0.787732,0.783404,0.794902
0.702836,0.701769,0.670487,0.647617,0.639519,0.629858,0.612775,0.582128,0.557416,0.537953,0.539358,0.552687,0.579584,0.599593,0.602013,0.608624,0.614406,0.620401,0.641378,0.642238,0.632887,0.674144,0.694115,0.691608,0.691519,0.702584,0.682982,0.69211,0.718995,0.683454,0.71495,0.736301,0.724122,0.729501,0.721045,0.714119,0.729785,0.748469,0.777158,0.737753,0.70637,0.683993,0.703571,0.713962,0.685341,0.742234,0.755746,0.756443,0.788623,0.788625,0.758425,0.731778,0.725808,0.723031,0.70868,0.689271,0.661133,0.641127,0.652548,0.667853,0.663317,0.660272,0.663654,0.680676,0.698561,0.698876,0.696119,0.702267,0.726578,0.724896,0.728781,0.748859,0.735278,0.736562,0.757447,0.744221,0.747519,0.765155,0.765729,0.763523,0.769659,0.764366,0.756167,0.756174,0.746072,0.741701,0.736612,0.738767,0.744155,0.7475,0.760445,0.771396,0.772523,0.789822,0.807222,0.835433,0.867569,0.89811,0.90022,0.906048,0.920067,0.911931,0.919883,0.93817,0.922756,0.916328,0.907457,0.889643,0.887401,0.892475,0.877893,0.862769,0.862761,0.852842,0.836782,0.826671,0.818522,0.800304,0.793529,0.794008,0.797922
0.762367,0.785838,0.761592,0.723714,0.700803,0.682808,0.669909,0.658785,0.638384,0.62127,0.616416,0.613028,0.609454,0.645699,0.676948,0.688796,0.712449,0.716156,0.734524,0.744978,0.731273,0.730121,0.683871,0.747638,0.80977,0.779413,0.780108,0.770637,0.772637,0.793783,0.808257,0.794385,0.797269,0.779913,0.771728,0.771005,0.75735,0.748292,0.760949,0.777808,0.784134,0.775819,0.780372,0.767912,0.735257,0.728715,0.727266,0.758453,0.774935,0.762702,0.759984,0.74036,0.730005,0.733866,0.74815,0.75134,0.734663,0.736984,0.730442,0.728227,0.734756,0.738181,0.742615,0.744873,0.758117,0.772618,0.767123,0.761461,0.76176,0.783323,0.79666,0.789987,0.812166,0.838455,0.811532,0.780462,0.779466,0.793093,0.807838,0.819622,0.813451,0.787007,0.77789,0.775272,0.769221,0.768553,0.767699,0.769991,0.773301,0.778423,0.785519,0.795219,0.819269,0.837126,0.84958,0.84861,0.854492,0.880051,0.872163,0.880512,0.897152,0.874732,0.880739,0.88704,0.868582,0.866627,0.869667,0.870882,0.859764,0.84508,0.836026,0.830345,0.813884,0.800871,0.804653,0.800038
0.802914,0.826993,0.808839,0.777762,0.748521,0.734664,0.724372,0.707603,0.67698,0.660125,0.685365,0.718111,0.71728,0.734696,0.765729,0.77059,0.771957,0.795536,0.782368,0.80683,0.838777,0.837664,0.822086,0.824136,0.833734,0.859892,0.85157,0.794698,0.811116,0.791133,0.817764,0.83205,0.78541,0.786109,0.814488,0.797592,0.777732,0.798852,0.766219,0.739792,0.745121,0.752597,0.761934,0.760071,0.768661,0.775953,0.772107,0.773659,0.786225,0.783921,0.776069,0.774239,0.784205,0.801015,0.790891,0.772628,0.778722,0.798343,0.819992,0.796638,0.781759,0.801587,0.79836,0.798888,0.813402,0.823855,0.81552,0.843933,0.83817,0.821389,0.84941,0.858548,0.867723,0.839028,0.82706,0.855877,0.847823,0.827705,0.796408,0.780806,0.777631,0.775626,0.770678,0.768393,0.768938,0.772628,0.780728,0.785954,0.784733,0.800571,0.81309,0.812661,0.834662,0.854568,0.838066,0.84778,0.85782,0.850837,0.854987,0.852737,0.841299,0.850452,0.851137,0.843032,0.831093,0.813188,0.806741,0.810773,0.798898
0.801445,0.801002,0.794592,0.781339,0.769469,0.754304,0.743555,0.756683,0.784138,0.800855,0.784381,0.777941,0.787841,0.805543,0.781401,0.825087,0.871215,0.841913,0.864774,0.854946,0.855845,0.829639,0.852831,0.816431,0.855612,0.851118,0.797376,0.828738,0.817391,0.796419,0.775566,0.784296,0.770031,0.746553,0.745358,0.756209,0.764866,0.759342,0.758867,0.75439,0.74731,0.733977,0.737543,0.757883,0.773866,0.800678,0.820357,0.843201,0.838909,0.822904,0.827979,0.838715,0.841425,0.838093,0.841608,0.838418,0.822561,0.814177,0.835461,0.844466,0.839434,0.848198,0.859763,0.872121,0.853492,0.864254,0.881375,0.861243,0.870713,0.88257,0.876033,0.867386,0.849006,0.82524,0.811257,0.798172,0.786612,0.77718,0.769728,0.766002,0.761211,0.761446,0.763222,0.765172,0.769073,0.775411,0.783146,0.795293,0.800715,0.810336,0.812543,0.805663,0.813219,0.820863,0.8148,0.823838,0.835424,0.817489,0.811578,0.815167,0.81848,0.798113
0.816999,0.819473,0.822579,0.82592,0.819531,0.825561,0.829349,0.83113,0.843933,0.833337,0.860483,0.847192,0.830665,0.82456,0.831602,0.803502,0.795745,0.779606,0.80291,0.850601,0.827656,0.814921,0.799174,0.814667,0.787787,0.75657,0.758809,0.763326,0.728978,0.739844,0.741628,0.7034,0.70837,0.692807,0.684062,0.688884,0.691081,0.704814,0.719121,0.739089,0.754439,0.787554,0.817255,0.853593,0.860587,0.869043,0.889573,0.886004,0.875739,0.875725,0.868219,0.864206,0.898804,0.877461,0.84715,0.864553,0.862666,0.862902,0.867845,0.874177,0.875157,0.884439,0.904974,0.870369,0.852154,0.916594,0.891943,0.827979,0.819043,0.809626,0.793074,0.778535,0.767644,0.758791,0.756503,0.754918,0.754006,0.749172,0.747358,0.754678,0.763908,0.767578,0.765902,0.76291,0.768402,0.779641,0.796705,0.781402,0.777445,0.798244,0.798182,0.782479
0.807777,0.819517,0.811828,0.826675,0.829106,0.799453,0.825566,0.84176,0.822025,0.80863,0.814213,0.79126,0.760933,0.776098,0.771554,0.751561,0.734165,0.695184,0.717146,0.750499,0.683267,0.685741,0.712918,0.677084,0.679934,0.684254,0.651876,0.642042,0.62744,0.614596,0.626799,0.638445,0.653355,0.664841,0.657826,0.643206,0.68947,0.762539,0.815606,0.860198,0.879611,0.893004,0.897032,0.897773,0.891928,0.90504,0.925846,0.907998,0.872162,0.867646,0.874529,0.86926,0.88494,0.828842
0.781403,0.788115,0.77844,0.79497,0.783627,0.764757,0.783301,0.751369,0.76425,0.744874,0.686927,0.694423,0.692154,0.679348,0.67886,0.666841,0.641237,0.660762,0.662843,0.629456,0.645527,0.633468,0.607143,0.604258,0.581377,0.583253,0.600431,0.584033,0.584986,0.615411,0.645757,0.711173,0.804804,0.874069,0.909314,0.90205,0.904825,0.905769,0.917466,0.843688
0.734484,0.713601,0.728985,0.714952,0.711429,0.710417,0.701379,0.689615,0.687035,0.676257,0.653015,0.636892,0.63217,0.644647,0.638431,0.619312,0.598459,0.602257,0.591463,0.566438,0.536803,0.546097,0.607218,0.640389,0.657027,0.656534,0.718412
