-0.217593,-0.178798,-0.186867,-0.206009,-0.207609,-0.189148,-0.208139,-0.188598,-0.187278,-0.197664,-0.208519,-0.226604,-0.23534,-0.226506,-0.208688,-0.210688,-0.210535,-0.209435,-0.219618,-0.218375,-0.208475,-0.214416,-0.229992,-0.241817,-0.247938,-0.257244,-0.268536,-0.272357,-0.282729,-0.296445,-0.291467,-0.302126,-0.306993,-0.313095,-0.322343,-0.320934,-0.328753,-0.333991,-0.340037,-0.334891,-0.337484,-0.338655,-0.341135
-0.191244,-0.151943,-0.169444,-0.161925,-0.172904,-0.188386,-0.205564,-0.21336,-0.207303,-0.197176,-0.195404,-0.197311,-0.207179,-0.222986,-0.229761,-0.220682,-0.203362,-0.203576,-0.195028,-0.172802,-0.162406,-0.17432,-0.181901,-0.184934,-0.186558,-0.181704,-0.189369,-0.194282,-0.201383,-0.210681,-0.237233,-0.243394,-0.253403,-0.25907,-0.269657,-0.273776,-0.287345,-0.299666,-0.316956,-0.326393,-0.343622,-0.344965,-0.351279,-0.351895,-0.35349,-0.350549,-0.347878,-0.348827,-0.347738,-0.348151,-0.34693,-0.347881,-0.340644,-0.346633,-0.339173,-0.344837,-0.343706,-0.341998,-0.340161,-0.338827,-0.337458,-0.355897,-0.359566,-0.361902,-0.34144
-0.158635,-0.115261,-0.140315,-0.132226,-0.169876,-0.181711,-0.158538,-0.192953,-0.18671,-0.159877,-0.16646,-0.165639,-0.176092,-0.199341,-0.19034,-0.17449,-0.190562,-0.193273,-0.189042,-0.190653,-0.201112,-0.179579,-0.154621,-0.164751,-0.163105,-0.176015,-0.189103,-0.170477,-0.148064,-0.148771,-0.155891,-0.153606,-0.165526,-0.176089,-0.168874,-0.193816,-0.240151,-0.249404,-0.258767,-0.26271,-0.270984,-0.296337,-0.310812,-0.346636,-0.348344,-0.369081,-0.376868,-0.383657,-0.369531,-0.37775,-0.372084,-0.366649,-0.365681,-0.360378,-0.353213,-0.349361,-0.336615,-0.331922,-0.325369,-0.317106,-0.319252,-0.309686,-0.310725,-0.325584,-0.326803,-0.317166,-0.340847,-0.317433,-0.309213,-0.300109,-0.30353,-0.389135,-0.412174,-0.481396,-0.48845,-0.48101,-0.427292,-0.445561,-0.438527,-0.567506,-0.513722,-0.501419,-0.534559,-0.542219,-0.52798,-0.545698,-0.571623,-0.392707
-0.147915,-0.122662,-0.139481,-0.13031,-0.129555,-0.127987,-0.136896,-0.136273,-0.141807,-0.147975,-0.170769,-0.166357,-0.1653,-0.173865,-0.166169,-0.167833,-0.168891,-0.144658,-0.126576,-0.175771,-0.192007,-0.179687,-0.197259,-0.195402,-0.169037,-0.159239,-0.155502,-0.151566,-0.152289,-0.154282,-0.138366,-0.120022,-0.131052,-0.115075,-0.1216,-0.135674,-0.150539,-0.156877,-0.152333,-0.153646,-0.177891,-0.208346,-0.239054,-0.253156,-0.264768,-0.313787,-0.327984,-0.3511,-0.39842,-0.420408,-0.423347,-0.410368,-0.414972,-0.413135,-0.402729,-0.395033,-0.387124,-0.374838,-0.365862,-0.359925,-0.355219,-0.335671,-0.315601,-0.307914,-0.297692,-0.281524,-0.270921,-0.24971,-0.261098,-0.259102,-0.284354,-0.286967,-0.283032,-0.271458,-0.286192,-0.277895,-0.325928,-0.346278,-0.444827,-0.415313,-0.479776,-0.40421,-0.491199,-0.603039,-0.550789,-0.606823,-0.55381,-0.56434,-0.55557,-0.576443,-0.544714,-0.530172,-0.482922,-0.491947,-0.585025,-0.527377,-0.515541,-0.513082,-0.461277,-0.388614,-0.36437,-0.262091,-0.217564,-0.218317,-0.223214,-0.218986,-0.195215,-0.197643,-0.212244
-0.109396,-0.084782,-0.0987817,-0.103532,-0.0988756,-0.0841062,-0.0900379,-0.115432,-0.14528,-0.140777,-0.129809,-0.113971,-0.159341,-0.150679,-0.128253,-0.160254,-0.152484,-0.159754,-0.148011,-0.164922,-0.177939,-0.144847,-0.144961,-0.158044,-0.165435,-0.190358,-0.159585,-0.148207,-0.17006,-0.168973,-0.161734,-0.151046,-0.145273,-0.1321,-0.117637,-0.110134,-0.111887,-0.104376,-0.0969344,-0.0915156,-0.115423,-0.12566,-0.118997,-0.127591,-0.164275,-0.180493,-0.230189,-0.273099,-0.311008,-0.329914,-0.355999,-0.384466,-0.421077,-0.453419,-0.486928,-0.486657,-0.484536,-0.490968,-0.463685,-0.437555,-0.429438,-0.406424,-0.392205,-0.378285,-0.337129,-0.304151,-0.29922,-0.26639,-0.255168,-0.260875,-0.207602,-0.135261,-0.199214,-0.231161,-0.241191,-0.244625,-0.276266,-0.265534,-0.251867,-0.26404,-0.262109,-0.326328,-0.41078,-0.392927,-0.438802,-0.554664,-0.577405,-0.608288,-0.581173,-0.577712,-0.581454,-0.594793,-0.585825,-0.600359,-0.590294,-0.590337,-0.570444,-0.510141,-0.557859,-0.537584,-0.472461,-0.397502,-0.40036,-0.339015,-0.260054,-0.237278,-0.193433,-0.188726,-0.216356,-0.140676,-0.101254,-0.0526313,0.0419641,0.0513295,0.161732,0.177172,0.249077,0.151173,0.0594079,0.112813,0.129121,0.15612,-0.0375584
-0.177085,-0.176361,-0.175826,-0.180397,-0.180007,-0.182269,-0.15421,-0.139094,-0.136011,-0.119549,-0.113906,-0.109866,-0.121315,-0.114084,-0.132857,-0.140047,-0.14415,-0.15695,-0.158512,-0.154722,-0.148909,-0.158034,-0.169949,-0.174098,-0.1803,-0.169051,-0.156674,-0.187588,-0.132831,-0.116228,-0.177171,-0.158667,-0.156684,-0.164389,-0.157888,-0.140291,-0.13583,-0.134695,-0.120335,-0.111976,-0.10489,-0.0842937,-0.0849258,-0.0914224,-0.0933895,-0.10486,-0.112084,-0.12749,-0.135827,-0.157872,-0.231138,-0.279998,-0.364742,-0.406332,-0.470211,-0.48456,-0.501807,-0.523258,-0.511003,-0.529704,-0.528544,-0.519315,-0.520614,-0.480133,-0.449687,-0.446697,-0.414188,-0.40993,-0.371551,-0.33135,-0.335387,-0.289589,-0.235188,-0.234737,-0.241781,-0.233621,-0.225992,-0.194959,-0.156964,-0.10785,0.0304955,-0.0585195,-0.0790559,-0.185826,-0.342578,-0.426341,-0.523764,-0.588739,-0.582321,-0.627811,-0.574663,-0.568139,-0.612918,-0.633903,-0.681344,-0.647099,-0.625225,-0.579262,-0.592903,-0.540821,-0.51916,-0.55325,-0.59943,-0.566958,-0.417126,-0.334584,-0.323231,-0.259612,-0.27354,-0.220777,-0.154473,-0.151024,-0.17993,-0.16441,-0.108017,-0.0359081,0.0545479,0.0909738,0.112526,0.089394,0.175078,0.24016,0.215752,0.229066,0.266687,0.264618,0.259417,0.252192,0.261099,0.326618,0.395672,-0.0206494
-0.274167,-0.29178,-0.283943,-0.275558,-0.267743,-0.252209,-0.240709,-0.23723,-0.240707,-0.22499,-0.195209,-0.171868,-0.206099,-0.195207,-0.144253,-0.185087,-0.174122,-0.16534,-0.159499,-0.118151,-0.148238,-0.197323,-0.184622,-0.143002,-0.139469,-0.208824,-0.209021,-0.128151,-0.137519,-0.188049,-0.201525,-0.175226,-0.156847,-0.169907,-0.171687,-0.167126,-0.179751,-0.159622,-0.13841,-0.137728,-0.0916851,-0.102651,-0.119216,-0.114488,-0.107216,-0.102322,-0.079841,-0.0654318,-0.0761709,-0.0859129,-0.0934449,-0.1104,-0.146066,-0.210139,-0.267893,-0.321068,-0.380064,-0.485924,-0.57481,-0.600672,-0.62078,-0.637586,-0.581093,-0.562187,-0.56285,-0.553976,-0.546632,-0.520967,-0.482116,-0.477835,-0.448428,-0.396191,-0.382187,-0.347481,-0.324497,-0.341355,-0.283561,-0.213945,-0.195502,-0.173709,-0.144402,-0.102878,-0.086081,-0.0430844,-0.0925834,-0.118254,-0.169979,-0.213094,-0.258559,-0.415976,-0.543632,-0.601779,-0.614005,-0.563958,-0.538188,-0.650356,-0.654248,-0.715385,-0.675897,-0.623413,-0.584309,-0.575154,-0.588095,-0.539589,-0.445268,-0.414347,-0.412316,-0.380313,-0.373274,-0.40478,-0.296124,-0.245333,-0.26177,-0.175447,-0.18187,-0.162181,-0.125421,-0.0182107,0.0504937,-0.053438,-0.0805186,-0.0321644,0.0403763,0.108308,0.166552,0.222173,0.220283,0.243386,0.191523,0.233647,0.130084,0.222178,0.243057,0.297859,0.126168,-0.0191979,-0.0587295,-0.151354
-0.329081,-0.337957,-0.334697,-0.325464,-0.324355,-0.323223,-0.332019,-0.322204,-0.308791,-0.299001,-0.272857,-0.268584,-0.26593,-0.260109,-0.27196,-0.266241,-0.271741,-0.260205,-0.248217,-0.237335,-0.218262,-0.18824,-0.204026,-0.232328,-0.206848,-0.195219,-0.202638,-0.211355,-0.222593,-0.219576,-0.204675,-0.206487,-0.220313,-0.211288,-0.179584,-0.198651,-0.226214,-0.204584,-0.169631,-0.143925,-0.143059,-0.166058,-0.1722,-0.13883,-0.108859,-0.127241,-0.1235,-0.0824138,-0.0697503,-0.0738877,-0.0635751,-0.049706,-0.0574459,-0.0788567,-0.111717,-0.175153,-0.282985,-0.347464,-0.394741,-0.428745,-0.531868,-0.657696,-0.739129,-0.721614,-0.705621,-0.724526,-0.628554,-0.573911,-0.622505,-0.580948,-0.536171,-0.53754,-0.510027,-0.498284,-0.467968,-0.396375,-0.372955,-0.371051,-0.331095,-0.323844,-0.273117,-0.200464,-0.225464,-0.166235,-0.102615,-0.124836,-0.131606,-0.113773,-0.0660896,-0.0440647,-0.0787973,-0.253238,-0.363868,-0.494089,-0.593533,-0.528842,-0.627168,-0.718401,-0.751644,-0.691979,-0.67944,-0.616959,-0.633788,-0.609965,-0.516921,-0.551441,-0.595759,-0.547527,-0.41338,-0.35576,-0.350865,-0.287719,-0.27353,-0.224759,-0.201633,-0.243848,-0.156408,-0.200908,-0.128924,-0.0722098,-0.117461,-0.117834,-0.10238,-0.0234589,-0.0324864,-0.028846,-0.0455073,0.041057,0.0941063,0.0873816,0.128429,0.149799,0.0933446,0.109826,0.191804,-0.0273979,-0.127447,-0.25377,-0.275451,-0.274231,-0.272999,-0.271737,-0.257298
-0.370862,-0.357472,-0.361027,-0.366224,-0.383333,-0.39376,-0.398274,-0.390181,-0.365916,-0.353229,-0.353778,-0.343975,-0.335741,-0.334605,-0.336941,-0.340311,-0.333663,-0.329838,-0.328244,-0.329603,-0.323325,-0.306188,-0.334965,-0.322538,-0.277302,-0.312697,-0.304332,-0.268039,-0.264993,-0.276503,-0.281369,-0.286756,-0.278381,-0.254849,-0.248841,-0.23326,-0.229021,-0.23898,-0.229257,-0.221042,-0.22425,-0.210645,-0.191086,-0.180557,-0.138225,-0.161049,-0.217711,-0.156206,-0.10323,-0.0958979,-0.0865492,-0.0968006,-0.0665159,-0.0729977,-0.113445,-0.136018,-0.105021,-0.0684139,-0.228523,-0.415048,-0.558998,-0.651158,-0.662148,-0.719612,-0.731867,-0.73177,-0.748216,-0.732614,-0.717121,-0.710693,-0.711668,-0.659131,-0.598357,-0.574462,-0.523642,-0.505328,-0.508102,-0.453355,-0.400863,-0.427358,-0.35127,-0.288677,-0.285605,-0.268305,-0.275188,-0.248321,-0.188059,-0.170995,-0.162462,-0.0795317,-0.0477082,-0.061368,-0.0260323,-0.0962939,-0.231305,-0.436356,-0.643053,-0.731004,-0.74517,-0.751404,-0.712564,-0.729039,-0.682475,-0.672069,-0.69905,-0.603069,-0.514793,-0.51505,-0.434943,-0.402907,-0.458794,-0.350598,-0.285134,-0.295574,-0.250152,-0.247001,-0.247725,-0.243136,-0.244783,-0.213908,-0.178749,-0.186314,-0.164233,-0.130207,-0.156112,-0.0323438,-0.084182,-0.130663,-0.0529361,-0.0712881,-0.0494994,-0.00960194,-0.0662778,-0.0576847,0.020442,-0.167471,-0.225196,-0.247067,-0.304638,-0.352715,-0.411029,-0.442103,-0.453383,-0.442931,-0.443236,-0.37354
-0.407726,-0.382517,-0.383717,-0.391464,-0.397183,-0.411361,-0.409152,-0.40978,-0.408236,-0.409895,-0.406736,-0.400354,-0.38612,-0.381485,-0.397956,-0.400971,-0.398815,-0.406713,-0.402501,-0.427092,-0.414898,-0.345835,-0.377914,-0.424948,-0.398149,-0.379301,-0.376009,-0.370208,-0.377045,-0.372755,-0.33893,-0.336666,-0.310491,-0.307174,-0.367636,-0.349803,-0.325082,-0.330226,-0.324936,-0.303115,-0.277385,-0.271375,-0.253831,-0.251789,-0.248211,-0.242401,-0.204463,-0.180194,-0.181181,-0.163823,-0.131346,-0.128804,-0.110227,-0.0856693,-0.0501004,-0.063307,-0.0624159,-0.0917292,-0.140045,-0.211849,-0.320045,-0.481757,-0.678137,-0.813806,-0.864042,-0.842722,-0.804864,-0.792169,-0.7778,-0.825585,-0.746277,-0.659714,-0.608721,-0.643205,-0.729977,-0.686578,-0.608793,-0.559136,-0.603055,-0.488514,-0.392281,-0.454474,-0.406146,-0.355191,-0.364724,-0.270648,-0.161256,-0.198402,-0.278491,-0.317816,-0.222674,-0.115343,-0.115625,-0.113346,-0.132661,-0.126945,-0.204285,-0.407498,-0.590712,-0.722345,-0.853674,-0.765628,-0.699382,-0.661262,-0.582594,-0.599987,-0.601309,-0.585085,-0.549146,-0.498165,-0.502758,-0.391245,-0.319636,-0.348922,-0.302929,-0.303051,-0.29246,-0.243508,-0.279182,-0.289268,-0.252832,-0.267625,-0.255217,-0.264101,-0.245927,-0.218888,-0.210676,-0.220138,-0.263327,-0.260446,-0.220412,-0.215183,-0.217694,-0.242043,-0.303128,-0.308169,-0.326922,-0.346268,-0.345729,-0.345199,-0.369544,-0.38959,-0.405032,-0.471833,-0.455977,-0.419913,-0.43331,-0.389864
-0.440921,-0.424558,-0.424652,-0.4269,-0.437583,-0.43448,-0.437884,-0.437911,-0.436928,-0.43624,-0.434758,-0.429997,-0.427633,-0.423609,-0.401319,-0.425626,-0.432332,-0.412027,-0.414591,-0.438496,-0.47281,-0.476181,-0.509779,-0.482143,-0.48286,-0.465525,-0.455817,-0.462309,-0.441443,-0.443257,-0.439689,-0.442563,-0.446399,-0.446897,-0.437227,-0.407987,-0.410412,-0.398965,-0.360748,-0.357305,-0.374828,-0.355044,-0.351748,-0.346181,-0.329221,-0.312156,-0.260906,-0.260592,-0.24482,-0.208051,-0.231867,-0.191333,-0.139172,-0.114183,-0.0853384,-0.0741454,-0.076086,-0.0637914,-0.109333,-0.263241,-0.469424,-0.589014,-0.771273,-0.863321,-0.905615,-0.925509,-0.929542,-0.908864,-0.85981,-0.826831,-0.827993,-0.744968,-0.675684,-0.678263,-0.695824,-0.673939,-0.621665,-0.620775,-0.581513,-0.577884,-0.515158,-0.508168,-0.513522,-0.462102,-0.408421,-0.365833,-0.355068,-0.350725,-0.314929,-0.237787,-0.178551,-0.189089,-0.201839,-0.154746,-0.125916,-0.134027,-0.197676,-0.439088,-0.651905,-0.749731,-0.769616,-0.759004,-0.756625,-0.708941,-0.758566,-0.631554,-0.563352,-0.670417,-0.403689,-0.424081,-0.449094,-0.379268,-0.414529,-0.40251,-0.365301,-0.339196,-0.319436,-0.331975,-0.395638,-0.410326,-0.386528,-0.362866,-0.397174,-0.38428,-0.344954,-0.371689,-0.375788,-0.398543,-0.388375,-0.355956,-0.379957,-0.400105,-0.419453,-0.425943,-0.408391,-0.391855,-0.384739,-0.389919,-0.390202,-0.388582,-0.387858,-0.387359,-0.37798,-0.390799,-0.418597,-0.416433,-0.41813,-0.404211
-0.467264,-0.458187,-0.461653,-0.465256,-0.470363,-0.470313,-0.470897,-0.470287,-0.46416,-0.45899,-0.459149,-0.456045,-0.456441,-0.449379,-0.441045,-0.451363,-0.483913,-0.49587,-0.458548,-0.447804,-0.455347,-0.464801,-0.463594,-0.470562,-0.512974,-0.495191,-0.487986,-0.538926,-0.567217,-0.573329,-0.519464,-0.500861,-0.509578,-0.507398,-0.518645,-0.501317,-0.487834,-0.472461,-0.460258,-0.438192,-0.414695,-0.424824,-0.428302,-0.417492,-0.378544,-0.36744,-0.373315,-0.322888,-0.30042,-0.264098,-0.17145,-0.160454,-0.206298,-0.238767,-0.224254,-0.150446,-0.134559,-0.123121,-0.0870262,-0.122913,-0.299253,-0.572026,-0.797838,-0.903194,-0.940437,-0.976359,-0.95645,-0.949114,-0.916254,-0.872352,-0.831571,-0.808425,-0.775704,-0.751158,-0.731636,-0.690028,-0.657702,-0.658412,-0.617074,-0.547355,-0.531864,-0.562813,-0.55297,-0.544893,-0.579154,-0.488986,-0.390043,-0.404822,-0.377635,-0.33391,-0.323107,-0.322105,-0.312737,-0.273347,-0.251807,-0.222757,-0.215432,-0.267139,-0.330332,-0.463715,-0.654006,-0.67869,-0.643191,-0.669236,-0.628162,-0.521917,-0.511446,-0.534637,-0.671794,-0.562209,-0.504849,-0.559298,-0.50241,-0.50723,-0.502001,-0.46879,-0.485041,-0.452855,-0.448051,-0.437292,-0.475012,-0.495783,-0.528404,-0.57908,-0.559318,-0.571082,-0.542028,-0.567525,-0.575977,-0.541452,-0.55079,-0.566026,-0.578457,-0.540731,-0.500868,-0.514778,-0.469447,-0.444133,-0.423577,-0.401908,-0.394899,-0.392237,-0.390858,-0.377827,-0.378399,-0.37918,-0.374997,-0.370472,-0.400174
-0.495553,-0.497157,-0.497712,-0.499115,-0.502174,-0.503068,-0.502387,-0.499468,-0.493079,-0.489665,-0.488544,-0.46892,-0.43944,-0.437587,-0.453749,-0.468379,-0.467261,-0.464825,-0.472392,-0.480681,-0.510485,-0.534585,-0.529416,-0.537061,-0.521579,-0.543982,-0.547435,-0.560633,-0.544587,-0.524194,-0.553383,-0.54067,-0.536111,-0.54141,-0.552423,-0.554828,-0.500766,-0.521179,-0.56257,-0.544355,-0.504425,-0.474222,-0.471246,-0.465588,-0.461283,-0.426118,-0.413676,-0.381384,-0.367345,-0.345879,-0.31366,-0.320592,-0.251969,-0.178622,-0.166819,-0.141946,-0.118788,-0.0823528,-0.124877,-0.333702,-0.65395,-0.871359,-1.02125,-0.983295,-0.976767,-0.991068,-0.945753,-0.901935,-0.861178,-0.832937,-0.804824,-0.79773,-0.759386,-0.712565,-0.715201,-0.683574,-0.64119,-0.63176,-0.621752,-0.620894,-0.606944,-0.624214,-0.521436,-0.520995,-0.468726,-0.392052,-0.511758,-0.520212,-0.467688,-0.432086,-0.427438,-0.410824,-0.379492,-0.357585,-0.332593,-0.319312,-0.32371,-0.323396,-0.359931,-0.485102,-0.600094,-0.615128,-0.573079,-0.623402,-0.662893,-0.612467,-0.596441,-0.535922,-0.522222,-0.51689,-0.516841,-0.565387,-0.575069,-0.568368,-0.572763,-0.57779,-0.542622,-0.611799,-0.614908,-0.558418,-0.673646,-0.667421,-0.570866,-0.682803,-0.743659,-0.67528,-0.687549,-0.725816,-0.734948,-0.789381,-0.802768,-0.679759,-0.72296,-0.66538,-0.644492,-0.613602,-0.567949,-0.507154,-0.468643,-0.416484,-0.37661,-0.326021,-0.31428,-0.340662,-0.358892,-0.327921,-0.325852,-0.395066
-0.519416,-0.532713,-0.536317,-0.528095,-0.524042,-0.528392,-0.526352,-0.512954,-0.488727,-0.474172,-0.471691,-0.468241,-0.47073,-0.478106,-0.491917,-0.482034,-0.481644,-0.494946,-0.490612,-0.508914,-0.509392,-0.521394,-0.53412,-0.54711,-0.544315,-0.52694,-0.547134,-0.572079,-0.599643,-0.589142,-0.58925,-0.579965,-0.541479,-0.514486,-0.554988,-0.590508,-0.574465,-0.524777,-0.523512,-0.56836,-0.597673,-0.546349,-0.495601,-0.514215,-0.488371,-0.47927,-0.467554,-0.439005,-0.406265,-0.406831,-0.382413,-0.283067,-0.196145,-0.226415,-0.253201,-0.191835,-0.154731,-0.301017,-0.488609,-0.706534,-0.86016,-0.94239,-0.987288,-0.976612,-0.952806,-0.904638,-0.881481,-0.890702,-0.861736,-0.813292,-0.763409,-0.744708,-0.724261,-0.711657,-0.692395,-0.678346,-0.645032,-0.627474,-0.621374,-0.59003,-0.570405,-0.560766,-0.572931,-0.651826,-0.592312,-0.384189,-0.414026,-0.541113,-0.484001,-0.455841,-0.466595,-0.439057,-0.409214,-0.381531,-0.388429,-0.41013,-0.421737,-0.45705,-0.503295,-0.565307,-0.59952,-0.613507,-0.630873,-0.633808,-0.620238,-0.585964,-0.595281,-0.588971,-0.615423,-0.656194,-0.572479,-0.59079,-0.649949,-0.645629,-0.646379,-0.675294,-0.704804,-0.678774,-0.717474,-0.765209,-0.771591,-0.793674,-0.800541,-0.795129,-0.823576,-0.832999,-0.827515,-0.838296,-0.839753,-0.847616,-0.852193,-0.863801,-0.840677,-0.74905,-0.748704,-0.679876,-0.557604,-0.463859,-0.392434,-0.352473,-0.362798,-0.350626,-0.36257,-0.328278,-0.340664,-0.318181,-0.407303
-0.521846,-0.526933,-0.530452,-0.541099,-0.545227,-0.546175,-0.531359,-0.507326,-0.472384,-0.469557,-0.474624,-0.477747,-0.476381,-0.455659,-0.439671,-0.473522,-0.5142,-0.513422,-0.502468,-0.49377,-0.509392,-0.516982,-0.520782,-0.515406,-0.547695,-0.560678,-0.544278,-0.556622,-0.577411,-0.584209,-0.586146,-0.57837,-0.586903,-0.59412,-0.604371,-0.574712,-0.506801,-0.554904,-0.537524,-0.510268,-0.492443,-0.53917,-0.578682,-0.574432,-0.544089,-0.514891,-0.49609,-0.412437,-0.461551,-0.441827,-0.367761,-0.377938,-0.351472,-0.298892,-0.302931,-0.291765,-0.354004,-0.507734,-0.736286,-0.885963,-0.923075,-0.920106,-0.896927,-0.908291,-0.900655,-0.856718,-0.815734,-0.764229,-0.768201,-0.765597,-0.742341,-0.694621,-0.66006,-0.673776,-0.650926,-0.642874,-0.643547,-0.601384,-0.573651,-0.569078,-0.551594,-0.546846,-0.53099,-0.536295,-0.540254,-0.521348,-0.542281,-0.54319,-0.494939,-0.500011,-0.48902,-0.464019,-0.478887,-0.486701,-0.459089,-0.447034,-0.457385,-0.459132,-0.500564,-0.555597,-0.58527,-0.622956,-0.639839,-0.636968,-0.643396,-0.652374,-0.66307,-0.655885,-0.651621,-0.681283,-0.657027,-0.687016,-0.732244,-0.711218,-0.729239,-0.76263,-0.77897,-0.776544,-0.821265,-0.829688,-0.815699,-0.85471,-0.865906,-0.837462,-0.93295,-0.894137,-0.838536,-0.927242,-0.909379,-0.901414,-0.942239,-0.94994,-0.906381,-0.809654,-0.83932,-0.788567,-0.697155,-0.559716,-0.466932,-0.402905,-0.408873,-0.395198,-0.364658,-0.373353,-0.357251,-0.436943
-0.53623,-0.562082,-0.555796,-0.550013,-0.529633,-0.532523,-0.502645,-0.483238,-0.452856,-0.453409,-0.461149,-0.465295,-0.451443,-0.45191,-0.452389,-0.463073,-0.473142,-0.475954,-0.47862,-0.494537,-0.514448,-0.524446,-0.531829,-0.534506,-0.52654,-0.506512,-0.514433,-0.518818,-0.533275,-0.56509,-0.599579,-0.554642,-0.495825,-0.557608,-0.551307,-0.541059,-0.554191,-0.566916,-0.570482,-0.546886,-0.550617,-0.533968,-0.532928,-0.522654,-0.527466,-0.554449,-0.518406,-0.489409,-0.499484,-0.457032,-0.379684,-0.420239,-0.422118,-0.366037,-0.43738,-0.544601,-0.683138,-0.791211,-0.828781,-0.844316,-0.821116,-0.841401,-0.829102,-0.796267,-0.808191,-0.775494,-0.73995,-0.712469,-0.689922,-0.648062,-0.655104,-0.661743,-0.655883,-0.631822,-0.634921,-0.588329,-0.592721,-0.602415,-0.543546,-0.542451,-0.538895,-0.539213,-0.529247,-0.540714,-0.542907,-0.516378,-0.466564,-0.490408,-0.53064,-0.539553,-0.496777,-0.486459,-0.527314,-0.493907,-0.466135,-0.474459,-0.486464,-0.51658,-0.560058,-0.603926,-0.647368,-0.685372,-0.688737,-0.714489,-0.71188,-0.701299,-0.6679,-0.683366,-0.747911,-0.721893,-0.742949,-0.770088,-0.761371,-0.770078,-0.789609,-0.828301,-0.831737,-0.820671,-0.840497,-0.857377,-0.864777,-0.880224,-0.911418,-0.955024,-0.931003,-0.899224,-0.961252,-0.935754,-0.903068,-0.953652,-0.946713,-0.897073,-0.883334,-0.869755,-0.761755,-0.704383,-0.638779,-0.589021,-0.538739,-0.473271,-0.460021,-0.427346,-0.391561,-0.445007
-0.532138,-0.547686,-0.537024,-0.541112,-0.519204,-0.504467,-0.456272,-0.410606,-0.427595,-0.452626,-0.413376,-0.406866,-0.448502,-0.449915,-0.446629,-0.449909,-0.460038,-0.465848,-0.469031,-0.47781,-0.486754,-0.503413,-0.499179,-0.455946,-0.483588,-0.539149,-0.517883,-0.522909,-0.510193,-0.479773,-0.516605,-0.532931,-0.541613,-0.519933,-0.539413,-0.554794,-0.537868,-0.565319,-0.528851,-0.550309,-0.578001,-0.537094,-0.57497,-0.568157,-0.546966,-0.552898,-0.530624,-0.535572,-0.521654,-0.511944,-0.509029,-0.461116,-0.493957,-0.549637,-0.596014,-0.687759,-0.704023,-0.727202,-0.812274,-0.800453,-0.780637,-0.778676,-0.770936,-0.750265,-0.748517,-0.736457,-0.707017,-0.681676,-0.66984,-0.664319,-0.641557,-0.576,-0.564725,-0.567149,-0.541458,-0.557788,-0.566565,-0.546676,-0.549012,-0.541502,-0.527169,-0.545049,-0.506221,-0.530141,-0.535475,-0.47824,-0.516771,-0.532333,-0.520976,-0.523483,-0.527841,-0.493455,-0.490309,-0.491945,-0.472723,-0.461648,-0.469209,-0.512758,-0.566941,-0.606997,-0.637808,-0.666311,-0.695955,-0.677906,-0.692805,-0.730386,-0.719062,-0.742995,-0.788373,-0.759471,-0.748455,-0.755213,-0.784067,-0.805515,-0.815299,-0.824817,-0.833809,-0.850455,-0.874163,-0.87246,-0.884144,-0.883164,-0.879348,-0.906418,-0.920313,-0.908414,-0.912588,-0.918834,-0.904196,-0.958065,-0.933677,-0.860536,-0.837795,-0.817057,-0.764395,-0.704451,-0.660958,-0.608884,-0.552708,-0.515263,-0.479181,-0.47894,-0.472785
-0.51942,-0.522292,-0.50912,-0.496446,-0.46799,-0.447213,-0.42669,-0.417331,-0.399806,-0.40569,-0.378379,-0.389595,-0.411114,-0.414607,-0.433828,-0.436379,-0.428586,-0.450594,-0.439506,-0.447633,-0.477659,-0.486112,-0.469061,-0.455772,-0.479621,-0.504361,-0.467948,-0.476913,-0.516705,-0.509705,-0.519957,-0.530834,-0.517881,-0.505699,-0.52615,-0.548687,-0.567454,-0.554089,-0.572242,-0.579784,-0.56447,-0.591123,-0.583101,-0.595973,-0.582526,-0.587614,-0.607341,-0.553272,-0.532716,-0.54607,-0.550049,-0.55713,-0.568274,-0.584994,-0.624127,-0.640271,-0.680991,-0.745584,-0.739986,-0.704847,-0.764864,-0.76002,-0.687274,-0.622863,-0.672517,-0.680049,-0.636273,-0.637075,-0.627489,-0.623175,-0.601334,-0.603274,-0.600282,-0.568372,-0.555215,-0.564801,-0.551589,-0.548229,-0.538678,-0.511171,-0.520407,-0.533165,-0.524164,-0.534872,-0.557291,-0.528612,-0.492049,-0.486573,-0.492836,-0.485274,-0.472612,-0.470606,-0.492001,-0.513144,-0.490888,-0.4868,-0.502377,-0.524441,-0.556198,-0.600182,-0.634521,-0.652205,-0.673117,-0.682907,-0.679002,-0.688028,-0.723603,-0.737802,-0.739269,-0.736256,-0.751027,-0.770676,-0.77305,-0.77874,-0.793249,-0.809257,-0.816342,-0.840023,-0.83213,-0.842542,-0.847902,-0.82691,-0.860935,-0.902429,-0.890461,-0.862247,-0.887968,-0.897901,-0.897766,-0.889477,-0.852698,-0.847372,-0.804448,-0.763095,-0.753816,-0.698319,-0.636328,-0.606917,-0.569835,-0.554405,-0.553762,-0.507549
-0.472558,-0.460306,-0.462256,-0.449137,-0.438647,-0.423912,-0.386656,-0.342311,-0.338798,-0.361694,-0.388738,-0.400198,-0.380858,-0.365039,-0.378421,-0.395612,-0.431952,-0.44061,-0.407823,-0.417616,-0.458558,-0.513261,-0.493736,-0.436472,-0.456217,-0.456024,-0.478402,-0.504284,-0.501338,-0.482572,-0.520272,-0.53774,-0.519189,-0.54777,-0.559551,-0.582398,-0.577847,-0.57184,-0.589982,-0.60578,-0.622594,-0.626376,-0.643846,-0.658916,-0.695979,-0.672905,-0.639303,-0.638888,-0.634703,-0.632455,-0.592092,-0.585867,-0.561025,-0.563911,-0.551964,-0.572246,-0.592191,-0.594561,-0.589662,-0.604917,-0.660977,-0.597435,-0.631467,-0.652044,-0.627379,-0.623534,-0.620539,-0.634666,-0.632881,-0.610033,-0.587958,-0.602861,-0.586021,-0.594347,-0.572678,-0.600541,-0.611457,-0.571277,-0.582231,-0.597181,-0.604997,-0.600086,-0.576462,-0.556751,-0.558728,-0.551266,-0.53945,-0.536762,-0.533678,-0.533511,-0.536286,-0.529245,-0.506566,-0.513219,-0.535302,-0.541672,-0.531821,-0.537359,-0.568006,-0.580809,-0.56944,-0.588278,-0.623724,-0.640719,-0.652151,-0.66641,-0.662315,-0.666862,-0.684805,-0.709684,-0.710423,-0.729125,-0.749794,-0.752992,-0.768377,-0.772655,-0.777834,-0.756573,-0.754449,-0.805401,-0.83591,-0.860494,-0.821397,-0.791292,-0.802902,-0.800766,-0.833367,-0.879083,-0.863353,-0.833001,-0.828548,-0.810154,-0.784215,-0.743041,-0.719184,-0.723226,-0.649831,-0.581722,-0.567601,-0.571435,-0.522688
-0.405412,-0.379801,-0.376329,-0.370129,-0.34746,-0.344943,-0.334936,-0.317454,-0.330172,-0.347783,-0.361626,-0.359177,-0.353153,-0.373499,-0.366045,-0.360797,-0.423773,-0.384576,-0.333318,-0.455003,-0.506547,-0.43417,-0.422717,-0.472737,-0.522888,-0.488594,-0.47001,-0.509126,-0.513647,-0.511666,-0.542936,-0.55545,-0.544177,-0.581215,-0.600104,-0.620029,-0.648089,-0.664535,-0.677712,-0.675998,-0.699152,-0.720954,-0.718937,-0.771896,-0.807628,-0.824564,-0.795242,-0.752421,-0.745805,-0.620096,-0.495838,-0.439173,-0.372803,-0.308336,-0.285125,-0.310457,-0.336953,-0.395204,-0.449674,-0.455882,-0.466774,-0.500202,-0.564673,-0.485877,-0.476644,-0.542527,-0.505765,-0.519387,-0.572692,-0.621806,-0.619465,-0.624032,-0.700587,-0.693894,-0.645998,-0.703584,-0.70386,-0.666326,-0.657715,-0.685395,-0.687743,-0.710852,-0.719127,-0.717801,-0.679342,-0.631049,-0.628259,-0.632213,-0.613446,-0.601993,-0.62822,-0.621483,-0.608105,-0.614566,-0.59851,-0.616011,-0.62651,-0.595496,-0.580599,-0.582799,-0.578151,-0.574025,-0.560311,-0.570082,-0.614452,-0.619409,-0.62368,-0.62523,-0.633734,-0.625684,-0.633638,-0.652707,-0.649774,-0.666366,-0.682208,-0.718883,-0.717372,-0.701107,-0.72925,-0.761279,-0.779098,-0.752628,-0.716862,-0.745437,-0.77444,-0.795286,-0.811718,-0.833659,-0.819835,-0.798519,-0.822085,-0.802065,-0.758737,-0.742142,-0.739741,-0.710923,-0.664342,-0.636904,-0.634815,-0.63402,-0.578392
-0.374471,-0.332216,-0.330684,-0.303627,-0.296104,-0.274411,-0.257611,-0.267259,-0.307116,-0.348752,-0.35001,-0.350908,-0.366346,-0.364483,-0.357239,-0.380978,-0.398535,-0.410402,-0.416283,-0.42872,-0.457227,-0.480716,-0.472552,-0.459914,-0.489673,-0.525529,-0.510565,-0.526872,-0.55733,-0.560225,-0.589295,-0.609447,-0.624134,-0.652665,-0.682335,-0.712063,-0.73653,-0.751957,-0.795944,-0.820388,-0.834867,-0.868133,-0.893071,-0.917793,-0.901179,-0.835024,-0.768367,-0.61896,-0.375032,-0.167297,-0.101835,-0.0880458,-0.0881045,-0.130316,-0.212042,-0.269267,-0.286378,-0.262453,-0.315945,-0.350087,-0.420459,-0.453766,-0.417536,-0.441106,-0.518676,-0.509803,-0.53268,-0.584598,-0.58438,-0.590204,-0.565818,-0.596288,-0.655941,-0.643449,-0.651441,-0.667696,-0.688171,-0.69885,-0.708851,-0.717004,-0.724848,-0.694125,-0.660245,-0.661493,-0.66995,-0.66046,-0.640197,-0.655698,-0.651406,-0.644201,-0.662258,-0.654295,-0.638907,-0.653851,-0.65523,-0.641499,-0.617846,-0.596962,-0.574444,-0.550069,-0.530868,-0.52308,-0.521371,-0.518422,-0.511958,-0.53441,-0.566164,-0.578736,-0.589216,-0.573338,-0.627551,-0.687592,-0.670519,-0.615754,-0.60401,-0.655273,-0.67219,-0.678922,-0.680706,-0.69426,-0.703756,-0.718966,-0.732263,-0.728633,-0.745379,-0.770749,-0.755638,-0.763325,-0.765077,-0.743528,-0.727932,-0.739433,-0.759048,-0.719755,-0.676327,-0.676171,-0.666471,-0.657277,-0.64738,-0.603829
-0.324266,-0.252085,-0.260341,-0.249735,-0.251647,-0.264772,-0.277033,-0.290899,-0.292548,-0.306959,-0.337903,-0.336675,-0.334921,-0.346802,-0.374304,-0.397754,-0.402931,-0.41654,-0.423611,-0.433031,-0.465501,-0.479748,-0.492947,-0.518162,-0.522785,-0.548537,-0.539997,-0.569655,-0.614638,-0.617,-0.657946,-0.676323,-0.700623,-0.729001,-0.737175,-0.770407,-0.795548,-0.820918,-0.878565,-0.92264,-0.946011,-0.958562,-0.964076,-0.941612,-0.922454,-0.879651,-0.554843,-0.154066,0.0243371,0.0107118,-0.00288116,-0.106078,-0.185636,-0.165972,-0.206661,-0.207585,-0.210121,-0.290976,-0.363949,-0.344021,-0.361475,-0.374332,-0.399406,-0.444062,-0.444547,-0.482539,-0.53941,-0.534442,-0.533208,-0.513592,-0.547513,-0.594178,-0.601931,-0.632158,-0.639841,-0.634341,-0.652896,-0.638576,-0.613701,-0.592279,-0.610706,-0.658329,-0.626833,-0.647523,-0.630759,-0.60754,-0.626871,-0.626055,-0.633579,-0.629,-0.639481,-0.643849,-0.627809,-0.628444,-0.645951,-0.677863,-0.67613,-0.594508,-0.541434,-0.481417,-0.463943,-0.468731,-0.480898,-0.48843,-0.489748,-0.500236,-0.512588,-0.518551,-0.532424,-0.537905,-0.537048,-0.576301,-0.579278,-0.596038,-0.609282,-0.618302,-0.635896,-0.619385,-0.638271,-0.643921,-0.650613,-0.678417,-0.709879,-0.70315,-0.67561,-0.706721,-0.71451,-0.681085,-0.726505,-0.727941,-0.710377,-0.698911,-0.671589,-0.665738,-0.667726,-0.663449,-0.656394,-0.649301,-0.647539,-0.609172
-0.327084,-0.276467,-0.276852,-0.277998,-0.271891,-0.251978,-0.242711,-0.256383,-0.261382,-0.281859,-0.317139,-0.322495,-0.352316,-0.37853,-0.389322,-0.388882,-0.387257,-0.446212,-0.440083,-0.428833,-0.488837,-0.455181,-0.498321,-0.587291,-0.538819,-0.561063,-0.600434,-0.61195,-0.659483,-0.683944,-0.704453,-0.72921,-0.737917,-0.770403,-0.788624,-0.807878,-0.85821,-0.900866,-0.948127,-0.978875,-1.00906,-0.971892,-0.939126,-0.864883,-0.612277,-0.278948,-0.0918546,0.0431002,0.0138911,-0.102615,-0.161765,-0.130557,-0.0975639,-0.0964743,-0.1851,-0.286719,-0.273733,-0.271026,-0.24007,-0.331464,-0.419205,-0.412613,-0.430841,-0.421587,-0.442864,-0.473223,-0.463165,-0.477539,-0.481673,-0.48258,-0.503709,-0.548827,-0.570672,-0.555122,-0.538205,-0.553443,-0.585703,-0.585305,-0.572211,-0.564142,-0.562677,-0.545694,-0.557488,-0.593732,-0.597967,-0.566431,-0.560358,-0.570572,-0.589225,-0.601526,-0.621261,-0.637486,-0.619023,-0.624851,-0.645306,-0.657055,-0.647416,-0.604345,-0.551285,-0.502835,-0.472867,-0.459649,-0.441594,-0.438723,-0.451087,-0.464322,-0.484167,-0.503228,-0.505985,-0.517297,-0.528421,-0.540894,-0.491922,-0.465566,-0.542164,-0.566313,-0.587669,-0.590479,-0.605635,-0.623828,-0.605252,-0.624079,-0.631788,-0.633412,-0.646984,-0.643857,-0.6587,-0.672621,-0.641913,-0.663292,-0.669457,-0.646972,-0.656904,-0.646007,-0.626644,-0.621279,-0.607144,-0.594337,-0.595159,-0.583938
-0.300639,-0.216461,-0.225421,-0.226277,-0.226109,-0.266111,-0.283157,-0.283566,-0.281359,-0.297112,-0.313561,-0.337675,-0.35276,-0.387055,-0.412228,-0.400154,-0.392114,-0.425593,-0.482544,-0.482323,-0.491591,-0.481798,-0.525052,-0.569695,-0.572098,-0.593419,-0.618162,-0.646125,-0.676844,-0.721243,-0.728734,-0.74516,-0.766718,-0.792443,-0.816535,-0.846913,-0.89058,-0.946238,-0.991135,-0.985749,-0.988551,-0.952271,-0.753738,-0.611759,-0.412685,-0.215471,-0.0910058,-0.0399106,-0.026895,-0.0399309,-0.0732934,-0.134084,-0.170927,-0.187478,-0.22742,-0.227661,-0.276242,-0.316988,-0.332656,-0.363326,-0.344923,-0.353495,-0.361876,-0.400744,-0.458717,-0.468819,-0.460283,-0.450234,-0.441201,-0.438208,-0.439847,-0.46832,-0.488863,-0.49209,-0.476571,-0.505261,-0.529162,-0.483617,-0.5159,-0.517358,-0.512335,-0.509425,-0.492712,-0.492732,-0.517514,-0.547135,-0.564394,-0.56504,-0.57351,-0.549437,-0.532074,-0.609651,-0.600208,-0.606795,-0.623868,-0.608241,-0.622299,-0.607546,-0.565187,-0.509768,-0.444377,-0.42477,-0.422818,-0.416163,-0.404875,-0.403755,-0.436997,-0.44355,-0.388917,-0.4379,-0.473016,-0.457205,-0.49896,-0.525822,-0.520232,-0.517091,-0.53418,-0.538506,-0.560098,-0.578211,-0.574795,-0.596456,-0.591472,-0.571616,-0.582092,-0.59917,-0.616357,-0.607512,-0.591525,-0.59826,-0.604399,-0.612003,-0.591559,-0.57625,-0.58718,-0.591055,-0.5796,-0.569333,-0.570083,-0.568999
-0.317985,-0.256424,-0.268234,-0.266689,-0.273624,-0.269328,-0.268135,-0.276515,-0.293668,-0.311538,-0.329144,-0.346725,-0.368002,-0.378327,-0.402159,-0.422515,-0.450736,-0.486324,-0.489496,-0.48353,-0.478059,-0.484651,-0.514496,-0.54752,-0.561527,-0.563008,-0.633344,-0.751565,-0.767788,-0.737473,-0.701583,-0.749433,-0.770896,-0.799734,-0.836322,-0.885481,-0.894039,-0.874286,-0.876232,-0.969054,-1.0311,-0.895674,-0.639694,-0.472717,-0.280127,-0.185786,-0.101672,-0.0558215,-0.0718694,-0.0901193,-0.120217,-0.168321,-0.173605,-0.218526,-0.263652,-0.26855,-0.296222,-0.319619,-0.324088,-0.313636,-0.301893,-0.347113,-0.405641,-0.395383,-0.401143,-0.437302,-0.431086,-0.398507,-0.39663,-0.413915,-0.433212,-0.423757,-0.404522,-0.420242,-0.453003,-0.45531,-0.396643,-0.412121,-0.466422,-0.470727,-0.468282,-0.464948,-0.478878,-0.457683,-0.479147,-0.512764,-0.475498,-0.504164,-0.566362,-0.512599,-0.531471,-0.568017,-0.531209,-0.53809,-0.595628,-0.605096,-0.585844,-0.592321,-0.564869,-0.517369,-0.457928,-0.39849,-0.376252,-0.356136,-0.317199,-0.364461,-0.406226,-0.389178,-0.387905,-0.422686,-0.423591,-0.438542,-0.485997,-0.461281,-0.46915,-0.496275,-0.51263,-0.524323,-0.503614,-0.506375,-0.519315,-0.538124,-0.544925,-0.533294,-0.547744,-0.559455,-0.574229,-0.552085,-0.529159,-0.544265,-0.548648,-0.553242,-0.532413,-0.517363,-0.522735,-0.531195,-0.539191,-0.539482,-0.539297,-0.549477
-0.350004,-0.314878,-0.320358,-0.313335,-0.308283,-0.285347,-0.237762,-0.280683,-0.337738,-0.322867,-0.341592,-0.365275,-0.375319,-0.400228,-0.421059,-0.426437,-0.426428,-0.455614,-0.463399,-0.478165,-0.515765,-0.525003,-0.581223,-0.657901,-0.592091,-0.595284,-0.596188,-0.612779,-0.726612,-0.738106,-0.742294,-0.740471,-0.777241,-0.810204,-0.824698,-0.860073,-0.851409,-0.841883,-0.894133,-0.891615,-0.895654,-0.828987,-0.688225,-0.550219,-0.387121,-0.207493,-0.118822,-0.0750708,-0.104007,-0.129644,-0.152594,-0.203583,-0.203213,-0.232445,-0.278558,-0.277817,-0.29082,-0.304971,-0.313509,-0.325298,-0.347012,-0.363285,-0.35295,-0.355633,-0.373974,-0.382805,-0.37985,-0.373519,-0.399568,-0.431844,-0.400938,-0.369781,-0.394567,-0.418093,-0.407961,-0.40738,-0.411651,-0.393468,-0.381417,-0.382954,-0.423187,-0.457394,-0.424015,-0.438212,-0.460709,-0.452084,-0.452441,-0.485351,-0.50302,-0.483401,-0.516497,-0.543365,-0.4978,-0.484341,-0.506559,-0.540566,-0.565785,-0.573294,-0.545755,-0.480332,-0.39904,-0.336534,-0.3188,-0.303265,-0.284781,-0.31274,-0.362064,-0.372267,-0.347215,-0.404134,-0.400612,-0.406478,-0.479242,-0.440014,-0.412538,-0.440895,-0.450889,-0.450929,-0.463404,-0.491241,-0.484166,-0.497569,-0.481968,-0.481522,-0.512231,-0.509029,-0.516901,-0.504407,-0.481676,-0.47927,-0.49088,-0.501418,-0.486951,-0.473872,-0.469333,-0.461993,-0.474074,-0.48849,-0.486642,-0.518254
-0.350469,-0.311368,-0.312779,-0.316001,-0.310865,-0.331491,-0.358226,-0.357369,-0.366841,-0.347851,-0.347497,-0.370833,-0.383392,-0.426529,-0.421346,-0.44715,-0.47517,-0.513531,-0.480652,-0.41757,-0.510698,-0.522916,-0.542815,-0.603479,-0.633043,-0.599593,-0.613145,-0.679978,-0.68334,-0.716643,-0.737024,-0.759297,-0.766476,-0.785635,-0.805111,-0.827874,-0.824983,-0.825517,-0.846536,-0.852416,-0.788004,-0.708555,-0.605235,-0.501218,-0.37788,-0.248135,-0.178114,-0.136324,-0.16352,-0.190063,-0.195173,-0.224317,-0.234313,-0.233473,-0.276822,-0.310234,-0.301423,-0.310971,-0.318671,-0.331443,-0.341705,-0.328644,-0.333755,-0.350637,-0.387115,-0.389235,-0.354132,-0.365102,-0.376975,-0.369189,-0.360849,-0.374044,-0.37156,-0.361109,-0.390056,-0.399988,-0.386371,-0.381626,-0.383042,-0.387112,-0.392215,-0.378276,-0.405716,-0.4368,-0.410407,-0.41918,-0.448592,-0.430858,-0.4078,-0.454065,-0.426483,-0.438724,-0.510938,-0.494641,-0.509567,-0.52326,-0.518861,-0.526757,-0.532826,-0.469731,-0.359335,-0.284726,-0.274713,-0.283635,-0.318708,-0.316305,-0.307426,-0.343229,-0.345585,-0.340188,-0.381172,-0.332095,-0.323144,-0.376749,-0.436131,-0.47785,-0.39163,-0.41002,-0.442031,-0.451926,-0.4563,-0.46532,-0.457351,-0.45052,-0.460012,-0.470173,-0.474615,-0.460455,-0.421733,-0.40573,-0.423731,-0.443285,-0.456957,-0.423154,-0.39776,-0.402414,-0.406006,-0.412151,-0.410299,-0.475601
-0.386842,-0.37298,-0.372242,-0.373249,-0.380386,-0.375388,-0.356629,-0.375783,-0.399723,-0.378297,-0.383583,-0.399259,-0.430501,-0.44143,-0.411665,-0.438195,-0.458703,-0.45157,-0.504555,-0.561122,-0.533636,-0.523199,-0.552684,-0.565477,-0.574015,-0.608735,-0.621116,-0.648349,-0.672783,-0.681349,-0.697247,-0.732157,-0.752136,-0.771961,-0.758186,-0.79022,-0.81331,-0.806066,-0.806992,-0.835146,-0.757076,-0.661157,-0.630738,-0.518668,-0.403789,-0.307406,-0.272579,-0.226301,-0.187644,-0.219478,-0.252694,-0.241456,-0.250388,-0.291841,-0.30857,-0.289798,-0.305972,-0.32964,-0.33324,-0.332234,-0.344659,-0.359427,-0.349873,-0.337612,-0.332746,-0.343248,-0.362788,-0.359288,-0.34254,-0.342704,-0.363989,-0.364266,-0.340335,-0.352809,-0.378405,-0.382194,-0.372628,-0.394236,-0.391866,-0.367866,-0.362552,-0.378283,-0.396406,-0.380659,-0.395757,-0.41866,-0.408019,-0.389097,-0.396471,-0.418185,-0.426963,-0.425097,-0.448592,-0.47819,-0.483476,-0.491692,-0.499758,-0.516409,-0.496494,-0.410236,-0.340618,-0.260316,-0.256904,-0.263001,-0.267041,-0.277636,-0.307784,-0.313484,-0.267793,-0.317383,-0.3554,-0.350563,-0.384547,-0.362391,-0.385109,-0.406201,-0.405025,-0.384734,-0.391409,-0.422913,-0.431296,-0.446623,-0.439113,-0.414574,-0.418597,-0.436558,-0.426053,-0.401316,-0.399683,-0.395537,-0.372249,-0.366571,-0.390704,-0.391925,-0.376926,-0.374898,-0.381401,-0.38396,-0.383058,-0.456354
-0.413335,-0.409744,-0.410074,-0.409842,-0.417398,-0.414763,-0.396591,-0.413194,-0.438582,-0.4146,-0.409354,-0.424625,-0.451989,-0.459085,-0.444966,-0.479992,-0.493719,-0.488431,-0.495409,-0.490712,-0.527642,-0.531004,-0.540366,-0.591791,-0.581735,-0.599773,-0.598436,-0.620125,-0.647096,-0.630804,-0.654807,-0.715439,-0.705864,-0.696211,-0.737608,-0.746056,-0.752307,-0.79212,-0.760121,-0.715035,-0.722125,-0.684917,-0.645723,-0.585941,-0.485238,-0.366151,-0.303604,-0.282954,-0.271789,-0.253409,-0.249349,-0.232924,-0.264914,-0.303324,-0.304477,-0.311355,-0.317892,-0.322852,-0.335125,-0.336089,-0.333164,-0.349336,-0.363955,-0.34046,-0.323534,-0.349334,-0.358524,-0.353591,-0.352705,-0.357926,-0.3619,-0.357348,-0.357808,-0.365133,-0.364406,-0.364691,-0.373606,-0.380866,-0.382951,-0.365683,-0.370043,-0.37874,-0.368487,-0.370797,-0.393259,-0.401632,-0.391278,-0.39208,-0.402034,-0.405925,-0.404558,-0.404565,-0.423752,-0.437935,-0.460051,-0.475726,-0.465615,-0.492837,-0.514564,-0.474672,-0.40313,-0.315713,-0.266553,-0.253232,-0.273058,-0.263024,-0.262662,-0.308636,-0.296747,-0.293159,-0.3296,-0.346702,-0.352671,-0.336976,-0.325541,-0.361857,-0.397427,-0.394948,-0.397464,-0.384506,-0.373125,-0.376829,-0.395063,-0.420929,-0.387993,-0.383969,-0.404429,-0.390138,-0.372416,-0.371101,-0.372505,-0.346929,-0.334116,-0.32879,-0.334815,-0.340696,-0.325334,-0.307839,-0.314231,-0.307201,-0.413559
-0.435116,-0.440295,-0.439977,-0.439448,-0.449735,-0.452596,-0.438202,-0.448945,-0.466819,-0.452763,-0.433951,-0.459214,-0.477295,-0.462586,-0.453361,-0.455654,-0.46031,-0.507447,-0.540492,-0.532152,-0.511524,-0.530827,-0.59289,-0.566837,-0.56142,-0.572817,-0.587863,-0.615234,-0.618673,-0.633253,-0.632661,-0.666545,-0.703977,-0.669207,-0.663849,-0.693241,-0.71743,-0.712301,-0.730124,-0.711037,-0.679364,-0.691315,-0.658549,-0.574598,-0.52401,-0.425908,-0.362294,-0.3261,-0.29072,-0.280957,-0.276599,-0.258583,-0.271908,-0.302414,-0.304604,-0.310869,-0.328039,-0.335733,-0.327426,-0.34149,-0.349586,-0.354679,-0.365059,-0.360261,-0.355792,-0.358355,-0.371449,-0.375748,-0.367879,-0.359254,-0.359299,-0.371872,-0.375787,-0.371454,-0.366871,-0.36915,-0.369234,-0.380934,-0.384947,-0.383831,-0.390994,-0.382986,-0.383028,-0.385746,-0.384091,-0.376887,-0.395221,-0.414822,-0.406009,-0.410901,-0.419866,-0.422702,-0.433091,-0.444018,-0.444835,-0.459784,-0.486474,-0.489636,-0.473693,-0.44395,-0.401951,-0.315471,-0.285836,-0.275689,-0.260037,-0.272006,-0.298065,-0.294469,-0.280567,-0.324153,-0.340488,-0.334681,-0.328646,-0.335213,-0.335136,-0.349196,-0.357279,-0.383325,-0.38973,-0.383982,-0.37306,-0.357406,-0.388997,-0.403688,-0.39794,-0.377666,-0.370281,-0.37598,-0.374357,-0.356716,-0.328854,-0.305748,-0.295061,-0.289286,-0.277141,-0.303474,-0.316775,-0.287711,-0.285398,-0.287887,-0.402365
-0.457084,-0.469893,-0.46955,-0.469938,-0.484373,-0.479915,-0.470481,-0.475961,-0.482887,-0.466651,-0.475197,-0.50246,-0.476025,-0.487735,-0.528623,-0.484603,-0.476114,-0.507433,-0.48297,-0.499664,-0.534334,-0.531437,-0.545568,-0.561643,-0.569331,-0.571864,-0.556089,-0.591452,-0.626606,-0.603259,-0.588049,-0.632023,-0.705769,-0.661645,-0.625876,-0.661086,-0.673805,-0.689888,-0.679754,-0.663613,-0.685673,-0.65899,-0.617728,-0.604343,-0.537497,-0.460881,-0.416213,-0.360019,-0.319228,-0.301594,-0.281395,-0.290149,-0.310931,-0.307295,-0.314635,-0.332429,-0.336667,-0.336656,-0.346666,-0.348159,-0.358019,-0.372936,-0.368604,-0.38026,-0.388199,-0.380666,-0.370188,-0.37809,-0.388424,-0.379756,-0.382186,-0.373967,-0.385253,-0.402479,-0.39767,-0.395432,-0.390905,-0.381603,-0.388309,-0.403461,-0.399424,-0.402556,-0.405653,-0.402025,-0.395593,-0.397232,-0.409801,-0.413503,-0.417905,-0.433149,-0.445573,-0.444753,-0.444155,-0.452687,-0.469858,-0.482392,-0.485362,-0.491037,-0.486953,-0.461375,-0.406512,-0.337955,-0.295948,-0.274754,-0.264924,-0.282568,-0.283183,-0.283325,-0.309969,-0.329915,-0.315319,-0.332123,-0.358904,-0.35112,-0.349527,-0.341175,-0.349105,-0.382846,-0.377231,-0.371672,-0.388191,-0.375929,-0.387787,-0.394157,-0.395404,-0.378487,-0.357265,-0.360464,-0.349241,-0.336903,-0.334361,-0.308828,-0.278956,-0.287418,-0.293525,-0.275163,-0.243908,-0.248337,-0.267942,-0.254391,-0.384076
-0.477341,-0.498952,-0.497354,-0.498665,-0.495167,-0.498508,-0.4926,-0.491743,-0.495353,-0.492203,-0.493632,-0.497069,-0.505914,-0.522967,-0.502653,-0.508381,-0.515281,-0.506416,-0.511355,-0.516288,-0.518503,-0.522471,-0.552269,-0.567621,-0.562755,-0.56319,-0.560349,-0.566924,-0.551088,-0.576637,-0.614216,-0.622814,-0.639196,-0.641171,-0.635866,-0.636401,-0.642876,-0.655962,-0.646883,-0.647083,-0.6371,-0.62081,-0.619547,-0.57227,-0.548999,-0.506058,-0.453581,-0.398239,-0.358825,-0.322007,-0.308707,-0.311886,-0.322371,-0.328874,-0.335398,-0.342952,-0.35148,-0.350292,-0.354461,-0.366542,-0.382701,-0.389038,-0.391916,-0.385696,-0.394566,-0.412167,-0.406408,-0.39753,-0.414915,-0.427683,-0.416913,-0.407727,-0.390357,-0.405592,-0.431448,-0.426964,-0.410768,-0.405644,-0.413298,-0.40645,-0.412296,-0.42711,-0.418403,-0.429512,-0.440059,-0.429704,-0.430692,-0.428396,-0.43737,-0.446709,-0.447075,-0.456696,-0.47999,-0.490134,-0.489152,-0.497203,-0.516493,-0.524755,-0.52375,-0.496549,-0.453438,-0.380072,-0.314786,-0.290977,-0.290342,-0.290537,-0.291036,-0.310721,-0.327901,-0.312593,-0.335463,-0.379261,-0.365066,-0.346068,-0.373824,-0.36023,-0.370511,-0.385392,-0.369533,-0.409924,-0.418021,-0.398667,-0.345565,-0.374005,-0.394365,-0.362544,-0.377657,-0.36591,-0.371966,-0.35579,-0.360858,-0.322111,-0.265662,-0.251781,-0.253804,-0.268448,-0.253825,-0.238536,-0.243592,-0.244103,-0.382736
-0.493706,-0.52491,-0.519376,-0.514747,-0.50804,-0.513564,-0.508502,-0.499899,-0.508471,-0.518747,-0.526012,-0.532587,-0.536528,-0.511726,-0.499042,-0.512975,-0.500084,-0.533498,-0.548117,-0.518565,-0.538684,-0.526509,-0.50674,-0.514293,-0.534768,-0.557445,-0.55974,-0.565766,-0.572818,-0.576764,-0.591924,-0.607331,-0.612752,-0.614233,-0.612282,-0.622936,-0.614208,-0.623497,-0.636384,-0.602523,-0.601552,-0.617684,-0.604484,-0.568765,-0.544196,-0.513534,-0.463843,-0.436865,-0.382437,-0.358673,-0.329926,-0.320063,-0.325853,-0.351008,-0.362447,-0.356754,-0.35212,-0.37219,-0.398774,-0.39792,-0.394486,-0.405323,-0.422515,-0.429262,-0.435062,-0.432404,-0.434646,-0.438553,-0.435051,-0.447299,-0.473776,-0.439929,-0.40021,-0.437257,-0.454597,-0.441834,-0.44966,-0.454276,-0.440136,-0.433986,-0.439927,-0.43252,-0.445294,-0.453956,-0.460648,-0.474023,-0.467677,-0.459991,-0.457666,-0.475333,-0.479727,-0.487462,-0.499723,-0.507146,-0.51562,-0.542496,-0.548442,-0.552304,-0.556364,-0.560522,-0.516394,-0.456437,-0.363091,-0.30726,-0.283116,-0.299867,-0.303674,-0.307928,-0.324276,-0.32836,-0.341777,-0.343381,-0.388398,-0.418965,-0.406087,-0.403635,-0.380315,-0.370863,-0.389382,-0.373747,-0.38769,-0.412794,-0.417757,-0.405821,-0.427669,-0.43497,-0.405741,-0.407045,-0.397068,-0.379083,-0.322207,-0.295579,-0.285637,-0.283695,-0.281037,-0.271424,-0.259076,-0.257911,-0.276551,-0.273254,-0.394217
-0.499212,-0.518631,-0.519928,-0.523935,-0.529883,-0.531341,-0.541598,-0.564952,-0.558395,-0.523991,-0.515379,-0.518292,-0.518842,-0.524375,-0.538684,-0.510486,-0.501252,-0.524696,-0.53385,-0.542459,-0.531837,-0.524718,-0.533234,-0.531663,-0.525903,-0.542957,-0.540275,-0.522733,-0.55061,-0.576295,-0.579226,-0.58614,-0.59288,-0.593135,-0.586981,-0.59234,-0.598901,-0.596823,-0.587183,-0.605725,-0.602534,-0.584818,-0.605819,-0.587881,-0.527292,-0.501774,-0.503317,-0.438972,-0.40241,-0.371548,-0.346331,-0.344287,-0.351612,-0.356786,-0.373845,-0.405166,-0.419102,-0.414971,-0.411783,-0.42686,-0.432915,-0.447063,-0.45929,-0.44769,-0.459926,-0.484891,-0.499372,-0.488941,-0.47255,-0.469877,-0.463366,-0.468436,-0.485927,-0.488208,-0.477536,-0.467395,-0.45525,-0.468243,-0.493562,-0.483689,-0.476349,-0.474105,-0.471627,-0.462567,-0.47881,-0.491224,-0.487017,-0.502411,-0.500689,-0.507849,-0.512813,-0.516806,-0.535513,-0.539331,-0.552421,-0.567768,-0.567255,-0.583554,-0.600845,-0.593133,-0.581801,-0.553844,-0.452383,-0.357576,-0.301004,-0.291315,-0.296065,-0.311465,-0.318407,-0.329578,-0.374594,-0.361791,-0.36577,-0.335923,-0.347913,-0.438686,-0.43804,-0.426372,-0.428033,-0.40749,-0.419435,-0.477012,-0.429815,-0.418269,-0.416585,-0.444213,-0.451303,-0.446111,-0.418523,-0.374245,-0.426208,-0.425982,-0.374322,-0.336532,-0.316719,-0.301222,-0.273274,-0.242681,-0.218179,-0.195934,-0.355632
-0.517747,-0.54376,-0.543449,-0.545801,-0.545225,-0.543895,-0.542636,-0.543757,-0.55173,-0.559354,-0.559442,-0.546315,-0.527267,-0.531673,-0.534367,-0.526901,-0.530543,-0.530256,-0.518517,-0.535831,-0.535781,-0.52312,-0.529253,-0.534989,-0.535869,-0.548959,-0.551232,-0.528957,-0.552498,-0.554173,-0.566959,-0.555032,-0.548554,-0.568938,-0.581588,-0.581463,-0.569743,-0.582199,-0.591877,-0.570973,-0.582983,-0.597921,-0.564739,-0.540069,-0.549547,-0.517146,-0.502329,-0.480538,-0.424923,-0.380208,-0.362492,-0.355552,-0.362605,-0.376958,-0.402875,-0.420699,-0.449349,-0.462418,-0.463161,-0.486763,-0.510469,-0.489888,-0.488992,-0.515167,-0.529511,-0.527026,-0.529293,-0.533343,-0.546339,-0.524286,-0.500793,-0.518941,-0.516879,-0.504657,-0.511042,-0.506045,-0.501779,-0.521315,-0.516005,-0.509406,-0.512564,-0.499308,-0.493026,-0.499669,-0.50377,-0.510127,-0.537907,-0.544276,-0.539981,-0.549216,-0.550021,-0.55995,-0.57286,-0.574897,-0.601199,-0.615499,-0.611883,-0.613043,-0.603705,-0.571434,-0.562638,-0.561612,-0.509855,-0.414698,-0.33629,-0.28392,-0.284037,-0.287819,-0.287393,-0.28876,-0.318042,-0.352721,-0.368849,-0.406826,-0.405007,-0.390991,-0.470623,-0.446888,-0.432051,-0.464751,-0.460099,-0.513348,-0.473394,-0.454352,-0.491115,-0.476936,-0.459146,-0.458906,-0.425433,-0.461992,-0.467638,-0.417326,-0.434536,-0.358434,-0.323178,-0.337268,-0.279287,-0.25064,-0.243181,-0.390577
-0.527466,-0.547778,-0.547418,-0.55132,-0.560705,-0.568789,-0.57488,-0.575887,-0.571988,-0.568184,-0.560279,-0.559886,-0.555373,-0.545676,-0.539031,-0.526138,-0.521454,-0.52213,-0.531766,-0.54464,-0.541574,-0.530325,-0.5272,-0.53171,-0.532803,-0.531982,-0.547908,-0.571419,-0.557813,-0.532575,-0.531775,-0.541223,-0.548074,-0.561237,-0.566908,-0.580521,-0.581284,-0.564081,-0.579975,-0.577282,-0.5577,-0.560836,-0.569072,-0.528777,-0.528366,-0.528152,-0.497476,-0.460364,-0.432692,-0.401557,-0.372717,-0.368397,-0.37855,-0.380848,-0.403762,-0.443167,-0.480078,-0.529395,-0.55056,-0.543802,-0.542774,-0.558962,-0.570051,-0.569672,-0.56135,-0.58506,-0.546121,-0.544968,-0.615602,-0.646202,-0.586763,-0.550366,-0.541633,-0.557772,-0.556811,-0.541808,-0.546959,-0.544889,-0.538019,-0.526235,-0.521408,-0.536895,-0.548525,-0.53722,-0.523087,-0.540872,-0.567184,-0.568946,-0.574109,-0.589582,-0.587383,-0.59608,-0.614497,-0.615464,-0.642842,-0.651123,-0.654544,-0.642801,-0.616235,-0.602337,-0.54357,-0.524911,-0.425598,-0.37126,-0.265033,-0.222082,-0.239455,-0.257222,-0.255149,-0.257053,-0.301729,-0.348193,-0.347883,-0.350863,-0.391203,-0.428089,-0.4027,-0.403571,-0.457715,-0.49249,-0.472544,-0.480516,-0.486547,-0.491487,-0.484087,-0.513848,-0.495069,-0.4832,-0.515397,-0.495328,-0.45998,-0.448612,-0.436841,-0.425068,-0.435295,-0.400154,-0.378573,-0.376152,-0.456815
-0.54636,-0.567716,-0.57069,-0.575216,-0.581332,-0.583571,-0.584249,-0.585732,-0.584402,-0.583141,-0.581176,-0.569836,-0.561986,-0.561523,-0.558972,-0.552497,-0.562849,-0.559732,-0.539052,-0.534926,-0.537285,-0.530191,-0.524221,-0.533587,-0.539297,-0.538266,-0.534076,-0.541906,-0.54386,-0.541631,-0.542391,-0.55435,-0.552462,-0.55782,-0.551866,-0.545133,-0.559297,-0.555283,-0.563861,-0.574909,-0.579006,-0.551733,-0.557072,-0.554168,-0.519754,-0.516267,-0.491117,-0.464889,-0.424254,-0.38313,-0.370469,-0.369014,-0.381938,-0.398059,-0.426478,-0.455862,-0.482055,-0.544497,-0.66541,-0.626771,-0.567039,-0.603469,-0.652282,-0.641159,-0.644164,-0.615643,-0.618631,-0.63541,-0.644,-0.621229,-0.600838,-0.594055,-0.607609,-0.606904,-0.575171,-0.572105,-0.562868,-0.558412,-0.57143,-0.581812,-0.575803,-0.572254,-0.558656,-0.560343,-0.561407,-0.565407,-0.585595,-0.592645,-0.599618,-0.626317,-0.61955,-0.63099,-0.648575,-0.654,-0.677598,-0.680408,-0.684294,-0.66541,-0.617846,-0.588165,-0.596825,-0.563937,-0.491091,-0.402352,-0.279627,-0.194951,-0.195758,-0.217035,-0.246885,-0.282535,-0.273217,-0.293503,-0.327238,-0.332236,-0.351198,-0.382406,-0.396733,-0.403091,-0.425668,-0.447026,-0.455642,-0.470519,-0.476421,-0.469284,-0.482234,-0.497135,-0.503452,-0.517628,-0.533866,-0.532963,-0.53205,-0.516237,-0.523563,-0.535209,-0.494677,-0.471586,-0.468159,-0.503706
-0.564409,-0.577183,-0.573368,-0.579841,-0.595856,-0.604812,-0.60463,-0.60838,-0.604498,-0.589817,-0.582321,-0.583731,-0.585056,-0.585942,-0.583234,-0.582979,-0.585007,-0.568605,-0.558697,-0.556195,-0.549225,-0.548799,-0.55171,-0.536659,-0.526797,-0.525719,-0.527819,-0.553564,-0.531492,-0.485536,-0.53679,-0.616633,-0.560534,-0.53918,-0.558638,-0.545373,-0.557556,-0.5704,-0.575543,-0.557594,-0.536556,-0.547009,-0.548019,-0.535652,-0.516094,-0.510019,-0.489701,-0.439924,-0.432891,-0.392345,-0.34482,-0.35413,-0.364653,-0.373139,-0.43422,-0.473126,-0.51023,-0.534213,-0.572665,-0.617297,-0.679194,-0.675899,-0.67533,-0.694122,-0.691586,-0.673302,-0.649048,-0.647966,-0.624387,-0.598793,-0.585111,-0.625124,-0.651944,-0.670122,-0.658426,-0.616212,-0.616927,-0.599209,-0.598042,-0.611668,-0.607361,-0.57066,-0.544402,-0.582051,-0.617199,-0.606632,-0.615827,-0.617755,-0.626909,-0.643177,-0.637351,-0.655839,-0.674862,-0.684153,-0.706266,-0.723495,-0.705573,-0.667505,-0.572786,-0.546212,-0.488892,-0.528959,-0.462874,-0.409234,-0.294433,-0.197896,-0.178604,-0.194925,-0.228591,-0.251543,-0.245493,-0.250939,-0.277562,-0.284627,-0.319963,-0.349105,-0.348191,-0.368145,-0.405212,-0.428849,-0.419827,-0.438053,-0.456071,-0.470201,-0.457966,-0.495404,-0.557148,-0.518387,-0.530601,-0.554988,-0.536116,-0.538473,-0.549996,-0.555475,-0.553248,-0.554498,-0.552745
-0.593411,-0.613961,-0.607175,-0.611585,-0.621199,-0.631087,-0.636969,-0.638748,-0.636125,-0.625243,-0.616582,-0.615461,-0.618907,-0.610724,-0.58916,-0.577352,-0.571936,-0.560045,-0.561084,-0.568671,-0.562193,-0.561975,-0.554564,-0.552371,-0.554528,-0.537173,-0.525065,-0.53937,-0.535761,-0.56505,-0.580276,-0.574158,-0.574924,-0.552759,-0.537209,-0.542154,-0.554214,-0.557739,-0.545259,-0.54854,-0.547935,-0.525068,-0.532883,-0.54134,-0.513604,-0.480238,-0.495326,-0.43636,-0.382429,-0.395396,-0.365205,-0.290379,-0.252363,-0.298684,-0.428736,-0.547715,-0.631349,-0.631982,-0.650043,-0.649663,-0.68043,-0.690068,-0.747767,-0.756826,-0.734079,-0.716495,-0.680332,-0.692318,-0.686126,-0.671888,-0.679209,-0.711276,-0.681485,-0.60777,-0.608263,-0.60847,-0.605171,-0.625506,-0.593562,-0.62053,-0.637446,-0.586912,-0.600514,-0.606693,-0.623534,-0.626337,-0.598769,-0.609062,-0.652637,-0.649151,-0.642672,-0.659951,-0.683272,-0.70443,-0.726651,-0.737041,-0.72164,-0.638021,-0.528112,-0.415944,-0.346556,-0.347459,-0.336565,-0.300245,-0.272021,-0.209667,-0.198209,-0.184279,-0.212478,-0.234552,-0.241801,-0.251401,-0.26031,-0.268471,-0.30259,-0.328505,-0.343548,-0.381172,-0.394337,-0.387047,-0.415665,-0.451834,-0.462965,-0.474666,-0.482582,-0.481942,-0.501678,-0.557935,-0.566517,-0.57855,-0.599322,-0.560011,-0.536148,-0.54361,-0.542814
-0.616775,-0.638928,-0.638318,-0.640112,-0.643146,-0.648479,-0.648904,-0.650632,-0.652547,-0.647876,-0.652419,-0.652885,-0.64021,-0.653564,-0.629406,-0.601096,-0.5873,-0.563606,-0.571664,-0.58416,-0.580395,-0.577925,-0.557752,-0.541661,-0.551277,-0.548449,-0.568234,-0.537235,-0.576922,-0.586122,-0.529994,-0.552731,-0.514594,-0.548045,-0.593995,-0.590343,-0.553014,-0.560847,-0.53465,-0.484693,-0.532218,-0.532838,-0.516642,-0.534505,-0.484348,-0.442461,-0.459758,-0.428465,-0.373043,-0.36039,-0.335772,-0.257009,-0.248195,-0.353327,-0.405828,-0.582391,-0.702151,-0.746215,-0.705972,-0.731134,-0.771005,-0.768163,-0.763902,-0.769472,-0.77082,-0.75157,-0.719605,-0.72624,-0.76052,-0.779645,-0.692857,-0.676186,-0.604597,-0.56785,-0.679125,-0.65632,-0.612178,-0.58351,-0.550608,-0.566309,-0.605661,-0.621759,-0.590657,-0.631871,-0.665127,-0.627405,-0.606203,-0.623076,-0.633599,-0.61638,-0.629591,-0.645638,-0.677246,-0.713421,-0.672748,-0.624134,-0.691404,-0.659412,-0.461306,-0.282668,-0.248758,-0.254575,-0.239025,-0.233724,-0.23387,-0.201627,-0.173282,-0.157585,-0.215028,-0.231588,-0.274874,-0.288776,-0.289072,-0.326853,-0.319413,-0.353307,-0.40643,-0.404885,-0.397163,-0.407725,-0.459434,-0.495356,-0.494016,-0.487586,-0.504831,-0.536104,-0.544725,-0.58839,-0.609588,-0.604472,-0.616912,-0.58483
-0.631054,-0.646101,-0.638393,-0.646116,-0.656302,-0.662467,-0.663827,-0.675042,-0.685236,-0.679853,-0.664945,-0.649262,-0.63984,-0.636429,-0.631121,-0.625322,-0.619415,-0.617621,-0.608172,-0.597342,-0.582824,-0.573638,-0.578552,-0.567735,-0.566593,-0.575036,-0.561044,-0.547456,-0.526076,-0.568022,-0.562286,-0.523508,-0.556351,-0.5374,-0.51875,-0.528072,-0.566804,-0.530145,-0.524467,-0.564135,-0.549929,-0.526042,-0.525768,-0.540507,-0.4714,-0.433432,-0.437352,-0.424065,-0.35892,-0.305047,-0.304687,-0.326554,-0.363004,-0.362683,-0.464504,-0.614878,-0.689629,-0.701879,-0.721937,-0.725486,-0.768155,-0.784653,-0.775902,-0.777308,-0.75138,-0.713465,-0.680901,-0.648322,-0.667672,-0.673189,-0.655811,-0.677329,-0.731909,-0.69171,-0.620415,-0.606055,-0.610227,-0.606625,-0.568226,-0.582072,-0.592726,-0.567594,-0.593359,-0.617538,-0.607401,-0.618014,-0.631829,-0.635275,-0.612184,-0.622994,-0.636059,-0.635041,-0.6343,-0.607716,-0.582585,-0.554208,-0.504559,-0.436672,-0.305785,-0.284547,-0.308325,-0.29585,-0.265959,-0.238767,-0.223774,-0.24168,-0.222526,-0.209887,-0.272279,-0.291193,-0.298707,-0.320378,-0.357736,-0.364627,-0.373714,-0.389328,-0.418254,-0.43734,-0.441592,-0.442513,-0.483198,-0.505909,-0.518745,-0.559768,-0.559406,-0.585245,-0.606356,-0.608937,-0.580832
-0.642916,-0.666352,-0.66317,-0.663169,-0.657316,-0.65802,-0.664228,-0.677643,-0.687049,-0.685039,-0.680161,-0.67333,-0.66774,-0.660157,-0.655295,-0.636114,-0.623955,-0.624826,-0.593997,-0.586771,-0.588823,-0.570301,-0.581991,-0.585781,-0.548554,-0.560153,-0.580999,-0.549847,-0.530686,-0.53899,-0.540985,-0.531238,-0.536128,-0.534368,-0.521549,-0.504555,-0.537384,-0.531926,-0.502501,-0.498716,-0.497223,-0.488464,-0.485452,-0.491314,-0.47781,-0.500697,-0.512087,-0.553398,-0.450442,-0.301115,-0.349944,-0.382198,-0.395569,-0.497149,-0.565214,-0.624147,-0.739367,-0.741656,-0.627341,-0.654365,-0.732722,-0.719783,-0.72048,-0.699911,-0.832017,-0.851206,-0.626959,-0.609877,-0.628229,-0.665701,-0.64731,-0.591648,-0.574102,-0.587028,-0.601614,-0.599857,-0.570721,-0.573635,-0.565771,-0.54683,-0.567085,-0.573664,-0.549463,-0.589019,-0.599439,-0.558766,-0.589093,-0.613896,-0.597972,-0.591748,-0.569918,-0.551771,-0.536918,-0.531157,-0.516856,-0.498138,-0.471286,-0.404377,-0.332855,-0.300933,-0.305706,-0.29273,-0.281769,-0.277793,-0.274683,-0.2768,-0.307872,-0.340932,-0.338631,-0.340489,-0.363974,-0.398955,-0.406523,-0.412961,-0.432384,-0.45832,-0.465455,-0.473575,-0.503678,-0.50754,-0.54447,-0.587234,-0.580783,-0.587983,-0.56719
-0.614874,-0.611504,-0.628006,-0.63893,-0.640177,-0.642438,-0.64952,-0.665854,-0.678671,-0.688499,-0.684555,-0.672839,-0.651809,-0.635952,-0.632592,-0.62624,-0.620441,-0.614513,-0.596725,-0.595166,-0.601677,-0.565574,-0.547656,-0.549569,-0.549317,-0.538306,-0.557622,-0.54758,-0.518958,-0.55788,-0.521608,-0.496913,-0.512016,-0.505614,-0.516869,-0.526342,-0.504538,-0.478174,-0.436156,-0.499184,-0.549715,-0.5869,-0.551628,-0.533437,-0.585141,-0.477552,-0.453549,-0.453028,-0.391276,-0.394658,-0.459715,-0.517078,-0.528856,-0.534317,-0.566211,-0.609752,-0.671304,-0.717018,-0.69855,-0.671351,-0.683088,-0.692179,-0.688647,-0.659245,-0.627751,-0.628773,-0.63526,-0.626008,-0.584845,-0.588426,-0.582859,-0.55001,-0.572568,-0.571316,-0.538378,-0.559295,-0.554788,-0.527916,-0.527048,-0.530363,-0.521325,-0.528904,-0.541177,-0.541364,-0.556301,-0.56344,-0.571531,-0.569929,-0.563553,-0.560805,-0.545083,-0.531341,-0.532291,-0.510401,-0.488579,-0.451372,-0.408325,-0.3678,-0.367526,-0.361719,-0.344028,-0.358282,-0.348812,-0.32434,-0.349368,-0.360804,-0.375986,-0.404437,-0.409168,-0.402655,-0.42654,-0.451011,-0.451888,-0.468398,-0.49469,-0.511349,-0.524912,-0.554888,-0.565927,-0.564991,-0.558258
-0.588632,-0.567177,-0.58331,-0.610118,-0.625152,-0.636388,-0.643487,-0.649565,-0.663206,-0.674562,-0.676331,-0.677215,-0.678275,-0.646216,-0.618545,-0.607309,-0.585768,-0.581969,-0.564628,-0.554728,-0.567659,-0.568495,-0.614652,-0.547571,-0.481905,-0.515837,-0.515577,-0.526918,-0.524869,-0.499171,-0.481715,-0.500515,-0.49735,-0.521724,-0.533515,-0.534854,-0.555231,-0.568937,-0.548965,-0.522201,-0.512276,-0.526699,-0.519167,-0.541353,-0.598763,-0.609727,-0.611443,-0.553236,-0.523729,-0.547431,-0.552496,-0.591993,-0.614148,-0.608775,-0.583988,-0.578207,-0.609678,-0.606593,-0.619354,-0.624458,-0.613887,-0.608698,-0.601771,-0.598522,-0.576925,-0.553174,-0.562156,-0.571473,-0.571232,-0.537592,-0.516547,-0.526514,-0.492612,-0.452361,-0.491196,-0.53654,-0.537856,-0.518069,-0.496389,-0.478908,-0.486443,-0.522795,-0.535452,-0.538718,-0.547064,-0.548046,-0.549316,-0.547227,-0.543877,-0.537817,-0.5293,-0.517532,-0.486341,-0.463671,-0.448353,-0.4515,-0.444707,-0.410479,-0.423477,-0.413068,-0.391181,-0.425223,-0.417823,-0.410297,-0.438709,-0.442699,-0.439299,-0.43858,-0.456443,-0.479531,-0.494049,-0.503339,-0.529383,-0.549826,-0.544001,-0.551462
-0.567543,-0.542737,-0.558003,-0.585417,-0.611057,-0.622382,-0.630509,-0.644915,-0.672469,-0.686979,-0.661062,-0.628181,-0.628272,-0.610062,-0.578032,-0.572821,-0.57119,-0.545847,-0.560357,-0.533035,-0.497259,-0.499099,-0.51832,-0.51616,-0.504913,-0.472378,-0.484101,-0.55911,-0.537365,-0.564686,-0.527975,-0.508465,-0.575456,-0.574363,-0.532368,-0.558156,-0.588423,-0.555605,-0.606939,-0.648292,-0.639146,-0.626364,-0.610739,-0.613324,-0.598617,-0.586264,-0.592399,-0.588995,-0.56671,-0.570136,-0.583649,-0.587038,-0.570766,-0.542624,-0.558953,-0.588905,-0.579235,-0.547595,-0.512689,-0.549027,-0.572518,-0.541487,-0.54623,-0.545202,-0.523052,-0.506937,-0.518725,-0.476735,-0.484077,-0.507606,-0.46715,-0.453154,-0.439189,-0.477595,-0.493529,-0.453049,-0.462486,-0.488448,-0.52941,-0.549871,-0.553593,-0.555561,-0.561458,-0.564171,-0.563368,-0.558616,-0.548109,-0.541862,-0.544145,-0.523371,-0.507783,-0.509433,-0.480372,-0.454755,-0.478695,-0.466318,-0.453748,-0.464762,-0.460039,-0.464437,-0.481534,-0.469425,-0.469488,-0.482081,-0.500309,-0.527107,-0.536949,-0.531291,-0.549447
-0.584208,-0.583775,-0.590092,-0.604156,-0.616685,-0.633025,-0.644281,-0.628554,-0.596749,-0.57742,-0.596445,-0.603681,-0.591877,-0.570631,-0.599744,-0.546128,-0.489486,-0.526585,-0.497962,-0.511004,-0.510198,-0.545038,-0.514316,-0.563635,-0.510393,-0.517023,-0.59145,-0.547754,-0.563792,-0.593601,-0.623265,-0.610516,-0.631065,-0.665131,-0.66645,-0.650004,-0.636798,-0.644799,-0.645113,-0.651563,-0.661827,-0.681584,-0.675054,-0.643016,-0.617506,-0.575242,-0.54417,-0.50802,-0.513461,-0.537389,-0.529152,-0.512275,-0.50754,-0.512007,-0.506219,-0.510387,-0.533308,-0.545307,-0.51401,-0.500391,-0.507006,-0.493964,-0.476969,-0.458805,-0.48371,-0.468297,-0.443814,-0.470128,-0.456419,-0.43944,-0.446737,-0.456868,-0.479504,-0.509271,-0.526231,-0.542074,-0.555983,-0.567105,-0.575835,-0.579733,-0.585164,-0.584536,-0.582046,-0.579506,-0.574418,-0.56637,-0.556527,-0.541128,-0.534685,-0.522577,-0.520528,-0.53034,-0.520783,-0.511242,-0.520223,-0.508477,-0.493565,-0.519083,-0.527777,-0.523358,-0.51927,-0.548673
-0.575269,-0.572031,-0.567945,-0.563544,-0.572131,-0.564049,-0.559034,-0.556646,-0.539499,-0.553827,-0.517213,-0.535278,-0.557745,-0.566087,-0.556508,-0.594912,-0.605501,-0.62762,-0.595544,-0.52989,-0.561587,-0.579212,-0.601003,-0.579517,-0.616832,-0.660204,-0.657021,-0.65063,-0.698505,-0.683148,-0.680545,-0.734059,-0.726811,-0.748504,-0.760393,-0.753089,-0.749484,-0.729189,-0.707958,-0.678728,-0.655943,-0.607539,-0.564091,-0.511061,-0.500241,-0.487458,-0.457371,-0.461638,-0.475395,-0.474665,-0.484502,-0.489534,-0.440731,-0.46927,-0.510362,-0.485955,-0.48786,-0.486876,-0.479571,-0.470372,-0.468138,-0.455139,-0.427345,-0.47082,-0.493508,-0.410251,-0.439644,-0.519483,-0.52979,-0.540633,-0.560047,-0.576782,-0.589102,-0.599086,-0.600893,-0.60238,-0.603153,-0.608867,-0.610648,-0.601123,-0.589491,-0.584984,-0.587246,-0.59109,-0.584107,-0.569879,-0.548245,-0.568698,-0.573817,-0.547133,-0.547647,-0.5689
-0.585415,-0.568604,-0.579418,-0.558354,-0.554729,-0.596342,-0.559731,-0.536925,-0.564133,-0.582462,-0.57473,-0.60582,-0.646863,-0.626581,-0.632706,-0.659322,-0.682445,-0.733821,-0.70538,-0.662062,-0.74952,-0.746562,-0.711556,-0.757914,-0.754374,-0.74889,-0.790587,-0.803239,-0.821967,-0.838339,-0.822526,-0.807335,-0.78787,-0.772737,-0.781324,-0.799633,-0.739016,-0.643649,-0.574263,-0.515857,-0.489954,-0.471868,-0.465871,-0.464155,-0.470922,-0.453421,-0.426038,-0.447765,-0.492325,-0.497368,-0.48805,-0.493851,-0.473648,-0.541951
-0.610556,-0.600753,-0.614614,-0.591024,-0.606864,-0.633381,-0.607662,-0.65153,-0.634222,-0.660354,-0.737957,-0.728571,-0.731996,-0.749154,-0.750202,-0.766062,-0.799366,-0.774846,-0.772451,-0.815231,-0.795062,-0.81048,-0.844005,-0.847686,-0.876559,-0.874219,-0.852416,-0.872844,-0.871275,-0.832347,-0.793311,-0.709722,-0.590252,-0.501609,-0.456057,-0.464443,-0.460104,-0.458126,-0.442624,-0.534321
-0.672479,-0.701358,-0.680898,-0.70002,-0.705089,-0.706757,-0.718988,-0.734658,-0.738366,-0.752584,-0.782718,-0.803666,-0.810088,-0.794625,-0.80271,-0.826976,-0.85343,-0.84882,-0.862365,-0.893709,-0.930874,-0.918917,-0.841704,-0.799655,-0.778238,-0.77826,-0.699727
