-5.68073,-5.86758,-6.05129,-6.23188,-6.40938,-6.58383,-6.75529,-6.92386,-7.0897,-7.25299,-7.41395,-7.57275,-7.72947,-7.88425,-8.03715,-8.18823,-8.33754,-8.48519,-8.63128,-8.77593,-8.91927,-9.0614,-9.20243,-9.34244,-9.48153,-9.61975,-9.75717,-9.89385,-10.0299,-10.1654,-10.3003,-10.4349,-10.569,-10.7028,-10.8362,-10.9693,-11.1022,-11.2348,-11.3672,-11.4994,-11.6316,-11.7635,-11.8953,-12.027,-12.1586
-3.84006,-4.04979,-4.25595,-4.45857,-4.65772,-4.85356,-5.04621,-5.23577,-5.42235,-5.60604,-5.78682,-5.96466,-6.13953,-6.31141,-6.48033,-6.64634,-6.80961,-6.97037,-7.12884,-7.28518,-7.43942,-7.59155,-7.74163,-7.88978,-8.03617,-8.18094,-8.32421,-8.4661,-8.60675,-8.74627,-8.88483,-9.02253,-9.15946,-9.29567,-9.43125,-9.56626,-9.70075,-9.83477,-9.9684,-10.1017,-10.2348,-10.3677,-10.5006,-10.6334,-10.7663,-10.8993,-11.0324,-11.1656,-11.2988,-11.4321,-11.5653,-11.6986,-11.832,-11.9654,-12.099,-12.2326,-12.3663,-12.5001,-12.6339,-12.7677,-12.9016,-13.0354,-13.1692,-13.3029,-13.4365,-13.57,-13.7034
-2.1996,-2.42778,-2.65226,-2.87303,-3.09005,-3.30334,-3.51286,-3.71864,-3.92073,-4.11923,-4.31431,-4.50623,-4.69526,-4.8816,-5.06521,-5.24592,-5.42355,-5.59804,-5.76938,-5.93766,-6.10304,-6.26568,-6.42573,-6.58329,-6.73843,-6.89126,-7.04186,-7.19036,-7.3369,-7.48162,-7.62463,-7.76608,-7.90604,-8.04462,-8.18193,-8.31807,-8.45316,-8.58737,-8.72088,-8.85381,-8.98621,-9.11814,-9.24967,-9.38089,-9.51189,-9.64279,-9.77371,-9.90476,-10.036,-10.1676,-10.2994,-10.4316,-10.564,-10.6967,-10.8296,-10.9627,-11.0961,-11.2298,-11.364,-11.4986,-11.6336,-11.7691,-11.9049,-12.041,-12.1774,-12.3139,-12.4505,-12.5873,-12.7241,-12.861,-12.998,-13.1351,-13.2723,-13.4093,-13.5461,-13.6824,-13.8182,-13.9535,-14.0884,-14.2227,-14.3566,-14.4898,-14.6223,-14.7541,-14.885,-15.0149,-15.1439,-15.2719,-15.3988,-15.5247
-0.683934,-0.922079,-1.15681,-1.38815,-1.61614,-1.8409,-2.06254,-2.28117,-2.49678,-2.70937,-2.91892,-3.12536,-3.32861,-3.52863,-3.72539,-3.91897,-4.10945,-4.29693,-4.48142,-4.66284,-4.84115,-5.01632,-5.18833,-5.35723,-5.52309,-5.68594,-5.84588,-6.00304,-6.15753,-6.30946,-6.45896,-6.60611,-6.75097,-6.89368,-7.03439,-7.17329,-7.31056,-7.44633,-7.58074,-7.71393,-7.84604,-7.9772,-8.10754,-8.23716,-8.3662,-8.49478,-8.62302,-8.75106,-8.87898,-9.00692,-9.13504,-9.26351,-9.39245,-9.52185,-9.65173,-9.78208,-9.91294,-10.0444,-10.1764,-10.309,-10.4423,-10.5761,-10.7106,-10.8457,-10.9815,-11.1181,-11.2554,-11.3934,-11.5321,-11.6714,-11.811,-11.951,-12.0912,-12.2316,-12.3722,-12.513,-12.6539,-12.795,-12.936,-13.077,-13.2176,-13.358,-13.4979,-13.6376,-13.7768,-13.9153,-14.0532,-14.1902,-14.3263,-14.4613,-14.5952,-14.7279,-14.8595,-14.9898,-15.1189,-15.2468,-15.3731,-15.4979,-15.621,-15.7424,-15.8617,-15.9787,-16.0933,-16.2051,-16.3142,-16.4205,-16.5239,-16.6245,-16.7222,-16.8171,-16.9092
0.820193,0.568216,0.319645,0.0744624,-0.167352,-0.405826,-0.640978,-0.872834,-1.1014,-1.32667,-1.54865,-1.76739,-1.98295,-2.19537,-2.40467,-2.61083,-2.81386,-3.0138,-3.21061,-3.40424,-3.59467,-3.78192,-3.96598,-4.14687,-4.32462,-4.49931,-4.67092,-4.83941,-5.00471,-5.16683,-5.32581,-5.48171,-5.63462,-5.78468,-5.932,-6.07671,-6.21898,-6.35895,-6.49679,-6.6327,-6.76686,-6.89948,-7.03067,-7.16054,-7.2892,-7.41683,-7.5436,-7.66969,-7.7953,-7.92059,-8.04569,-8.17067,-8.2956,-8.4206,-8.54586,-8.67156,-8.79791,-8.92506,-9.0531,-9.18206,-9.31195,-9.44275,-9.5744,-9.70686,-9.84012,-9.97419,-10.1091,-10.245,-10.3818,-10.5198,-10.6588,-10.799,-10.9403,-11.0827,-11.2259,-11.3697,-11.514,-11.6587,-11.8036,-11.9488,-12.0942,-12.2397,-12.3854,-12.5312,-12.6768,-12.8223,-12.9676,-13.1124,-13.2567,-13.4002,-13.543,-13.6851,-13.8264,-13.9667,-14.1059,-14.2437,-14.3801,-14.515,-14.6483,-14.7802,-14.9104,-15.0387,-15.1646,-15.2878,-15.408,-15.5248,-15.6382,-15.7481,-15.8542,-15.9567,-16.0553,-16.1499,-16.2406,-16.3273,-16.4101,-16.4892,-16.5647,-16.6373,-16.7073,-16.7751,-16.8406,-16.9039,-16.9646,-17.0229,-17.0788
2.31888,2.06008,1.80439,1.55183,1.30242,1.0562,0.813199,0.573429,0.336889,0.103476,-0.126973,-0.354653,-0.579701,-0.802183,-1.02212,-1.23946,-1.45408,-1.66589,-1.87479,-2.08068,-2.28351,-2.48323,-2.67981,-2.8732,-3.06332,-3.25015,-3.43367,-3.61385,-3.79073,-3.9643,-4.13452,-4.30142,-4.46503,-4.6254,-4.78259,-4.93666,-5.0877,-5.23577,-5.381,-5.52348,-5.66333,-5.80068,-5.93568,-6.06856,-6.19958,-6.32901,-6.45705,-6.58384,-6.70947,-6.83406,-6.95778,-7.08082,-7.20338,-7.32564,-7.4478,-7.57007,-7.69259,-7.81552,-7.93895,-8.063,-8.18775,-8.31329,-8.43974,-8.56721,-8.69576,-8.82547,-8.95647,-9.08887,-9.22271,-9.35797,-9.4946,-9.63256,-9.77186,-9.91252,-10.0545,-10.1978,-10.3422,-10.4877,-10.6341,-10.7813,-10.9295,-11.0785,-11.2285,-11.3794,-11.531,-11.683,-11.835,-11.9869,-12.1385,-12.2896,-12.4402,-12.59,-12.7392,-12.8878,-13.0356,-13.1826,-13.3285,-13.4731,-13.6161,-13.7576,-13.8976,-14.0363,-14.1735,-14.3089,-14.442,-14.5724,-14.6999,-14.8242,-14.9448,-15.0616,-15.1743,-15.2826,-15.3865,-15.4859,-15.5805,-15.6701,-15.7544,-15.8337,-15.9086,-15.9797,-16.0477,-16.1128,-16.1748,-16.2339,-16.2898,-16.3427,-16.3927,-16.4401,-16.4853,-16.5283,-16.5696,-16.6094,-16.6479,-16.6853
3.69764,3.43174,3.16883,2.90893,2.65207,2.39826,2.14754,1.89999,1.65568,1.41466,1.17698,0.942627,0.711447,0.483176,0.25751,0.0341619,-0.187076,-0.40628,-0.623396,-0.838289,-1.05082,-1.26083,-1.46819,-1.67273,-1.87432,-2.0728,-2.26811,-2.46011,-2.64869,-2.8337,-3.01507,-3.19275,-3.36677,-3.53715,-3.70394,-3.86727,-4.02734,-4.18427,-4.33799,-4.48838,-4.63541,-4.77921,-4.91997,-5.05792,-5.19325,-5.32611,-5.45664,-5.58503,-5.71153,-5.83645,-5.96006,-6.08255,-6.20406,-6.32476,-6.44482,-6.56444,-6.68373,-6.80283,-6.92194,-7.04127,-7.1611,-7.28166,-7.40313,-7.52563,-7.64923,-7.77399,-7.89996,-8.02723,-8.15585,-8.28583,-8.41722,-8.55012,-8.68467,-8.82097,-8.95905,-9.09892,-9.24048,-9.38362,-9.52826,-9.67434,-9.82187,-9.97088,-10.1214,-10.2734,-10.4265,-10.5807,-10.7357,-10.8913,-11.0473,-11.2036,-11.3601,-11.5165,-11.6726,-11.8283,-11.9834,-12.1379,-12.292,-12.4452,-12.5974,-12.7481,-12.8972,-13.0445,-13.19,-13.3338,-13.4757,-13.6155,-13.753,-13.8882,-14.0207,-14.15,-14.2754,-14.3963,-14.5124,-14.6235,-14.7297,-14.8309,-14.9273,-15.0186,-15.1048,-15.1858,-15.2617,-15.3325,-15.3985,-15.4598,-15.5167,-15.5695,-15.6185,-15.664,-15.7065,-15.7464,-15.7845,-15.8209,-15.856,-15.8895,-15.9216,-15.9525,-15.9825,-16.0119,-16.0409,-16.0693
4.90629,4.6418,4.37983,4.12038,3.86345,3.60905,3.35717,3.10786,2.86117,2.61719,2.37597,2.13756,1.90198,1.6692,1.43913,1.21162,0.98645,0.763382,0.54225,0.323,0.105709,-0.109503,-0.322512,-0.533193,-0.741405,-0.947003,-1.14982,-1.34968,-1.54644,-1.73997,-1.93016,-2.11684,-2.29989,-2.47929,-2.65505,-2.82711,-2.99547,-3.16017,-3.32121,-3.47856,-3.6323,-3.78252,-3.92928,-4.07259,-4.21256,-4.34941,-4.48346,-4.61498,-4.74412,-4.871,-4.99576,-5.11857,-5.23966,-5.35931,-5.47775,-5.5952,-5.71189,-5.82807,-5.94398,-6.05975,-6.17547,-6.29121,-6.40715,-6.52356,-6.6408,-6.75916,-6.87884,-7.00002,-7.12278,-7.24713,-7.37303,-7.50046,-7.62942,-7.75997,-7.89223,-8.02636,-8.16249,-8.30065,-8.44073,-8.58257,-8.72608,-8.87125,-9.01815,-9.16684,-9.31736,-9.46962,-9.62344,-9.77858,-9.93486,-10.0921,-10.2502,-10.409,-10.5684,-10.7279,-10.8875,-11.047,-11.2062,-11.3651,-11.5234,-11.6809,-11.8374,-11.9925,-12.1459,-12.2976,-12.4475,-12.5956,-12.7418,-12.8858,-13.0272,-13.1658,-13.3013,-13.4333,-13.5616,-13.6858,-13.8055,-13.9204,-14.0302,-14.1344,-14.2328,-14.3251,-14.4114,-14.4919,-14.5673,-14.6381,-14.7047,-14.7671,-14.8249,-14.8784,-14.9277,-14.9731,-15.0152,-15.0543,-15.0908,-15.1251,-15.1578,-15.1892,-15.2196,-15.2493,-15.2784,-15.3074,-15.3362,-15.3649,-15.3934,-15.4218,-15.45
5.89589,5.64481,5.39487,5.14607,4.89841,4.65189,4.40654,4.16239,3.91948,3.67788,3.43766,3.1989,2.96171,2.72624,2.49264,2.26107,2.03163,1.80436,1.57923,1.35621,1.13525,0.916359,0.699579,0.484992,0.272715,0.0628433,-0.144563,-0.349406,-0.55157,-0.750957,-0.947426,-1.14078,-1.33078,-1.51716,-1.69966,-1.87811,-2.0525,-2.22293,-2.38959,-2.55255,-2.71176,-2.86717,-3.01877,-3.1667,-3.31112,-3.45215,-3.58989,-3.72453,-3.8563,-3.98538,-4.11193,-4.23612,-4.35815,-4.47823,-4.59657,-4.71346,-4.82916,-4.94385,-5.05772,-5.17103,-5.28408,-5.39711,-5.51033,-5.6239,-5.73793,-5.85252,-5.96784,-6.08412,-6.20158,-6.32047,-6.44108,-6.56363,-6.68826,-6.81505,-6.94387,-7.07455,-7.20699,-7.34123,-7.47748,-7.61591,-7.75654,-7.89931,-8.04412,-8.1908,-8.33923,-8.48933,-8.64109,-8.79448,-8.94948,-9.10599,-9.26389,-9.42299,-9.5831,-9.7441,-9.90585,-10.0681,-10.2306,-10.3931,-10.5553,-10.717,-10.878,-11.0379,-11.1968,-11.3542,-11.5101,-11.6643,-11.8165,-11.9666,-12.1143,-12.2593,-12.4014,-12.5403,-12.6757,-12.8073,-12.9349,-13.0579,-13.1759,-13.2886,-13.3955,-13.4967,-13.592,-13.6815,-13.7655,-13.844,-13.9175,-13.9861,-14.0503,-14.1101,-14.166,-14.2181,-14.2669,-14.3126,-14.3555,-14.3961,-14.4346,-14.4715,-14.5071,-14.5419,-14.5762,-14.6102,-14.644,-14.6779,-14.7121,-14.7467,-14.7819,-14.8178,-14.8543,-14.8915
6.70543,6.46554,6.22615,5.98725,5.74884,5.51092,5.27351,5.03663,4.80033,4.56466,4.32971,4.09557,3.86235,3.6302,3.39926,3.16967,2.94161,2.71524,2.49072,2.2682,2.04775,1.8294,1.61316,1.39893,1.18658,0.976103,0.767619,0.56131,0.357404,0.15615,-0.0422357,-0.237585,-0.429779,-0.618743,-0.804419,-0.986736,-1.16557,-1.34077,-1.51221,-1.67974,-1.84329,-2.00279,-2.1582,-2.3096,-2.45717,-2.60113,-2.74164,-2.87876,-3.01253,-3.1431,-3.27066,-3.39537,-3.51746,-3.63725,-3.75499,-3.87096,-3.98546,-4.09881,-4.21121,-4.32289,-4.43402,-4.54479,-4.65541,-4.7661,-4.87711,-4.98873,-5.10122,-5.21484,-5.32976,-5.44612,-5.56404,-5.68366,-5.80506,-5.92831,-6.05343,-6.1805,-6.30951,-6.44048,-6.57345,-6.70849,-6.84571,-6.9852,-7.12691,-7.27073,-7.41652,-7.56415,-7.71352,-7.86455,-8.01715,-8.17125,-8.3268,-8.48377,-8.64207,-8.80152,-8.96192,-9.12314,-9.28504,-9.44747,-9.61019,-9.77294,-9.93551,-10.0976,-10.259,-10.4193,-10.5783,-10.7357,-10.8913,-11.0448,-11.196,-11.3448,-11.4907,-11.6333,-11.7723,-11.9072,-12.0379,-12.1643,-12.2862,-12.4035,-12.5159,-12.6236,-12.7263,-12.8242,-12.917,-13.0049,-13.0876,-13.1652,-13.2384,-13.3076,-13.3733,-13.436,-13.4959,-13.5532,-13.608,-13.6606,-13.711,-13.7597,-13.8071,-13.8538,-13.9002,-13.9464,-13.9925,-14.0384,-14.0842,-14.1302,-14.1767,-14.2239,-14.2721,-14.3212,-14.3714,-14.4228
7.30575,7.08383,6.86161,6.63908,6.41625,6.19311,5.9697,5.74604,5.52218,5.29817,5.07409,4.85,4.62601,4.40222,4.17875,3.95575,3.73336,3.51175,3.29107,3.0715,2.8532,2.63634,2.42104,2.20741,1.99556,1.78563,1.57778,1.37219,1.169,0.968344,0.770287,0.574883,0.382156,0.192068,0.00467929,-0.179739,-0.360791,-0.538182,-0.711758,-0.881415,-1.04709,-1.20878,-1.36651,-1.5203,-1.6702,-1.81621,-1.95837,-2.09676,-2.23157,-2.36304,-2.49147,-2.61708,-2.74004,-2.86049,-2.97865,-3.09474,-3.2091,-3.32201,-3.43378,-3.54473,-3.6552,-3.76544,-3.87569,-3.98613,-4.09701,-4.20854,-4.32098,-4.43461,-4.54976,-4.66663,-4.78533,-4.90594,-5.02853,-5.15311,-5.2796,-5.40789,-5.53792,-5.66974,-5.80339,-5.93896,-6.07657,-6.21632,-6.35825,-6.50226,-6.64816,-6.79579,-6.945,-7.09567,-7.24769,-7.40093,-7.55532,-7.71082,-7.86739,-8.02499,-8.18354,-8.34293,-8.50306,-8.66375,-8.82477,-8.98583,-9.14663,-9.30689,-9.46639,-9.62499,-9.78258,-9.939,-10.094,-10.2471,-10.398,-10.546,-10.6908,-10.8321,-10.9699,-11.1041,-11.2346,-11.3613,-11.4842,-11.6029,-11.7173,-11.8271,-11.9324,-12.0333,-12.13,-12.2226,-12.3114,-12.3966,-12.4786,-12.5579,-12.6345,-12.7084,-12.7798,-12.8491,-12.9164,-12.982,-13.0463,-13.1093,-13.1716,-13.2333,-13.2946,-13.3558,-13.4169,-13.478,-13.5392,-13.6009,-13.6631,-13.7263,-13.7905,-13.856,-13.9227,-13.9906
7.79489,7.59246,7.38903,7.18458,6.97914,6.7727,6.5653,6.35697,6.14778,5.93781,5.72715,5.51588,5.30413,5.09202,4.87969,4.66727,4.45494,4.24286,4.0312,3.82017,3.60991,3.40056,3.19224,2.98501,2.77898,2.57428,2.37114,2.16978,1.97039,1.7731,1.57801,1.38521,1.19473,1.00658,0.820868,0.637806,0.457734,0.281075,0.108211,-0.0606963,-0.225644,-0.386739,-0.544156,-0.698002,-0.848263,-0.994791,-1.13745,-1.2763,-1.4115,-1.54324,-1.67184,-1.79762,-1.9208,-2.04155,-2.16006,-2.27652,-2.39108,-2.50394,-2.61544,-2.72597,-2.83586,-2.94535,-3.05469,-3.16414,-3.27401,-3.38455,-3.49599,-3.60856,-3.72246,-3.83784,-3.95481,-4.07352,-4.1941,-4.31669,-4.44135,-4.56804,-4.69674,-4.8274,-4.9599,-5.09413,-5.23005,-5.36768,-5.50709,-5.64823,-5.79097,-5.93512,-6.08051,-6.22705,-6.37467,-6.52333,-6.67295,-6.82342,-6.97465,-7.12654,-7.27903,-7.43205,-7.58554,-7.73942,-7.89359,-8.04792,-8.20225,-8.35641,-8.51021,-8.66344,-8.81591,-8.96744,-9.11781,-9.26681,-9.41416,-9.55962,-9.70302,-9.84419,-9.98295,-10.1191,-10.2526,-10.383,-10.5104,-10.6346,-10.7555,-10.8729,-10.987,-11.0979,-11.2057,-11.3108,-11.4133,-11.5134,-11.6112,-11.7066,-11.7996,-11.8901,-11.9784,-12.0647,-12.1494,-12.2327,-12.3147,-12.3956,-12.4757,-12.555,-12.6339,-12.7124,-12.7906,-12.8687,-12.9467,-13.0247,-13.1028,-13.1812,-13.26,-13.3395,-13.4198,-13.501,-13.5832
8.24648,8.05472,7.86198,7.66829,7.47363,7.27802,7.08149,6.88407,6.68579,6.48671,6.28688,6.08636,5.88521,5.68353,5.48139,5.27892,5.07623,4.87346,4.67074,4.46822,4.26606,4.06441,3.8634,3.66318,3.46388,3.26562,3.06851,2.87267,2.67826,2.48546,2.29444,2.10529,1.91809,1.73294,1.55003,1.36961,1.19192,1.01711,0.84531,0.6767,0.511468,0.349821,0.191934,0.0379094,-0.112205,-0.258429,-0.400813,-0.539429,-0.674393,-0.805936,-0.934395,-1.06006,-1.18313,-1.30373,-1.42206,-1.53839,-1.65304,-1.76633,-1.87856,-1.99,-2.10095,-2.21171,-2.32267,-2.43414,-2.54634,-2.65943,-2.77357,-2.88892,-3.0056,-3.12378,-3.24361,-3.36528,-3.48887,-3.61442,-3.74196,-3.87146,-4.00287,-4.13611,-4.27104,-4.40752,-4.54543,-4.68466,-4.82519,-4.96694,-5.10984,-5.25376,-5.39859,-5.54421,-5.69052,-5.83743,-5.98485,-6.13272,-6.28097,-6.42951,-6.57828,-6.72717,-6.8761,-7.025,-7.17379,-7.32241,-7.47078,-7.61879,-7.76636,-7.91335,-8.05964,-8.20512,-8.34962,-8.49305,-8.63529,-8.77626,-8.91592,-9.05417,-9.19088,-9.32588,-9.45905,-9.59028,-9.71952,-9.84675,-9.97198,-10.0952,-10.2165,-10.3359,-10.4535,-10.5692,-10.6831,-10.795,-10.9049,-11.0128,-11.1187,-11.2226,-11.3247,-11.4253,-11.5245,-11.6227,-11.7198,-11.8161,-11.9114,-12.0059,-12.0996,-12.1927,-12.2854,-12.3779,-12.4703,-12.5628,-12.6555,-12.7485,-12.8419,-12.9359,-13.0304,-13.1254
8.67889,8.49321,8.30693,8.12006,7.93262,7.7446,7.55603,7.36692,7.17727,6.98711,6.79643,6.60524,6.41358,6.2215,6.02907,5.83637,5.64348,5.45048,5.25744,5.06444,4.87157,4.67892,4.48661,4.29474,4.10346,3.91288,3.72314,3.53435,3.34662,3.16009,2.9749,2.79124,2.60931,2.4293,2.2514,2.07576,1.9025,1.73175,1.5636,1.39828,1.23603,1.0771,0.92167,0.76987,0.621742,0.477298,0.336513,0.19928,0.0653634,-0.0655402,-0.193724,-0.319425,-0.442769,-0.563859,-0.682913,-0.800236,-0.916203,-1.0312,-1.14556,-1.25963,-1.37367,-1.48795,-1.60273,-1.71822,-1.83459,-1.95205,-2.07075,-2.19082,-2.31241,-2.43558,-2.56041,-2.68691,-2.8151,-2.94496,-3.0765,-3.20966,-3.34437,-3.48056,-3.61809,-3.75681,-3.89658,-4.0373,-4.17883,-4.32108,-4.46393,-4.60725,-4.7509,-4.89477,-5.03882,-5.18295,-5.32709,-5.47117,-5.61513,-5.75892,-5.90251,-6.04588,-6.18901,-6.3319,-6.47453,-6.61691,-6.75903,-6.90088,-7.04243,-7.18367,-7.32456,-7.46508,-7.60518,-7.74483,-7.88398,-8.02259,-8.16061,-8.29796,-8.43458,-8.57041,-8.70537,-8.83938,-8.97235,-9.10419,-9.2348,-9.3641,-9.49203,-9.61851,-9.74352,-9.86703,-9.98905,-10.1096,-10.2286,-10.3461,-10.4619,-10.576,-10.6886,-10.7998,-10.9095,-11.0179,-11.1251,-11.2313,-11.3366,-11.4411,-11.545,-11.6486,-11.752,-11.8553,-11.9585,-12.0618,-12.1652,-12.2689,-12.3727,-12.4768,-12.5812
9.06824,8.88658,8.70489,8.52319,8.34147,8.15976,7.97806,7.79638,7.6147,7.43299,7.25123,7.06938,6.88744,6.70542,6.52333,6.34119,6.159,5.97674,5.79444,5.61213,5.42986,5.24765,5.06555,4.88362,4.70194,4.52059,4.33969,4.15937,3.97978,3.80108,3.62344,3.447,3.27193,3.0984,2.92655,2.7565,2.58842,2.42257,2.25925,2.09882,1.94156,1.78761,1.637,1.48966,1.34542,1.20416,1.06587,0.930583,0.798273,0.668681,0.541437,0.41616,0.292525,0.170296,0.049272,-0.0707399,-0.189944,-0.308595,-0.426972,-0.545354,-0.664032,-0.783287,-0.903353,-1.02438,-1.1465,-1.26981,-1.39439,-1.52027,-1.64747,-1.77606,-1.90612,-2.03771,-2.1708,-2.30535,-2.44129,-2.57851,-2.71687,-2.85626,-2.99654,-3.13759,-3.27929,-3.42152,-3.56415,-3.70705,-3.85011,-3.99321,-4.13626,-4.27916,-4.42182,-4.56419,-4.70622,-4.84788,-4.98917,-5.13005,-5.27053,-5.4106,-5.5503,-5.68964,-5.82867,-5.96743,-6.10596,-6.24433,-6.3826,-6.52084,-6.65911,-6.79741,-6.93575,-7.07408,-7.21234,-7.3505,-7.4885,-7.62628,-7.76378,-7.90093,-8.03768,-8.17394,-8.30964,-8.44469,-8.57897,-8.71239,-8.84481,-8.97612,-9.10622,-9.23504,-9.36246,-9.48845,-9.61299,-9.73609,-9.85777,-9.97805,-10.0969,-10.2144,-10.3304,-10.4452,-10.5588,-10.6715,-10.7833,-10.8943,-11.0046,-11.1144,-11.2239,-11.3333,-11.4425,-11.5517,-11.6611,-11.7705,-11.8801,-11.9897
9.44247,9.26681,9.09128,8.91588,8.74061,8.56546,8.39042,8.21549,8.04063,7.86581,7.69101,7.51619,7.34134,7.16647,6.99159,6.81668,6.64175,6.4668,6.29185,6.11692,5.94203,5.76722,5.59253,5.41805,5.24385,5.07005,4.89674,4.72404,4.55206,4.38092,4.21077,4.04176,3.87407,3.70787,3.54334,3.38068,3.22006,3.06159,2.90537,2.75148,2.6,2.45103,2.30468,2.16102,2.01998,1.88144,1.74523,1.61112,1.47892,1.34844,1.21945,1.09179,0.965326,0.839874,0.715183,0.590978,0.466996,0.342984,0.218725,0.094029,-0.0312717,-0.157328,-0.284292,-0.412291,-0.54141,-0.671723,-0.803252,-0.935999,-1.06995,-1.20511,-1.34149,-1.47906,-1.61777,-1.75749,-1.89811,-2.03953,-2.1816,-2.32423,-2.46731,-2.61074,-2.75443,-2.89829,-3.04224,-3.18618,-3.33003,-3.47369,-3.61707,-3.76012,-3.90276,-4.04497,-4.18673,-4.32801,-4.46881,-4.60915,-4.74906,-4.8886,-5.02782,-5.16681,-5.30565,-5.44443,-5.58324,-5.72215,-5.86122,-6.00049,-6.13999,-6.27972,-6.41968,-6.55982,-6.70013,-6.84055,-6.981,-7.1214,-7.26164,-7.40162,-7.54121,-7.68029,-7.81873,-7.95641,-8.09319,-8.229,-8.36372,-8.49727,-8.62957,-8.76052,-8.89002,-9.01799,-9.14436,-9.26915,-9.3924,-9.51418,-9.63463,-9.75385,-9.87191,-9.98889,-10.1049,-10.22,-10.3344,-10.4481,-10.5613,-10.674,-10.7863,-10.8985,-11.0105,-11.1224,-11.2345,-11.3467
9.82703,9.65883,9.49068,9.32259,9.15453,8.98651,8.81852,8.65054,8.48254,8.31449,8.14637,7.97816,7.80984,7.64142,7.47289,7.30426,7.13556,6.96682,6.79808,6.62938,6.46076,6.29229,6.12402,5.95604,5.78845,5.62135,5.45484,5.28904,5.1241,4.96016,4.79738,4.6359,4.47583,4.31723,4.16016,4.0047,3.85091,3.69892,3.54885,3.40075,3.2547,3.11072,2.96881,2.82892,2.69102,2.55503,2.42084,2.28834,2.15736,2.0277,1.89917,1.77151,1.64449,1.5179,1.39153,1.2652,1.13872,1.01196,0.884791,0.757077,0.628723,0.499637,0.369692,0.238759,0.106743,-0.0264244,-0.160769,-0.296287,-0.432944,-0.570693,-0.709473,-0.8492,-0.989785,-1.13114,-1.2732,-1.41586,-1.55906,-1.70271,-1.8467,-1.99096,-2.1354,-2.27992,-2.42446,-2.56894,-2.71329,-2.85748,-3.00144,-3.14514,-3.28854,-3.4316,-3.57429,-3.7166,-3.8585,-4.00003,-4.14122,-4.28211,-4.42278,-4.5633,-4.70377,-4.84428,-4.98492,-5.12576,-5.26686,-5.40824,-5.54992,-5.6919,-5.83416,-5.97666,-6.11934,-6.26213,-6.40493,-6.54763,-6.69012,-6.83228,-6.97398,-7.11509,-7.25546,-7.39498,-7.53354,-7.67105,-7.80737,-7.94238,-8.07594,-8.20796,-8.33836,-8.46712,-8.59425,-8.71984,-8.84394,-8.96656,-9.08776,-9.20758,-9.32608,-9.4434,-9.55967,-9.67498,-9.78946,-9.90324,-10.0164,-10.1291,-10.2414,-10.3534,-10.4652,-10.5769,-10.6884
10.2381,10.0726,9.9072,9.74198,9.57691,9.41198,9.24719,9.08253,8.91797,8.7535,8.58909,8.42472,8.2604,8.09611,7.93186,7.76768,7.60359,7.43961,7.27578,7.11212,6.94866,6.78542,6.62245,6.45979,6.29751,6.13571,5.97452,5.81412,5.65469,5.49637,5.3393,5.18359,5.02937,4.87671,4.72569,4.57637,4.4288,4.28303,4.1391,3.99708,3.85699,3.71884,3.58263,3.44832,3.31588,3.18523,3.05622,2.9287,2.80244,2.6772,2.55273,2.42881,2.30525,2.18189,2.05859,1.93524,1.81174,1.68796,1.56377,1.43898,1.31346,1.18702,1.05946,0.930621,0.800355,0.668581,0.535255,0.400396,0.264041,0.126252,-0.0128862,-0.153285,-0.294856,-0.437491,-0.581075,-0.725487,-0.870608,-1.01632,-1.16251,-1.30908,-1.45593,-1.60297,-1.75015,-1.89738,-2.04461,-2.19179,-2.33886,-2.48577,-2.63249,-2.77901,-2.92533,-3.07147,-3.21742,-3.3632,-3.50879,-3.6542,-3.79949,-3.94472,-4.08997,-4.23532,-4.38081,-4.52649,-4.67241,-4.81858,-4.96502,-5.11171,-5.25862,-5.4057,-5.55288,-5.70005,-5.8471,-5.99393,-6.14041,-6.2864,-6.43175,-6.57635,-6.72004,-6.86272,-7.00427,-7.14456,-7.28349,-7.42096,-7.55688,-7.69111,-7.82356,-7.95417,-8.08295,-8.20998,-8.3354,-8.45926,-8.58163,-8.70252,-8.82197,-8.94011,-9.05711,-9.17312,-9.28825,-9.40266,-9.51651,-9.62988,-9.74279,-9.85523,-9.96722,-10.0788
10.5499,10.3882,10.2266,10.0652,9.90404,9.74302,9.58217,9.42149,9.26094,9.10053,8.94023,8.78005,8.62001,8.46012,8.30042,8.14093,7.98172,7.82281,7.66428,7.50619,7.34862,7.19161,7.03526,6.87967,6.72494,6.5712,6.41855,6.26713,6.11707,5.96852,5.82165,5.67658,5.53345,5.39234,5.2533,5.11637,4.98154,4.84882,4.71822,4.58969,4.46319,4.33868,4.21608,4.09538,3.97655,3.85949,3.74407,3.63004,3.51711,3.40502,3.29359,3.18273,3.07232,2.96215,2.85196,2.74148,2.63043,2.51853,2.40552,2.29114,2.1751,2.05709,1.93688,1.81424,1.689,1.5611,1.43053,1.29726,1.16133,1.02279,0.881713,0.738192,0.592388,0.444498,0.29473,0.143324,-0.00949441,-0.16353,-0.318578,-0.474431,-0.630896,-0.787792,-0.944962,-1.10228,-1.25963,-1.41694,-1.57415,-1.73121,-1.88808,-2.04476,-2.20124,-2.35754,-2.51365,-2.6696,-2.82542,-2.98114,-3.13682,-3.29246,-3.44811,-3.6038,-3.75959,-3.9155,-4.07157,-4.22782,-4.38423,-4.54078,-4.69745,-4.85418,-5.01092,-5.16758,-5.32408,-5.48031,-5.63614,-5.79146,-5.94612,-6.09997,-6.25286,-6.40462,-6.55506,-6.70401,-6.85136,-6.99707,-7.14113,-7.28348,-7.42405,-7.56271,-7.69934,-7.83396,-7.96665,-8.09752,-8.22671,-8.35435,-8.48053,-8.60537,-8.72898,-8.85148,-8.97295,-9.09349,-9.21328,-9.33248,-9.45119,-9.5694,-9.6871
10.5899,10.4388,10.2881,10.1378,9.98781,9.83822,9.68901,9.54018,9.39174,9.24368,9.09602,8.94877,8.80195,8.65559,8.50974,8.36446,8.21982,8.07591,7.93281,7.79063,7.64945,7.50935,7.37048,7.23295,7.09689,6.96239,6.8296,6.69865,6.56963,6.44266,6.31785,6.19533,6.07521,5.95753,5.8423,5.72941,5.61878,5.51038,5.40418,5.3002,5.19848,5.09907,5.00188,4.90676,4.81349,4.72184,4.63165,4.54279,4.45506,4.36816,4.28176,4.19556,4.10929,4.02273,3.9356,3.84755,3.75809,3.66676,3.57312,3.47679,3.37751,3.27507,3.16933,3.06021,2.94764,2.83146,2.71129,2.58674,2.45756,2.32351,2.18449,2.04064,1.8922,1.73951,1.58299,1.42305,1.26004,1.09423,0.925835,0.755093,0.582288,0.407712,0.231647,0.0543578,-0.123908,-0.302933,-0.482512,-0.662467,-0.842639,-1.02289,-1.20308,-1.38313,-1.56292,-1.74239,-1.92148,-2.10013,-2.27831,-2.456,-2.63319,-2.8099,-2.98616,-3.162,-3.33747,-3.5126,-3.68744,-3.86202,-4.03643,-4.21071,-4.38491,-4.55903,-4.73308,-4.90702,-5.0808,-5.25431,-5.42745,-5.60007,-5.77202,-5.94316,-6.11333,-6.28238,-6.45018,-6.61655,-6.7813,-6.94424,-7.10525,-7.26425,-7.4212,-7.57608,-7.7289,-7.87963,-8.02819,-8.17456,-8.31873,-8.46074,-8.60077,-8.73898,-8.87547,-9.01033,-9.14365,-9.27553,-9.40599,-9.53504,-9.66271
10.7946,10.6488,10.5037,10.3593,10.2157,10.0728,9.93069,9.78934,9.64879,9.50902,9.37007,9.23195,9.0947,8.95835,8.82293,8.68849,8.5551,8.42284,8.29181,8.1621,8.03381,7.90703,7.78187,7.65843,7.53686,7.41725,7.29973,7.1844,7.07133,6.96057,6.8522,6.74626,6.64277,6.54175,6.44319,6.34704,6.25328,6.16195,6.07299,5.98636,5.90199,5.8198,5.73963,5.66129,5.58454,5.50904,5.43447,5.36056,5.28713,5.21401,5.1409,5.06738,4.9929,4.91701,4.83939,4.75985,4.67839,4.59489,4.50898,4.42018,4.32804,4.2322,4.13244,4.0285,3.92003,3.80663,3.68805,3.56428,3.43547,3.30195,3.16397,3.02166,2.87498,2.72384,2.56825,2.4083,2.24417,2.07609,1.90429,1.72896,1.55028,1.36846,1.18378,0.996478,0.806755,0.614797,0.420824,0.225081,0.0278443,-0.170598,-0.369962,-0.569972,-0.770368,-0.970911,-1.17139,-1.3716,-1.5714,-1.77063,-1.96919,-2.167,-2.36401,-2.56018,-2.7555,-2.95,-3.14369,-3.33663,-3.52888,-3.72051,-3.91159,-4.10217,-4.29229,-4.48195,-4.67114,-4.85979,-5.04778,-5.23498,-5.42126,-5.6065,-5.7906,-5.97346,-6.15501,-6.3351,-6.51352,-6.69004,-6.86442,-7.03642,-7.20588,-7.3727,-7.53688,-7.69842,-7.85737,-8.01373,-8.16749,-8.31868,-8.46737,-8.61361,-8.75747,-8.89901,-9.03838,-9.17568,-9.311,-9.44435
11.2212,11.076,10.9318,10.7885,10.6462,10.5048,10.3644,10.2249,10.0865,9.94907,9.81276,9.6776,9.54364,9.4109,9.27943,9.14926,9.02046,8.89308,8.76723,8.64301,8.5205,8.3998,8.281,8.16421,8.04952,7.93704,7.82685,7.71903,7.61366,7.51077,7.41036,7.31241,7.21691,7.12389,7.03344,6.94565,6.86058,6.77823,6.69852,6.62125,6.5461,6.4727,6.40064,6.32956,6.25931,6.18982,6.12105,6.05292,5.98509,5.91701,5.84798,5.77743,5.70509,5.63096,5.55514,5.47758,5.39793,5.31576,5.23056,5.14197,5.04983,4.95402,4.85442,4.75094,4.64351,4.53199,4.41621,4.29607,4.17171,4.04328,3.9108,3.77415,3.63314,3.48771,3.33791,3.18383,3.02558,2.86323,2.69687,2.52658,2.35236,2.17413,1.99185,1.80558,1.61548,1.42175,1.22468,1.02457,0.821745,0.616572,0.409423,0.200666,-0.00932738,-0.220199,-0.431614,-0.643265,-0.854875,-1.0662,-1.27703,-1.48718,-1.6965,-1.90491,-2.11233,-2.31873,-2.5241,-2.72842,-2.93171,-3.13399,-3.33528,-3.53559,-3.73494,-3.93333,-4.13078,-4.32725,-4.52271,-4.71712,-4.9104,-5.10246,-5.29321,-5.48256,-5.6704,-5.85664,-6.04108,-6.22351,-6.40367,-6.58128,-6.75612,-6.92804,-7.09695,-7.26287,-7.4258,-7.5858,-7.74293,-7.89728,-8.04892,-8.19793,-8.34442,-8.48844,-8.63008,-8.7694,-8.90645,-9.04125
11.7466,11.5992,11.4528,11.3075,11.1632,11.02,10.8778,10.7368,10.597,10.4585,10.3211,10.1851,10.0505,9.91725,9.78543,9.6551,9.52637,9.39936,9.2742,9.151,9.02987,8.91091,8.79422,8.6799,8.56804,8.45873,8.35203,8.24797,8.14649,8.04759,7.9512,7.85733,7.76607,7.67752,7.59176,7.50886,7.4288,7.35143,7.27652,7.20375,7.13268,7.06285,6.994,6.92591,6.85845,6.79144,6.72465,6.65778,6.59052,6.52255,6.45354,6.38325,6.31135,6.23748,6.16129,6.08246,6.00073,5.91592,5.82794,5.73671,5.6422,5.54443,5.44344,5.33914,5.2313,5.11967,5.00409,4.88468,4.76167,4.63524,4.50542,4.37211,4.2351,4.09427,3.94948,3.80057,3.64735,3.48972,3.3277,3.16141,2.99096,2.81649,2.6381,2.45576,2.26934,2.0787,1.8839,1.68513,1.48269,1.27693,1.06818,0.856851,0.643357,0.428124,0.211569,-0.00591973,-0.223987,-0.442299,-0.660536,-0.87841,-1.09568,-1.31217,-1.52772,-1.74222,-1.95556,-2.16769,-2.37853,-2.58804,-2.7962,-3.003,-3.20846,-3.41256,-3.61533,-3.81675,-4.01675,-4.21528,-4.41223,-4.6075,-4.80094,-4.99245,-5.18196,-5.36935,-5.55453,-5.73735,-5.91767,-6.09534,-6.27026,-6.44234,-6.61153,-6.77776,-6.94102,-7.10126,-7.2585,-7.41278,-7.56421,-7.71291,-7.85902,-8.00269,-8.14401,-8.28304,-8.41983,-8.55439
12.344,12.1926,12.0422,11.893,11.7448,11.5978,11.4519,11.3073,11.1639,11.0218,10.8812,10.742,10.6043,10.4683,10.3339,10.2012,10.0705,9.94171,9.81496,9.69029,9.56778,9.44752,9.3296,9.21423,9.10162,8.99193,8.88521,8.78143,8.68048,8.58227,8.4868,8.39405,8.30411,8.21709,8.13303,8.0519,7.97359,7.89787,7.8244,7.75281,7.68274,7.61379,7.54568,7.4782,7.41113,7.34431,7.27753,7.21053,7.14298,7.07448,7.00461,6.93303,6.85942,6.78348,6.70501,6.62379,6.53966,6.45254,6.36238,6.26925,6.17318,6.07409,5.97183,5.8662,5.75704,5.64429,5.52805,5.40852,5.28591,5.16032,5.03172,4.89993,4.76481,4.62618,4.48385,4.3376,4.18727,4.03277,3.87408,3.71117,3.54402,3.37262,3.1969,3.01672,2.83202,2.6428,2.44914,2.25125,2.04944,1.84407,1.63552,1.42414,1.21022,0.994118,0.776193,0.556802,0.336324,0.115148,-0.106356,-0.327851,-0.549039,-0.769655,-0.989477,-1.20831,-1.42601,-1.64244,-1.8575,-2.07111,-2.28318,-2.49365,-2.70244,-2.90949,-3.11476,-3.31826,-3.52005,-3.72017,-3.91863,-4.11533,-4.31011,-4.5028,-4.69326,-4.88132,-5.06681,-5.24958,-5.42952,-5.60654,-5.78058,-5.95162,-6.11965,-6.28464,-6.4466,-6.60554,-6.76154,-6.9147,-7.06511,-7.21285,-7.35802,-7.5007,-7.64095,-7.77888,-7.91458,-8.04808
12.9662,12.8135,12.6616,12.5105,12.3601,12.2106,12.0619,11.914,11.7672,11.6215,11.4771,11.3339,11.1922,11.0521,10.9137,10.777,10.6422,10.5094,10.3785,10.2498,10.1232,9.99921,9.87788,9.75948,9.64423,9.53219,9.42334,9.31761,9.21493,9.1152,9.01839,8.92456,8.83373,8.74596,8.66123,8.57944,8.50038,8.42384,8.34952,8.27712,8.20637,8.13697,8.06853,8.00072,7.93324,7.86583,7.79824,7.7302,7.66141,7.59152,7.52016,7.447,7.37176,7.29416,7.214,7.13108,7.04528,6.95646,6.86453,6.76946,6.67128,6.57006,6.4658,6.35847,6.24805,6.13454,6.01792,5.89816,5.77524,5.64917,5.51992,5.38748,5.2518,5.1128,4.97037,4.82438,4.67472,4.52133,4.36411,4.20291,4.03754,3.86792,3.69398,3.51567,3.33306,3.14621,2.95522,2.76018,2.56118,2.3583,2.15176,1.94183,1.72891,1.51341,1.29571,1.07615,0.855046,0.632766,0.409687,0.186191,-0.0373637,-0.260664,-0.483431,-0.705407,-0.926362,-1.14607,-1.3643,-1.58088,-1.7957,-2.0087,-2.21987,-2.42916,-2.6365,-2.84182,-3.04508,-3.24621,-3.44512,-3.64169,-3.83581,-4.02736,-4.2162,-4.40224,-4.58537,-4.76553,-4.94271,-5.11688,-5.28802,-5.45615,-5.62124,-5.78335,-5.94249,-6.09871,-6.25209,-6.40277,-6.55085,-6.69644,-6.83964,-6.9805,-7.11908,-7.25545,-7.38966,-7.52173
13.6361,13.48,13.3244,13.1693,13.0147,12.8608,12.7076,12.5551,12.4035,12.2529,12.1034,11.955,11.8079,11.6623,11.5184,11.3762,11.2358,11.0975,10.9613,10.8275,10.6962,10.5678,10.4425,10.3203,10.2014,10.0858,9.97345,9.86407,9.75762,9.65422,9.55402,9.45708,9.36337,9.27279,9.18529,9.10081,9.01919,8.94025,8.86369,8.78905,8.71586,8.6438,8.57264,8.50222,8.43236,8.36281,8.29324,8.22322,8.15236,8.08031,8.00675,7.93141,7.85406,7.7745,7.69255,7.60801,7.52078,7.43076,7.33783,7.24189,7.14288,7.04076,6.93554,6.82725,6.71588,6.60145,6.48396,6.36343,6.23986,6.11323,5.98355,5.85076,5.71474,5.5753,5.43222,5.28536,5.13463,4.98004,4.82169,4.65967,4.49395,4.32433,4.1506,3.97267,3.7905,3.60417,3.41385,3.21971,3.02195,2.82075,2.6163,2.40877,2.1983,1.98511,1.76946,1.55169,1.33213,1.11113,0.889061,0.666274,0.443122,0.219947,-0.0029249,-0.225212,-0.44665,-0.666971,-0.885949,-1.1034,-1.31916,-1.53305,-1.74495,-1.95471,-2.16217,-2.36721,-2.56973,-2.76967,-2.96702,-3.16181,-3.35399,-3.5434,-3.72985,-3.91315,-4.09319,-4.26997,-4.44354,-4.61394,-4.78119,-4.94528,-5.10626,-5.2642,-5.41922,-5.57143,-5.72095,-5.86787,-6.0123,-6.15436,-6.2942,-6.43197,-6.5678,-6.7018,-6.83401,-6.96445
14.3326,14.1716,14.011,13.8508,13.6912,13.5321,13.3736,13.2158,13.0588,12.9028,12.7477,12.5938,12.4411,12.2898,12.14,11.992,11.8459,11.7019,11.5602,11.421,11.2845,11.1507,11.0197,10.8918,10.7669,10.6454,10.5273,10.4127,10.3017,10.1942,10.0901,9.98933,9.89167,9.79706,9.70544,9.6168,9.53111,9.44821,9.36791,9.28992,9.21385,9.13926,9.06574,8.99299,8.92076,8.84885,8.77696,8.70473,8.63183,8.55792,8.48269,8.40586,8.32721,8.24652,8.16357,8.07812,7.98994,7.89891,7.80495,7.70805,7.60824,7.50555,7.39994,7.29126,7.17945,7.0645,6.94637,6.82506,6.70053,6.57279,6.44184,6.30766,6.17021,6.02936,5.88495,5.73682,5.58489,5.42913,5.26956,5.10621,4.9391,4.76825,4.59367,4.41532,4.23318,4.04727,3.8577,3.6646,3.46815,3.26848,3.06571,2.85991,2.6512,2.43971,2.22569,2.00944,1.79133,1.57169,1.35085,1.12914,0.906888,0.684469,0.462257,0.240606,0.0198424,-0.19977,-0.418026,-0.634728,-0.849661,-1.06263,-1.27342,-1.48187,-1.6878,-1.89107,-2.09154,-2.28912,-2.48369,-2.67514,-2.86337,-3.04829,-3.22985,-3.40802,-3.58291,-3.75462,-3.92322,-4.08871,-4.25102,-4.41006,-4.56587,-4.71857,-4.86837,-5.01549,-5.16014,-5.3024,-5.44235,-5.58008,-5.71576,-5.84957,-5.9817,-6.11228,-6.24138,-6.36904
15.0576,14.8909,14.7245,14.5585,14.393,14.228,14.0635,13.8998,13.7368,13.5747,13.4135,13.2535,13.0947,12.9372,12.7812,12.6269,12.4745,12.3241,12.1759,12.0301,11.8869,11.7465,11.6091,11.4748,11.3437,11.2159,11.0916,10.971,10.854,10.7409,10.6314,10.5255,10.4232,10.3241,10.2281,10.1353,10.0453,9.95816,9.87356,9.79131,9.71114,9.63271,9.55571,9.47981,9.4047,9.33,9.25541,9.18064,9.10544,9.02952,8.95253,8.87413,8.79397,8.71178,8.62738,8.54065,8.4515,8.35974,8.2652,8.16774,8.06732,7.96388,7.85737,7.7478,7.6352,7.51953,7.40073,7.27877,7.15363,7.02531,6.89376,6.75888,6.62059,6.47878,6.33338,6.18431,6.03153,5.87505,5.71494,5.55121,5.38388,5.21293,5.03834,4.8601,4.67825,4.49286,4.30401,4.11181,3.91633,3.71767,3.51591,3.3112,3.10372,2.89366,2.68121,2.46661,2.25014,2.03212,1.81288,1.5928,1.37226,1.15162,0.931232,0.711431,0.492519,0.274787,0.0585153,-0.156033,-0.368604,-0.578965,-0.786907,-0.992264,-1.19493,-1.39487,-1.59206,-1.78644,-1.9778,-2.16589,-2.35056,-2.53175,-2.70944,-2.88368,-3.05449,-3.2218,-3.38559,-3.54586,-3.70267,-3.85611,-4.00633,-4.1535,-4.29777,-4.43928,-4.57821,-4.71479,-4.84921,-4.98166,-5.11237,-5.24152,-5.36925,-5.49564,-5.62077,-5.74469
15.8074,15.6348,15.4626,15.2909,15.1197,14.949,14.7789,14.6095,14.4409,14.2732,14.1065,13.9408,13.7764,13.6133,13.4517,13.2918,13.1336,12.9774,12.8234,12.6716,12.5224,12.376,12.2326,12.0924,11.9552,11.8212,11.6904,11.563,11.4393,11.3193,11.2031,11.0908,10.9824,10.8777,10.7765,10.6786,10.5838,10.4919,10.4027,10.316,10.2315,10.1491,10.0685,9.98929,9.91128,9.83408,9.75732,9.68065,9.60375,9.52643,9.44848,9.36961,9.28945,9.20765,9.12391,9.03801,8.94977,8.85903,8.76566,8.66956,8.57065,8.46885,8.36407,8.25622,8.14522,8.03101,7.91359,7.79299,7.66928,7.54247,7.41253,7.27941,7.14304,7.00331,6.86014,6.71348,6.56332,6.40963,6.25238,6.0916,5.92727,5.7594,5.58801,5.41314,5.23488,5.05334,4.8686,4.68074,4.4898,4.29583,4.0989,3.89914,3.69669,3.49171,3.28438,3.07487,2.86342,2.65031,2.43584,2.22034,2.00412,1.7875,1.57081,1.3544,1.13862,0.923842,0.710353,0.498433,0.288325,0.0802252,-0.125688,-0.329253,-0.530355,-0.728838,-0.924455,-1.11692,-1.306,-1.49152,-1.67338,-1.8516,-2.02622,-2.19722,-2.36462,-2.52838,-2.68845,-2.84485,-2.99764,-3.1469,-3.29278,-3.43539,-3.57487,-3.71136,-3.84502,-3.97609,-4.10486,-4.23164,-4.35672,-4.4803,-4.60249,-4.72341,-4.84319,-4.96189,-5.07953
16.567,16.3878,16.2091,16.0308,15.853,15.6758,15.4991,15.3231,15.1479,14.9736,14.8002,14.6279,14.4568,14.287,14.1186,13.9519,13.7869,13.6238,13.4628,13.3041,13.1479,12.9944,12.8439,12.6966,12.5526,12.4119,12.2748,12.1411,12.0113,11.8852,11.763,11.6446,11.5299,11.4189,11.3115,11.2075,11.1069,11.0096,10.9154,10.8241,10.7354,10.6491,10.5647,10.482,10.4007,10.3204,10.2409,10.1617,10.0825,10.0031,9.92317,9.84244,9.76066,9.67751,9.59265,9.50582,9.41677,9.32533,9.23136,9.13475,9.03538,8.93312,8.82787,8.71955,8.60813,8.4936,8.37598,8.25527,8.13147,8.00456,7.87449,7.74122,7.60467,7.46473,7.32136,7.17453,7.02426,6.87057,6.71348,6.55302,6.38915,6.22188,6.05119,5.87711,5.69974,5.51918,5.33558,5.14906,4.95967,4.76745,4.57246,4.37472,4.17434,3.97146,3.76628,3.55901,3.34992,3.13928,2.92736,2.71449,2.50097,2.2871,2.0732,1.85956,1.6465,1.43432,1.22332,1.01386,0.806237,0.600729,0.397571,0.196957,-0.000950245,-0.19597,-0.38792,-0.57665,-0.761981,-0.94373,-1.12174,-1.2959,-1.46614,-1.6324,-1.79475,-1.95323,-2.10793,-2.25891,-2.40619,-2.54979,-2.68976,-2.82618,-2.95921,-3.08908,-3.21607,-3.34047,-3.46258,-3.58271,-3.70109,-3.81792,-3.9334,-4.04777,-4.16121,-4.27385,-4.38572
17.3456,17.1594,16.9737,16.7886,16.6041,16.4202,16.237,16.0544,15.8727,15.6919,15.512,15.3333,15.1558,14.9797,14.8051,14.6321,14.4608,14.2914,14.1237,13.958,13.7945,13.6334,13.4753,13.3204,13.1687,13.0205,12.8757,12.7346,12.5973,12.4638,12.3343,12.2088,12.0873,11.9698,11.8562,11.7463,11.64,11.537,11.4372,11.3405,11.2468,11.1557,11.067,10.9805,10.8957,10.8123,10.73,10.6484,10.5672,10.4861,10.4046,10.3225,10.2394,10.155,10.069,9.98101,9.89096,9.79862,9.70389,9.60665,9.50679,9.40421,9.29881,9.19048,9.07916,8.9648,8.84741,8.72696,8.6034,8.47671,8.34684,8.21378,8.0775,7.93795,7.7951,7.64889,7.4993,7.34634,7.19005,7.03049,6.86772,6.70179,6.5327,6.36039,6.18485,6.00609,5.82421,5.63936,5.45174,5.26156,5.06895,4.87396,4.67665,4.4771,4.27541,4.07171,3.8662,3.65912,3.45073,3.24132,3.03117,2.8206,2.60995,2.39953,2.18965,1.98062,1.77273,1.56629,1.36156,1.1588,0.958321,0.760373,0.565192,0.372988,0.18393,-0.00179328,-0.183994,-0.362543,-0.537314,-0.708181,-0.875022,-1.03772,-1.19627,-1.3507,-1.50107,-1.64748,-1.78994,-1.9284,-2.06288,-2.19345,-2.32026,-2.44357,-2.56379,-2.68146,-2.79715,-2.91124,-3.02383,-3.13492,-3.24459,-3.35298,-3.46026,-3.56654,-3.67189
18.1251,17.9336,17.7426,17.5521,17.3621,17.1727,16.9839,16.7957,16.6082,16.4216,16.2358,16.051,15.8672,15.6847,15.5034,15.3236,15.1455,14.9693,14.7951,14.6232,14.4534,14.286,14.1211,13.9589,13.7997,13.6439,13.4916,13.3431,13.1986,13.058,12.9215,12.789,12.6605,12.536,12.4155,12.2989,12.1862,12.0772,11.9717,11.8697,11.7708,11.6749,11.5817,11.4909,11.4023,11.3154,11.2301,11.1459,11.0625,10.9795,10.8965,10.8131,10.7289,10.6436,10.5568,10.4682,10.3776,10.2848,10.1898,10.0924,9.99253,9.89001,9.78476,9.67671,9.56578,9.45191,9.33506,9.21516,9.09219,8.96615,8.83704,8.70488,8.56963,8.43126,8.28975,8.14507,7.9972,7.84606,7.69159,7.53377,7.37266,7.20839,7.04113,6.871,6.69806,6.52226,6.3436,6.16206,5.97768,5.79057,5.60088,5.40887,5.21474,5.01866,4.82069,4.62096,4.41958,4.21668,4.01244,3.80709,3.60091,3.3942,3.18725,2.98039,2.77396,2.56828,2.36366,2.1604,1.95876,1.75903,1.56146,1.36633,1.17388,0.984353,0.798007,0.615062,0.435683,0.260027,0.0882327,-0.0796295,-0.243459,-0.403107,-0.558452,-0.709426,-0.85605,-0.998438,-1.13673,-1.27101,-1.40135,-1.52789,-1.65079,-1.77027,-1.88662,-2.00011,-2.11111,-2.21994,-2.3269,-2.4323,-2.53637,-2.63933,-2.7414,-2.84274,-2.94342
18.9099,18.7145,18.5195,18.3249,18.1306,17.9368,17.7434,17.5506,17.3582,17.1665,16.9755,16.7852,16.5959,16.4075,16.2204,16.0345,15.8501,15.6674,15.4865,15.3077,15.131,14.9567,14.7848,14.6157,14.4495,14.2864,14.1266,13.9704,13.8179,13.6693,13.5247,13.3841,13.2478,13.1158,12.9879,12.8643,12.7448,12.6294,12.518,12.4103,12.3063,12.2056,12.108,12.0131,11.9207,11.8305,11.742,11.655,11.5691,11.4841,11.3994,11.3147,11.2295,11.1433,11.0558,10.9667,10.8758,10.7828,10.6876,10.5901,10.4902,10.388,10.2833,10.176,10.0661,9.95344,9.83791,9.71945,9.59803,9.47367,9.34636,9.21608,9.08273,8.9462,8.8065,8.66366,8.51782,8.36902,8.21724,8.06243,7.9045,7.74348,7.57947,7.41262,7.24306,7.07089,6.89611,6.71872,6.53872,6.35615,6.17108,5.98362,5.79391,5.60216,5.4086,5.21346,5.01687,4.81893,4.61977,4.41951,4.21833,4.01643,3.8141,3.61162,3.40933,3.20755,3.00661,2.80682,2.60847,2.41183,2.21711,2.02458,1.83453,1.6473,1.46322,1.28255,1.1055,0.932232,0.762805,0.59728,0.435768,0.278383,0.125146,-0.0240115,-0.169107,-0.31008,-0.446899,-0.579522,-0.707941,-0.832255,-0.952666,-1.06948,-1.18306,-1.2938,-1.40207,-1.50817,-1.6124,-1.71504,-1.81635,-1.91666,-2.01623,-2.11518,-2.21358
19.7129,19.5138,19.315,19.1163,18.9179,18.7198,18.5219,18.3244,18.1273,17.9307,17.7347,17.5392,17.3445,17.1504,16.9574,16.7654,16.5748,16.3856,16.1981,16.0124,15.8287,15.6472,15.468,15.2916,15.118,14.9474,14.7802,14.6165,14.4565,14.3004,14.1484,14.0003,13.8563,13.7164,13.5808,13.4496,13.3228,13.2003,13.082,12.9679,12.8577,12.7513,12.6484,12.5486,12.4518,12.3577,12.2659,12.176,12.0878,12.0006,11.9141,11.8278,11.7413,11.6542,11.5661,11.4767,11.3858,11.293,11.1983,11.1014,11.0024,10.9011,10.7975,10.6914,10.5829,10.4718,10.358,10.2416,10.1224,10.0003,9.87515,9.74711,9.61622,9.48253,9.34607,9.20683,9.06472,8.91967,8.77159,8.62044,8.46623,8.30903,8.14896,7.98617,7.82086,7.65317,7.48315,7.31079,7.1361,6.95908,6.77977,6.59823,6.41455,6.22884,6.04123,5.85192,5.66111,5.46905,5.27596,5.08194,4.88709,4.69153,4.49544,4.29901,4.10249,3.90617,3.71039,3.51546,3.3217,3.12938,2.93871,2.7499,2.56319,2.37884,2.19714,2.01842,1.84297,1.67104,1.5028,1.3383,1.17754,1.02047,0.867144,0.717724,0.572368,0.431158,0.294117,0.161217,0.0323681,-0.0925002,-0.213436,-0.330575,-0.444164,-0.554609,-0.66244,-0.768226,-0.872448,-0.975368,-1.07706,-1.17758,-1.27701,-1.37544,-1.47291
20.5147,20.3112,20.1079,19.9046,19.7014,19.4984,19.2955,19.0928,18.8903,18.6881,18.4863,18.285,18.0843,17.8842,17.6849,17.4865,17.2892,17.0932,16.8986,16.7056,16.5145,16.3255,16.1388,15.9546,15.7731,15.5946,15.4192,15.2472,15.0789,14.9144,14.754,14.5977,14.4457,14.298,14.1549,14.0163,13.8823,13.7529,13.6281,13.5075,13.3912,13.2786,13.1698,13.0644,12.9624,12.8637,12.7679,12.6746,12.5833,12.4935,12.4047,12.3163,12.2279,12.1392,12.0497,11.9592,11.8673,11.7739,11.6786,11.5814,11.4821,11.3808,11.2772,11.1713,11.0631,10.9525,10.8395,10.7241,10.6061,10.4854,10.3619,10.2355,10.1061,9.97393,9.83884,9.7009,9.56019,9.41679,9.27073,9.12207,8.97076,8.81671,8.65983,8.50011,8.33765,8.17265,8.00535,7.83594,7.66453,7.49116,7.31578,7.1384,6.959,6.77765,6.59443,6.40948,6.22301,6.03525,5.84646,5.65688,5.46669,5.27602,5.08496,4.89362,4.70217,4.51084,4.31987,4.12958,3.94031,3.75243,3.56627,3.38212,3.20022,3.02078,2.84389,2.66961,2.49801,2.32934,2.16394,2.00218,1.84429,1.69033,1.54018,1.39373,1.25092,1.11176,0.976225,0.844294,0.716055,0.591593,0.470898,0.353856,0.240222,0.129627,0.0216541,-0.0841078,-0.188042,-0.290525,-0.391888,-0.492411,-0.592298,-0.691651
21.3381,21.1309,20.9236,20.7163,20.5089,20.3015,20.0941,19.8866,19.6793,19.4721,19.265,19.0583,18.8519,18.6459,18.4406,18.236,18.0322,17.8295,17.628,17.4279,17.2294,17.0327,16.8381,16.6458,16.4561,16.2693,16.0855,15.9051,15.7283,15.5553,15.3862,15.2213,15.0608,14.9047,14.7531,14.606,14.4638,14.3263,14.1936,14.0655,13.942,13.8228,13.7079,13.597,13.49,13.3864,13.286,13.1884,13.0932,12.9998,12.9078,12.8166,12.7259,12.6352,12.544,12.4523,12.3595,12.2655,12.1701,12.0729,11.974,11.8732,11.7703,11.6653,11.5581,11.4484,11.3365,11.2221,11.1055,10.9866,10.8651,10.7411,10.6143,10.4844,10.3515,10.2157,10.0769,9.93533,9.7912,9.64463,9.49567,9.34431,9.19045,9.03404,8.87506,8.71359,8.54983,8.38403,8.21642,8.04715,7.87623,7.70366,7.52941,7.3535,7.176,6.99703,6.81675,6.63535,6.45303,6.27,6.08642,5.90242,5.71809,5.53356,5.34897,5.16448,4.9803,4.79665,4.61381,4.43204,4.2516,4.0727,3.8955,3.72012,3.54674,3.37559,3.20692,3.04098,2.87801,2.71816,2.56153,2.40813,2.25798,2.11115,1.96775,1.82794,1.69182,1.55941,1.43062,1.30531,1.18331,1.06452,0.948803,0.835969,0.725739,0.617712,0.511408,0.406341,0.302101,0.198432,0.0952216
22.1459,21.9358,21.7255,21.515,21.3044,21.0937,20.8828,20.6718,20.4608,20.2497,20.0387,19.8277,19.617,19.4065,19.1964,18.9868,18.7779,18.5698,18.3627,18.1566,17.9519,17.7486,17.5471,17.3477,17.1507,16.9564,16.7649,16.5766,16.3916,16.2102,16.0327,15.8592,15.6901,15.5253,15.3653,15.2099,15.0593,14.9136,14.7727,14.6367,14.5055,14.379,14.2571,14.1398,14.0267,13.9177,13.8125,13.7105,13.6113,13.5145,13.4194,13.3257,13.2328,13.1404,13.0479,12.9552,12.862,12.7681,12.6731,12.5769,12.4792,12.3798,12.2784,12.1749,12.0693,11.9613,11.851,11.7384,11.6234,11.5064,11.3872,11.2658,11.1421,11.0159,10.887,10.7552,10.6205,10.4828,10.3422,10.1989,10.053,9.90475,9.75442,9.60198,9.44733,9.29041,9.13129,8.97015,8.80726,8.64283,8.477,8.3098,8.14122,7.97124,7.79986,7.62718,7.45334,7.27852,7.10294,6.92679,6.75023,6.57334,6.39617,6.21878,6.04129,5.86383,5.68662,5.50993,5.33399,5.15904,4.98526,4.81277,4.64168,4.47209,4.30416,4.13808,3.97408,3.81239,3.6532,3.4966,3.34263,3.19131,3.04271,2.89694,2.75411,2.61428,2.47751,2.34387,2.2134,2.08608,1.9618,1.84037,1.72152,1.60495,1.49036,1.37743,1.26586,1.15539,1.04583,0.937111
22.9301,22.7183,22.5063,22.294,22.0815,21.8687,21.6557,21.4425,21.2291,21.0156,20.8019,20.5881,20.3743,20.1606,19.9471,19.7338,19.5209,19.3086,19.0971,18.8865,18.677,18.4689,18.2622,18.0573,17.8544,17.6537,17.4556,17.2603,17.0681,16.8793,16.6942,16.513,16.336,16.1635,15.9956,15.8323,15.6738,15.5201,15.3711,15.227,15.0878,14.9536,14.8244,14.7001,14.5806,14.4657,14.3552,14.2484,14.1451,14.0447,13.9467,13.8505,13.7557,13.6616,13.568,13.4746,13.381,13.2871,13.1927,13.0976,13.0015,12.9042,12.8053,12.7046,12.6021,12.4976,12.3909,12.2819,12.1705,12.0564,11.9397,11.8203,11.6983,11.5738,11.4471,11.3182,11.1872,11.054,10.9185,10.7805,10.6399,10.4967,10.3508,10.2027,10.0524,9.90017,9.74618,9.59044,9.43299,9.27399,9.1136,8.95198,8.78918,8.62519,8.46001,8.29371,8.12637,7.95818,7.78933,7.62004,7.45047,7.2807,7.11077,6.94072,6.77061,6.60054,6.43068,6.26123,6.09243,5.9245,5.7576,5.59185,5.42733,5.2641,5.10228,4.94199,4.78342,4.62678,4.47222,4.31983,4.16966,4.02171,3.87598,3.73255,3.59144,3.45273,3.31655,3.18305,3.05226,2.92414,2.79853,2.67521,2.55392,2.43447,2.31673,2.20058,2.08592,1.97268,1.86081
23.6858,23.4729,23.2597,23.046,22.8321,22.6177,22.403,22.188,21.9726,21.7568,21.5408,21.3244,21.1079,20.8913,20.6746,20.458,20.2416,20.0256,19.81,19.5951,19.3811,19.1682,18.9567,18.7467,18.5386,18.3326,18.1291,17.9283,17.7304,17.5357,17.3442,17.1561,16.9715,16.7907,16.614,16.4421,16.2753,16.1139,15.9579,15.8073,15.6619,15.5217,15.3865,15.2562,15.1308,15.0101,14.8941,14.7823,14.6744,14.5699,14.4683,14.369,14.2718,14.1761,14.0816,13.9878,13.8939,13.7995,13.7041,13.6075,13.5097,13.411,13.3112,13.2104,13.1083,13.0044,12.8985,12.7901,12.6791,12.5654,12.4491,12.3303,12.2093,12.0861,11.9606,11.8326,11.7022,11.5695,11.4349,11.2984,11.1599,11.019,10.8757,10.7301,10.5823,10.4326,10.2814,10.1287,9.97459,9.81926,9.6628,9.50537,9.34705,9.18786,9.02781,8.86691,8.70518,8.5427,8.37962,8.21613,8.05244,7.88868,7.7249,7.56112,7.39734,7.23359,7.06997,6.90664,6.74376,6.58155,6.42019,6.25979,6.10043,5.9422,5.78524,5.6297,5.47573,5.32345,5.17295,5.02429,4.87757,4.73286,4.59028,4.44991,4.31181,4.17605,4.04264,3.91159,3.7829,3.65653,3.53239,3.41037,3.29035,3.17224,3.05596,2.94143,2.82863
24.3395,24.1273,23.9147,23.7017,23.4883,23.2745,23.0603,22.8456,22.6306,22.4151,22.1992,21.983,21.7664,21.5495,21.3324,21.1152,20.898,20.6809,20.464,20.2475,20.0316,19.8165,19.6024,19.3895,19.1782,18.9688,18.7614,18.5564,18.3541,18.1546,17.9583,17.7655,17.5764,17.3912,17.2103,17.034,16.8625,16.6961,16.5349,16.3792,16.2289,16.084,15.9445,15.8102,15.6811,15.557,15.4376,15.3225,15.2115,15.1041,14.9998,14.8983,14.799,14.7015,14.6052,14.5094,14.4138,14.3177,14.2209,14.1229,14.0236,13.9231,13.8214,13.7185,13.6144,13.5089,13.4016,13.2921,13.1804,13.0662,12.9496,12.8307,12.7095,12.5859,12.4598,12.3313,12.2005,12.0678,11.933,11.7961,11.6573,11.5165,11.3737,11.229,11.0824,10.934,10.784,10.6326,10.48,10.3263,10.1718,10.0165,9.86058,9.70396,9.54673,9.38895,9.23063,9.07174,8.91229,8.75247,8.59253,8.43267,8.273,8.11354,7.95429,7.7953,7.63664,7.47849,7.32104,7.16452,7.0091,6.85489,6.70199,6.55049,6.40046,6.25199,6.10518,5.96012,5.81692,5.67566,5.53644,5.39935,5.26449,5.13185,5.00141,4.87314,4.74703,4.62305,4.50117,4.38131,4.26338,4.14731,4.03305,3.92058
24.9029,24.6943,24.4854,24.2762,24.0669,23.8573,23.6474,23.4372,23.2267,23.0158,22.8046,22.5931,22.3812,22.1691,21.9567,21.7441,21.5314,21.3188,21.1062,20.894,20.6821,20.4707,20.2601,20.0506,19.8422,19.6353,19.4302,19.2271,19.0263,18.8281,18.6328,18.4407,18.252,18.0668,17.8855,17.7083,17.5354,17.3671,17.2037,17.0453,16.892,16.7439,16.6011,16.4638,16.3319,16.2054,16.0839,15.967,15.854,15.7444,15.6375,15.533,15.4305,15.3297,15.23,15.1309,15.0318,14.9323,14.832,14.7307,14.6283,14.5248,14.4199,14.3137,14.2063,14.0975,13.9869,13.874,13.7588,13.6412,13.5214,13.3996,13.2756,13.1493,13.0207,12.8898,12.7567,12.6215,12.4844,12.3455,12.2048,12.0623,11.9182,11.7724,11.625,11.4763,11.3263,11.1751,11.0229,10.8698,10.7159,10.5613,10.4061,10.2503,10.094,9.93727,9.78022,9.62291,9.46541,9.30784,9.15034,8.99299,8.83589,8.67909,8.52267,8.36672,8.21135,8.05673,7.90301,7.75034,7.59883,7.44857,7.29966,7.15219,7.00628,6.862,6.71947,6.57877,6.43998,6.30314,6.16825,6.03536,5.9045,5.77567,5.64883,5.52394,5.40093,5.27978,5.16044,5.04293,4.92723
25.3417,25.1401,24.9382,24.7362,24.5341,24.3317,24.1291,23.9264,23.7235,23.5203,23.3169,23.1132,22.9092,22.7049,22.5004,22.2956,22.0908,21.886,21.6812,21.4766,21.2723,21.0684,20.8651,20.6626,20.4611,20.2608,20.062,19.865,19.6701,19.4776,19.2878,19.1009,18.9172,18.7367,18.5599,18.3868,18.2178,18.0529,17.8924,17.7366,17.5854,17.4389,17.2972,17.1606,17.0291,16.9025,16.7803,16.662,16.5469,16.4346,16.3246,16.2167,16.1102,16.0045,15.8994,15.7943,15.6889,15.583,15.4763,15.3688,15.2601,15.1503,15.0393,14.9269,14.8129,14.6971,14.5794,14.4596,14.3376,14.2135,14.0873,13.9591,13.829,13.6969,13.5627,13.4264,13.288,13.1475,13.0053,12.8613,12.7157,12.5687,12.4204,12.2709,12.1203,11.9686,11.8159,11.6623,11.5077,11.3523,11.1964,11.0401,10.8834,10.7264,10.5692,10.4119,10.2544,10.0968,9.93929,9.78188,9.62478,9.46814,9.31205,9.15661,9.00187,8.84795,8.69496,8.54303,8.39228,8.24281,8.0947,7.94803,7.8029,7.65938,7.51754,7.37746,7.23918,7.10275,6.96817,6.83541,6.70446,6.57527,6.44785,6.32219,6.19828,6.07612,5.95568
25.655,25.4677,25.2802,25.0925,24.9044,24.716,24.5273,24.3383,24.149,23.9593,23.7693,23.5789,23.388,23.1967,23.005,22.813,22.6207,22.4282,22.2357,22.0432,21.8509,21.6591,21.4677,21.2772,21.0876,20.8992,20.7122,20.5267,20.3431,20.1615,19.9823,19.8055,19.6316,19.4607,19.2929,19.1285,18.9678,18.811,18.6582,18.5095,18.3648,18.2242,18.0874,17.9543,17.8246,17.6979,17.5738,17.4519,17.332,17.2141,17.0978,16.9829,16.8687,16.7549,16.6413,16.5276,16.4137,16.2994,16.1843,16.0683,15.9512,15.8328,15.713,15.5918,15.4691,15.3448,15.2188,15.0908,14.9608,14.8287,14.6947,14.5587,14.4207,14.2809,14.1393,13.9958,13.8506,13.7037,13.5552,13.4052,13.254,13.1016,12.9482,12.7938,12.6386,12.4826,12.326,12.1688,12.0111,11.853,11.6946,11.5361,11.3774,11.2188,11.0601,10.9015,10.743,10.5848,10.4271,10.2699,10.1133,9.95736,9.80222,9.64791,9.49449,9.34203,9.19063,9.04034,8.89119,8.74321,8.59643,8.4509,8.30668,8.16379,8.02228,7.88213,7.74335,7.60592,7.46979,7.33493,7.20131,7.06892,6.93776
25.9429,25.7672,25.5913,25.4153,25.2392,25.0628,24.8862,24.7093,24.5321,24.3546,24.1768,23.9987,23.8201,23.6412,23.4619,23.2823,23.1024,22.9223,22.7423,22.5623,22.3827,22.2034,22.0247,21.8469,21.67,21.4944,21.3201,21.1473,20.9762,20.8068,20.6394,20.474,20.3107,20.1497,19.9913,19.8356,19.6829,19.5331,19.3864,19.2425,19.1014,18.9629,18.8268,18.6932,18.5618,18.4326,18.3053,18.1795,18.0549,17.9313,17.8083,17.6855,17.5628,17.44,17.3168,17.1932,17.0689,16.944,16.8183,16.6919,16.5645,16.4359,16.3059,16.1742,16.0407,15.9053,15.768,15.6291,15.4884,15.3461,15.2021,15.0565,14.9092,14.7604,14.6101,14.4584,14.3054,14.1512,13.9958,13.8395,13.6822,13.5241,13.3654,13.206,13.046,12.8857,12.7251,12.5642,12.4033,12.2424,12.0815,11.9207,11.7601,11.5996,11.4394,11.2796,11.1203,10.9616,10.8035,10.6462,10.4897,10.334,10.1792,10.0252,9.87224,9.72024,9.56928,9.4194,9.27064,9.12301,8.97653,8.83119,8.68699,8.5439,8.4019,8.26097,8.12108,7.98222
26.1796,26.0132,25.8471,25.6811,25.5153,25.3496,25.1838,25.018,24.8521,24.6861,24.5201,24.3538,24.1872,24.0203,23.8531,23.6857,23.5181,23.3505,23.183,23.0156,22.8485,22.6817,22.5154,22.3497,22.1845,22.0201,21.8564,21.6937,21.532,21.3714,21.2121,21.0544,20.8986,20.7446,20.5926,20.4426,20.2945,20.1481,20.0035,19.8604,19.7186,19.5782,19.4388,19.3006,19.1634,19.0271,18.8916,18.7569,18.6226,18.4886,18.3547,18.2206,18.0863,17.9517,17.8164,17.6805,17.5435,17.4055,17.2664,17.1261,16.9846,16.8418,16.6978,16.5524,16.4057,16.2575,16.1078,15.9565,15.8038,15.6495,15.4938,15.3367,15.1785,15.0193,14.859,14.6978,14.5356,14.3726,14.209,14.0447,13.8801,13.7151,13.5499,13.3846,13.2193,13.0539,12.8887,12.7236,12.5588,12.3943,12.2301,12.0664,11.9031,11.7404,11.5784,11.4171,11.2565,11.0968,10.9379,10.7799,10.6227,10.4666,10.3114,10.1571,10.0039,9.85168,9.70045,9.55025,9.40106,9.25291,9.10579
26.4031,26.2437,26.0851,25.9274,25.7705,25.6143,25.4588,25.3039,25.1496,24.9957,24.8421,24.6887,24.5353,24.3817,24.228,24.0739,23.9194,23.7645,23.6092,23.4535,23.2974,23.1411,22.9846,22.8279,22.6712,22.5145,22.3581,22.202,22.0463,21.8912,21.7368,21.5833,21.4306,21.2789,21.1282,20.9785,20.8296,20.6817,20.5347,20.3886,20.2433,20.0988,19.955,19.8117,19.6688,19.5262,19.3839,19.2415,19.0989,18.956,18.8127,18.6689,18.5246,18.3796,18.2338,18.0871,17.9393,17.7905,17.6405,17.4894,17.3371,17.1838,17.0294,16.8739,16.7172,16.5595,16.4005,16.2404,16.0791,15.9168,15.7536,15.5895,15.4247,15.2592,15.0932,14.9268,14.7601,14.5931,14.4259,14.2586,14.0913,13.924,13.7567,13.5896,13.4226,13.2559,13.0895,12.9235,12.7578,12.5925,12.4277,12.2635,12.0997,11.9366,11.7741,11.6122,11.451,11.2904,11.1305,10.9713,10.8128,10.655,10.4979,10.3415
26.5865,26.4358,26.2866,26.1388,25.9922,25.8466,25.7019,25.5577,25.4138,25.2699,25.1258,24.9813,24.8363,24.6905,24.5437,24.3957,24.2464,24.0959,23.9441,23.7912,23.6373,23.4824,23.3267,23.1702,23.0132,22.8557,22.6979,22.54,22.3821,22.2243,22.0668,21.9098,21.7533,21.5974,21.4422,21.2876,21.1335,20.98,20.827,20.6742,20.5218,20.3697,20.2179,20.0661,19.9145,19.7627,19.6106,19.4583,19.3055,19.1521,18.9982,18.8437,18.6884,18.5324,18.3754,18.2175,18.0586,17.8987,17.7377,17.5757,17.4126,17.2486,17.0837,16.9178,16.751,16.5833,16.4148,16.2456,16.0757,15.9054,15.7346,15.5634,15.3921,15.2206,15.049,14.8774,14.7057,14.5342,14.3627,14.1914,14.0203,13.8495,13.679,13.5088,13.3391,13.1698,13.001,12.8327,12.665,12.4978,12.3311,12.1651,11.9997,11.835
26.8174,26.6721,26.5274,26.3832,26.2393,26.0956,25.9519,25.8079,25.6634,25.518,25.3713,25.2231,25.0733,24.9218,24.7684,24.6134,24.4567,24.2984,24.1385,23.9772,23.8146,23.651,23.4865,23.3213,23.1555,22.9894,22.823,22.6566,22.4902,22.324,22.158,21.9923,21.827,21.662,21.4974,21.3331,21.1691,21.0056,20.8423,20.6793,20.5165,20.3536,20.1908,20.0278,19.8647,19.7012,19.5374,19.3731,19.2083,19.0428,18.8766,18.7096,18.5419,18.3734,18.2041,18.034
26.8575,26.7109,26.5633,26.4148,26.2651,26.1142,25.9619,25.8081,25.6526,25.4953,25.3362,25.1753,25.0127,24.8486,24.6832,24.5166,24.3489,24.1802,24.0108,23.8407,23.6701,23.4992,23.3279,23.1566,22.9853,22.814,22.6429,22.4721,22.3015,22.1311,21.9611,21.7914,21.622,21.4529,21.2839,21.1151,20.9462,20.7773,20.6083,20.4391,20.2697,20.1001
26.6819,26.5275,26.3715,26.214,26.055,25.8946,25.7328,25.5697,25.4055,25.2401,25.0737,24.9065,24.7385,24.5699,24.4007,24.231,24.0608,23.8902,23.7193,23.548,23.3763,23.2042,23.0318,22.8588,22.6853,22.5113,22.3366,22.1613,21.9855
