20.5824,20.3879,20.1904,19.99,19.7867,19.5805,19.3715,19.1598,18.9456,18.729,18.5102,18.2895,18.067,17.8429,17.6172,17.39,17.1615,16.9317,16.7008,16.4689,16.2361,16.0026,15.7683,15.5334,15.298,15.0622,14.8259,14.5892,14.3523,14.115,13.8776,13.64,13.4023,13.1644,12.9264,12.6883,12.4501,12.2118,11.9735,11.7352,11.4969,11.2585,11.0201,10.7817,10.5433
21.4536,21.2841,21.1104,20.9325,20.7504,20.5645,20.3749,20.1818,19.9855,19.786,19.5835,19.3781,19.1697,18.9585,18.7445,18.5279,18.3088,18.0874,17.8641,17.639,17.4122,17.1839,16.954,16.7227,16.4902,16.2566,16.0221,15.7867,15.5505,15.3137,15.0764,14.8386,14.6005,14.362,14.1233,13.8843,13.6451,13.4057,13.1662,12.9266,12.6869,12.4472,12.2075,11.9678,11.7282,11.4886,11.2491,11.0096,10.7701,10.5307,10.2912,10.0517,9.81226,9.57281,9.33337,9.09396,8.85457,8.61518,8.3758,8.1364,7.89698,7.65752,7.41803,7.17848,6.93886,6.69915,6.45935
21.9178,21.7728,21.6235,21.47,21.3122,21.15,20.9833,20.8121,20.6364,20.4562,20.2719,20.0838,19.8922,19.6975,19.4998,19.299,19.0951,18.888,18.6777,18.4645,18.2486,18.0301,17.8093,17.5863,17.3612,17.1344,16.9058,16.6756,16.4441,16.2113,15.9774,15.7425,15.5068,15.2703,15.0331,14.7954,14.5572,14.3185,14.0797,13.8406,13.6013,13.3619,13.1224,12.8829,12.6433,12.4037,12.1642,11.9248,11.6856,11.4466,11.2077,10.9689,10.7304,10.4919,10.2535,10.0152,9.77704,9.53901,9.30116,9.0635,8.82605,8.58877,8.35165,8.11464,7.87771,7.64084,7.40401,7.1672,6.93041,6.69366,6.45697,6.22036,5.9838,5.74717,5.5104,5.27343,5.03625,4.79884,4.56124,4.32343,4.08542,3.84717,3.60864,3.3698,3.13061,2.89103,2.65104,2.41062,2.16978,1.92848
22.1446,22.0314,21.9119,21.7863,21.6546,21.517,21.374,21.2256,21.0723,20.9139,20.7508,20.583,20.4104,20.2331,20.0513,19.8652,19.675,19.4811,19.2836,19.0826,18.8783,18.6707,18.46,18.2463,18.0299,17.8109,17.5894,17.3657,17.1399,16.9123,16.683,16.452,16.2197,15.9859,15.751,15.5151,15.2783,15.0406,14.8023,14.5635,14.3241,14.0843,13.8442,13.6038,13.3632,13.1225,12.8816,12.6408,12.3999,12.1591,11.9185,11.678,11.4378,11.1979,10.9582,10.7187,10.4795,10.2406,10.002,9.76371,9.52571,9.28801,9.05062,8.81356,8.57686,8.34055,8.10463,7.86909,7.63388,7.39894,7.16422,6.92964,6.69516,6.46074,6.22641,5.99217,5.75802,5.5239,5.28977,5.05556,4.82118,4.58659,4.35179,4.11679,3.88154,3.64596,3.40998,3.17354,2.9366,2.69911,2.46105,2.22241,1.98318,1.7434,1.50306,1.26213,1.02058,0.778381,0.535497,0.291881,0.0474536,-0.197876,-0.44421,-0.691627,-0.940178,-1.18989,-1.44076,-1.69281,-1.94601,-2.20038,-2.45591
22.2469,22.1565,22.0603,21.9583,21.8505,21.737,21.6177,21.4928,21.3621,21.2257,21.0836,20.9359,20.7827,20.6243,20.4607,20.2921,20.1186,19.9405,19.7578,19.5707,19.3794,19.1839,18.9846,18.7817,18.5752,18.3655,18.1528,17.9372,17.7188,17.4978,17.2742,17.0483,16.8202,16.5901,16.3582,16.1246,15.8896,15.6532,15.4156,15.1769,14.9374,14.6971,14.4562,14.2147,13.9727,13.7302,13.4875,13.2445,13.0014,12.7582,12.515,12.2718,12.0287,11.7857,11.5429,11.3003,11.0581,10.8163,10.5749,10.334,10.0935,9.85349,9.61391,9.37476,9.13602,8.89773,8.65992,8.42265,8.18597,7.94992,7.71452,7.47979,7.24573,7.01226,6.77926,6.54662,6.31425,6.08206,5.85,5.61805,5.38622,5.15445,4.9227,4.69088,4.45896,4.22685,3.9945,3.76176,3.52851,3.29469,3.06029,2.82534,2.58977,2.35351,2.11647,1.87859,1.63986,1.40031,1.15996,0.918909,0.677169,0.434678,0.191306,-0.0530664,-0.298529,-0.545122,-0.792845,-1.0417,-1.29166,-1.54271,-1.79484,-2.04804,-2.30229,-2.55758,-2.81386,-3.0711,-3.32922,-3.58808,-3.84757,-4.10761,-4.36816,-4.6292,-4.89075,-5.1528,-5.41532
22.1573,22.0974,22.0318,21.9605,21.8832,21.7996,21.7094,21.6123,21.5081,21.3966,21.2783,21.1535,21.0225,20.8858,20.7435,20.5958,20.4427,20.2842,20.1204,19.9515,19.7776,19.5988,19.4153,19.2275,19.0353,18.839,18.6388,18.4349,18.2275,18.0168,17.803,17.5863,17.3668,17.1447,16.9202,16.6935,16.4647,16.234,16.0015,15.7673,15.5316,15.2944,15.056,14.8165,14.576,14.3347,14.0928,13.8503,13.6072,13.3638,13.1201,12.8761,12.632,12.3878,12.1438,11.8998,11.6561,11.4127,11.1696,10.927,10.6847,10.4429,10.2016,9.96089,9.72073,9.4812,9.24232,9.00414,8.76668,8.52991,8.29381,8.05836,7.82355,7.58942,7.35597,7.12315,6.8909,6.65916,6.42791,6.19714,5.96685,5.73712,5.50797,5.2794,5.05129,4.82341,4.59555,4.36757,4.13936,3.91086,3.68196,3.45263,3.2229,2.99276,2.76219,2.53111,2.29938,2.06684,1.83341,1.59908,1.36397,1.12816,0.891653,0.654308,0.415974,0.176501,-0.0642162,-0.306245,-0.549658,-0.794518,-1.04088,-1.28876,-1.53811,-1.78888,-2.0411,-2.29483,-2.55006,-2.8067,-3.06456,-3.32339,-3.58294,-3.84306,-4.10362,-4.3645,-4.62561,-4.88687,-5.14822,-5.40958,-5.6709,-5.93215,-6.19331,-6.45436,-6.71529,-6.97611
21.9713,21.9219,21.87,21.8153,21.7576,21.6968,21.6322,21.5633,21.4892,21.4088,21.3211,21.2255,21.1214,21.0091,20.889,20.7617,20.6277,20.4875,20.3412,20.1891,20.0312,19.8676,19.6987,19.5244,19.3451,19.161,18.9722,18.779,18.5817,18.3803,18.1751,17.9662,17.754,17.5385,17.3201,17.0991,16.8756,16.65,16.4224,16.1927,15.961,15.7274,15.4921,15.2553,15.0169,14.7773,14.5364,14.2944,14.0514,13.8076,13.5632,13.3182,13.0727,12.8269,12.5809,12.3347,12.0885,11.8423,11.5963,11.3505,11.1051,10.8602,10.6158,10.372,10.1289,9.88647,9.64474,9.40377,9.16357,8.92413,8.6855,8.44771,8.21081,7.97485,7.73983,7.50572,7.27247,7.04001,6.80827,6.57724,6.34694,6.1174,5.88865,5.66064,5.43325,5.20634,4.97976,4.75342,4.52722,4.30112,4.07505,3.8489,3.62255,3.39593,3.16899,2.94178,2.71436,2.48661,2.25835,2.02932,1.79939,1.56854,1.33682,1.10424,0.870746,0.636267,0.400798,0.164331,-0.0732491,-0.312186,-0.552771,-0.79526,-1.03982,-1.28648,-1.5352,-1.78586,-2.03834,-2.29256,-2.54845,-2.80587,-3.06468,-3.32471,-3.58579,-3.84776,-4.11043,-4.37366,-4.63727,-4.90114,-5.16512,-5.42912,-5.69303,-5.95679,-6.22031,-6.48355,-6.74647,-7.00907,-7.27135,-7.53334,-7.79504,-8.05647
21.7151,21.6673,21.6178,21.5668,21.5143,21.4609,21.4066,21.3514,21.2944,21.2343,21.1698,21.0998,21.0229,20.9383,20.8451,20.7432,20.6327,20.514,20.3876,20.2541,20.1136,19.9663,19.8124,19.6523,19.4862,19.3144,19.1373,18.955,18.7679,18.5763,18.3804,18.1805,17.9767,17.7694,17.5589,17.3453,17.1289,16.9099,16.6884,16.4646,16.2386,16.0105,15.7804,15.5485,15.3147,15.0793,14.8423,14.604,14.3645,14.1237,13.8819,13.6391,13.3955,13.1511,12.9061,12.6607,12.4149,12.1688,11.9227,11.6766,11.4305,11.1846,10.939,10.6937,10.449,10.2049,9.96147,9.71886,9.47707,9.23612,8.99601,8.75673,8.5183,8.28076,8.04418,7.80863,7.57416,7.34078,7.1084,6.87694,6.64637,6.41669,6.18797,5.96027,5.73363,5.50799,5.28321,5.05914,4.83565,4.61267,4.39014,4.16797,3.94606,3.72426,3.50244,3.2805,3.05839,2.83611,2.61358,2.39064,2.16712,1.94282,1.71756,1.49128,1.26402,1.03585,0.806735,0.576552,0.345165,0.11244,-0.12173,-0.357431,-0.594779,-0.833894,-1.07488,-1.31782,-1.56282,-1.80998,-2.05937,-2.31103,-2.56494,-2.82094,-3.07878,-3.33818,-3.59886,-3.86057,-4.12311,-4.38625,-4.64979,-4.91351,-5.17721,-5.44072,-5.70386,-5.96651,-6.22854,-6.48987,-6.75041,-7.01009,-7.26889,-7.52679,-7.78377,-8.0398,-8.29487,-8.54898,-8.80213
21.4509,21.3946,21.3394,21.2851,21.2314,21.1779,21.1238,21.0685,21.0115,20.9522,20.8903,20.8256,20.7576,20.6854,20.6078,20.5237,20.4319,20.3318,20.2233,20.1064,19.9812,19.8482,19.7076,19.5597,19.4047,19.243,19.0751,18.9013,18.7222,18.5381,18.3495,18.1567,17.9597,17.7589,17.5542,17.3458,17.1339,16.9189,16.7011,16.4807,16.258,16.0329,15.8056,15.5763,15.3452,15.1122,14.8776,14.6414,14.4039,14.165,13.9249,13.6838,13.4416,13.1985,12.9546,12.7101,12.465,12.2194,11.9735,11.7274,11.4812,11.235,10.989,10.7432,10.4977,10.2525,10.0079,9.76384,9.52045,9.27782,9.03604,8.79519,8.55529,8.31637,8.07837,7.84125,7.605,7.3697,7.13548,6.90244,6.67061,6.43996,6.21043,5.98195,5.75447,5.52799,5.30254,5.07815,4.85484,4.63255,4.41121,4.19066,3.97078,3.7515,3.5327,3.31421,3.0958,2.87727,2.65844,2.43912,2.21913,1.99834,1.77667,1.55402,1.33029,1.10541,0.879317,0.651966,0.423319,0.193282,-0.0382522,-0.271334,-0.505999,-0.742288,-0.980263,-1.22004,-1.46174,-1.70549,-1.95137,-2.19937,-2.44949,-2.70164,-2.95568,-3.21145,-3.46875,-3.7274,-3.98715,-4.2478,-4.5091,-4.77085,-5.03281,-5.2948,-5.55662,-5.8181,-6.07909,-6.33946,-6.59911,-6.85796,-7.11595,-7.373,-7.62907,-7.88413,-8.13819,-8.39125,-8.64333,-8.89442,-9.14452,-9.39364
21.2037,21.1335,21.0648,20.9976,20.9317,20.8665,20.8017,20.7367,20.6712,20.6046,20.5367,20.4671,20.3955,20.3214,20.2441,20.163,20.0774,19.9861,19.8882,19.7828,19.6692,19.5472,19.4168,19.2783,19.1324,18.9796,18.8203,18.6549,18.4835,18.3062,18.1235,17.9354,17.7424,17.545,17.3433,17.138,16.9292,16.7172,16.5022,16.2844,16.0639,15.841,15.6157,15.3882,15.1587,14.9276,14.6949,14.4608,14.2253,13.9886,13.7507,13.5118,13.2718,13.0311,12.7895,12.5473,12.3045,12.0613,11.8177,11.5737,11.3295,11.0852,10.8408,10.5963,10.352,10.1078,9.86387,9.6203,9.37714,9.13448,8.89237,8.6509,8.41013,8.17012,7.93094,7.69266,7.45534,7.21904,6.98382,6.74975,6.51692,6.28539,6.05514,5.8261,5.59821,5.37141,5.14567,4.92099,4.69734,4.47469,4.25307,4.0325,3.81291,3.59416,3.37606,3.15851,2.94146,2.72477,2.50826,2.29171,2.07495,1.85779,1.64001,1.42141,1.2018,0.98101,0.758933,0.535489,0.310661,0.084401,-0.143448,-0.373092,-0.604745,-0.838543,-1.07448,-1.31253,-1.55266,-1.79484,-2.03901,-2.28508,-2.53294,-2.78245,-3.0335,-3.28598,-3.53978,-3.79481,-4.05089,-4.30787,-4.56554,-4.82369,-5.08213,-5.34064,-5.59904,-5.85713,-6.11477,-6.37183,-6.62825,-6.88395,-7.1389,-7.393,-7.64614,-7.89823,-8.14924,-8.39915,-8.64799,-8.89578,-9.14253,-9.38826,-9.63298,-9.8767
20.9563,20.8732,20.7909,20.7093,20.6283,20.5479,20.4676,20.3875,20.3073,20.2267,20.1453,20.0626,19.9781,19.8913,19.8019,19.7095,19.6136,19.5137,19.4092,19.2996,19.1841,19.0621,18.9331,18.7971,18.6541,18.5043,18.3476,18.1842,18.0142,17.8379,17.6556,17.4678,17.2749,17.0776,16.8764,16.6716,16.4632,16.2514,16.0363,15.8182,15.5974,15.3741,15.1485,14.9209,14.6915,14.4603,14.2277,13.9936,13.7583,13.5218,13.2844,13.0462,12.8073,12.5678,12.3277,12.087,11.8459,11.6045,11.3627,11.1207,10.8785,10.6362,10.3937,10.1512,9.9086,9.66607,9.42362,9.18131,8.93919,8.6973,8.45569,8.21441,7.97352,7.73307,7.49313,7.25377,7.01508,6.77718,6.54019,6.30421,6.06937,5.83575,5.60337,5.3722,5.14213,4.91312,4.68512,4.45814,4.23217,4.00722,3.78331,3.56053,3.33891,3.11848,2.89917,2.68089,2.46351,2.24682,2.03053,1.81425,1.59762,1.38035,1.16227,0.943358,0.723651,0.503156,0.281762,0.0592119,-0.164842,-0.390777,-0.618888,-0.849296,-1.082,-1.31692,-1.55397,-1.79301,-2.03394,-2.2767,-2.52123,-2.76748,-3.01537,-3.26478,-3.51553,-3.7675,-4.02051,-4.27442,-4.52904,-4.78417,-5.03963,-5.29523,-5.55081,-5.80625,-6.06141,-6.31617,-6.57044,-6.82411,-7.07713,-7.32941,-7.5809,-7.83153,-8.08122,-8.32991,-8.57759,-8.82422,-9.06983,-9.31441,-9.55799,-9.80058,-10.0422,-10.2828
20.6568,20.5624,20.4687,20.3755,20.2825,20.1896,20.0964,20.0029,19.9089,19.8144,19.7191,19.6228,19.5251,19.4257,19.3241,19.22,19.1131,19.0033,18.8898,18.772,18.649,18.5204,18.3859,18.2455,18.0995,17.948,17.791,17.6281,17.4595,17.2851,17.1052,16.9203,16.7306,16.5367,16.3392,16.1382,15.934,15.7264,15.5155,15.3014,15.0843,14.8646,14.6425,14.4185,14.1928,13.9654,13.7366,13.5064,13.2751,13.0427,12.8095,12.5756,12.3412,12.1063,11.8712,11.6357,11.4001,11.1642,10.9282,10.692,10.4557,10.2193,9.98282,9.74623,9.50953,9.27274,9.03586,8.79888,8.56181,8.32467,8.08749,7.85029,7.6131,7.37595,7.1389,6.90198,6.66525,6.4288,6.1927,5.95706,5.72199,5.48762,5.25408,5.02143,4.78965,4.55874,4.3287,4.0996,3.87154,3.6446,3.41879,3.19407,2.9704,2.74777,2.5262,2.3057,2.08625,1.86779,1.6502,1.43331,1.21688,1.00064,0.784337,0.567709,0.350549,0.132691,-0.0860284,-0.305814,-0.526917,-0.749551,-0.973808,-1.19972,-1.42733,-1.65667,-1.88776,-2.12062,-2.35528,-2.5917,-2.82987,-3.06976,-3.3113,-3.55441,-3.79892,-4.0447,-4.29154,-4.53925,-4.78763,-5.03648,-5.28562,-5.53488,-5.78411,-6.03321,-6.28205,-6.53051,-6.77844,-7.02573,-7.27228,-7.51801,-7.76282,-8.00661,-8.24931,-8.49085,-8.73115,-8.97017,-9.20785,-9.44417,-9.67912,-9.9127,-10.1449,-10.3758,-10.6052
20.3172,20.2089,20.1007,19.9924,19.8841,19.7757,19.6672,19.5585,19.4495,19.3401,19.2299,19.1185,19.0054,18.8903,18.7729,18.6528,18.5299,18.4041,18.2751,18.1427,18.0066,17.8665,17.7219,17.5725,17.4181,17.2587,17.0942,16.9249,16.7507,16.5717,16.388,16.1996,16.0072,15.8108,15.6109,15.4076,15.2011,14.9916,14.7793,14.5647,14.3477,14.1287,13.9078,13.6852,13.4609,13.2353,13.0085,12.7807,12.5519,12.3224,12.0923,11.8617,11.6309,11.3998,11.1685,10.9372,10.7058,10.4745,10.2431,10.0117,9.78028,9.54885,9.31732,9.08564,8.85378,8.6217,8.38938,8.15678,7.92388,7.69065,7.45707,7.22309,6.98869,6.75388,6.51867,6.28307,6.04716,5.81099,5.57467,5.33832,5.10208,4.86611,4.63056,4.39556,4.16122,3.92761,3.69479,3.46284,3.23186,3.00197,2.77328,2.54583,2.31963,2.09462,1.8707,1.64775,1.42568,1.20446,0.984067,0.764509,0.545685,0.327402,0.109411,-0.108548,-0.326775,-0.545593,-0.7653,-0.986118,-1.2082,-1.43161,-1.65635,-1.88243,-2.10995,-2.33902,-2.56973,-2.80212,-3.03622,-3.272,-3.5094,-3.74832,-3.98868,-4.23032,-4.47309,-4.71683,-4.96135,-5.20648,-5.45207,-5.69797,-5.94401,-6.19007,-6.43604,-6.68179,-6.92721,-7.17219,-7.4166,-7.66028,-7.90311,-8.14498,-8.38577,-8.62541,-8.86383,-9.10099,-9.33684,-9.57134,-9.80445,-10.0362,-10.2664,-10.4953,-10.7227,-10.9486
19.9269,19.8011,19.6753,19.5496,19.4241,19.2986,19.1733,19.048,18.9225,18.7965,18.6695,18.5411,18.411,18.279,18.1452,18.0093,17.8712,17.7306,17.5869,17.44,17.2897,17.1358,16.9783,16.817,16.6517,16.4824,16.3089,16.1313,15.9497,15.7642,15.575,15.3822,15.1861,14.9867,14.7841,14.5787,14.3706,14.1602,13.9477,13.7335,13.5176,13.3002,13.0814,12.8613,12.6402,12.4181,12.1952,11.9716,11.7475,11.5229,11.298,11.0729,10.8478,10.6226,10.3976,10.1726,9.94777,9.72299,9.49824,9.27347,9.04863,8.82367,8.5985,8.37306,8.14728,7.92109,7.6944,7.46715,7.23925,7.01067,6.78134,6.55125,6.32037,6.08873,5.85632,5.6232,5.3894,5.15501,4.92012,4.68487,4.44939,4.21385,3.9784,3.74321,3.50841,3.27412,3.04046,2.80755,2.57555,2.34453,2.11455,1.88567,1.65795,1.43141,1.20605,0.981835,0.758687,0.536486,0.315065,0.0942352,-0.126195,-0.346403,-0.566548,-0.786793,-1.00732,-1.22835,-1.45009,-1.67273,-1.89643,-2.12127,-2.34735,-2.57473,-2.80345,-3.03351,-3.2649,-3.4976,-3.73156,-3.96674,-4.2031,-4.44056,-4.67905,-4.91848,-5.15875,-5.39976,-5.64138,-5.8835,-6.12597,-6.36865,-6.61141,-6.85413,-7.0967,-7.33902,-7.58097,-7.82245,-8.06338,-8.30367,-8.54323,-8.78198,-9.01988,-9.25687,-9.49291,-9.72793,-9.96189,-10.1948,-10.4266,-10.6572,-10.8867,-11.1151,-11.3423
19.4927,19.348,19.2035,19.0591,18.9148,18.7708,18.6271,18.4836,18.3401,18.1963,18.0517,17.906,17.7589,17.6105,17.4606,17.3089,17.1551,16.9989,16.8402,16.6787,16.5143,16.3467,16.1759,16.0017,15.8242,15.6433,15.4593,15.272,15.0816,14.888,14.6913,14.4917,14.2893,14.0844,13.8772,13.6681,13.4574,13.2453,13.0322,12.818,12.6028,12.3868,12.1701,11.9528,11.7351,11.5171,11.2989,11.0808,10.8626,10.6446,10.4266,10.2088,9.99095,9.77325,9.55565,9.33818,9.12081,8.90351,8.68618,8.46875,8.25109,8.03308,7.81459,7.59555,7.37589,7.15552,6.93439,6.71246,6.48971,6.26609,6.0415,5.81587,5.58915,5.36135,5.13249,4.90265,4.67192,4.44042,4.20828,3.97561,3.74257,3.50931,3.276,3.04279,2.80986,2.57736,2.34545,2.11427,1.88394,1.65453,1.42609,1.19862,0.972138,0.746645,0.522128,0.298548,0.0758409,-0.14609,-0.367365,-0.588112,-0.808482,-1.02867,-1.24891,-1.46947,-1.69055,-1.91233,-2.13487,-2.35815,-2.58218,-2.80701,-3.0328,-3.25971,-3.48784,-3.71726,-3.94795,-4.17988,-4.413,-4.64724,-4.88252,-5.11877,-5.3559,-5.59381,-5.83242,-6.07163,-6.31135,-6.55148,-6.79192,-7.03258,-7.27333,-7.51409,-7.75473,-7.99517,-8.23532,-8.47508,-8.71441,-8.95322,-9.19145,-9.42903,-9.6659,-9.90203,-10.1374,-10.3719,-10.6056,-10.8384,-11.0703,-11.3014,-11.5316,-11.7608
18.9584,18.7978,18.6376,18.4779,18.3186,18.1597,18.0008,17.8421,17.6831,17.5236,17.3633,17.2019,17.0392,16.8752,16.7095,16.5422,16.3728,16.2013,16.0275,15.8511,15.6721,15.4904,15.3059,15.1187,14.9287,14.7362,14.5409,14.3432,14.143,13.9406,13.7361,13.5298,13.3218,13.1122,12.9014,12.6894,12.4764,12.2625,12.0479,11.8328,11.6173,11.4017,11.1859,10.9701,10.7545,10.5389,10.3235,10.1083,9.89333,9.6785,9.46387,9.24945,9.03527,8.82132,8.60754,8.39384,8.18013,7.9663,7.75227,7.53795,7.32325,7.10808,6.89234,6.67594,6.45879,6.2408,6.02192,5.80211,5.58133,5.35952,5.13664,4.91265,4.68758,4.46148,4.23446,4.00659,3.77799,3.54878,3.31907,3.08897,2.8586,2.62807,2.39752,2.16707,1.93686,1.70703,1.47771,1.24902,1.02106,0.793897,0.567577,0.342117,0.117522,-0.106232,-0.329209,-0.551498,-0.773205,-0.994479,-1.21548,-1.43639,-1.65736,-1.87857,-2.10019,-2.32233,-2.54514,-2.76871,-2.99314,-3.2185,-3.44489,-3.67234,-3.90089,-4.13053,-4.36125,-4.59305,-4.82589,-5.05974,-5.29455,-5.53026,-5.76681,-6.00413,-6.24211,-6.48067,-6.71971,-6.95913,-7.19885,-7.4388,-7.67891,-7.91912,-8.15937,-8.39959,-8.63972,-8.87969,-9.11945,-9.35895,-9.59812,-9.83693,-10.0753,-10.3133,-10.5508,-10.7879,-11.0244,-11.2604,-11.4959,-11.7308,-11.9652,-12.1991
18.3344,18.1647,17.9954,17.8264,17.6575,17.4889,17.3202,17.1513,16.9819,16.8118,16.6406,16.4683,16.2946,16.1192,15.9421,15.7631,15.582,15.3989,15.2136,15.026,14.836,14.6436,14.4488,14.2517,14.0523,13.8509,13.6476,13.4425,13.2358,13.0278,12.8185,12.608,12.3963,12.1837,11.9703,11.7563,11.5419,11.3273,11.1125,10.8978,10.6833,10.469,10.255,10.0415,9.82841,9.6158,9.40368,9.19204,8.98085,8.77005,8.55958,8.34933,8.13921,7.92914,7.71905,7.50885,7.29849,7.08791,6.87708,6.66592,6.45441,6.24247,6.03003,5.81694,5.6031,5.38841,5.17277,4.95612,4.73841,4.51963,4.29978,4.07888,3.85697,3.63412,3.41043,3.186,2.96093,2.73535,2.50938,2.28314,2.05675,1.83035,1.60404,1.37794,1.15215,0.926752,0.701814,0.477409,0.253608,0.0304631,-0.191973,-0.41366,-0.6346,-0.854824,-1.07438,-1.29336,-1.51188,-1.73008,-1.94813,-2.16623,-2.38458,-2.60333,-2.82265,-3.04265,-3.26345,-3.48513,-3.70778,-3.93145,-4.1562,-4.38206,-4.60904,-4.83715,-5.06635,-5.29663,-5.52796,-5.76031,-5.99364,-6.22788,-6.46294,-6.69872,-6.93513,-7.17212,-7.40959,-7.64751,-7.88581,-8.12442,-8.36329,-8.60232,-8.84145,-9.08062,-9.31975,-9.55879,-9.7977,-10.0364,-10.2749,-10.5132,-10.7512,-10.9888,-11.2262,-11.4632,-11.6998,-11.9361,-12.172,-12.4076,-12.6427
17.7095,17.5317,17.3544,17.1773,17.0004,16.8236,16.6466,16.4694,16.2917,16.1133,15.9338,15.7531,15.571,15.3873,15.202,15.0148,14.8258,14.6348,14.4416,14.2462,14.0484,13.8482,13.6454,13.4404,13.2332,13.0243,12.8139,12.6022,12.3892,12.1752,11.9601,11.7443,11.5278,11.3108,11.0935,10.876,10.6585,10.4411,10.2241,10.0075,9.79134,9.57581,9.36094,9.14678,8.93335,8.72064,8.5086,8.29717,8.08624,7.87567,7.66535,7.45519,7.24512,7.03509,6.82506,6.61502,6.40499,6.19493,5.98479,5.77449,5.56394,5.35304,5.14162,4.9295,4.71653,4.50261,4.28769,4.07172,3.8547,3.63665,3.41763,3.1977,2.97693,2.75541,2.53325,2.31058,2.08753,1.86424,1.64085,1.41751,1.19433,0.971449,0.748959,0.526948,0.305482,0.084625,-0.135556,-0.35499,-0.573635,-0.791483,-1.00855,-1.22489,-1.44052,-1.65543,-1.86963,-2.08317,-2.29615,-2.50879,-2.72129,-2.93388,-3.14675,-3.36008,-3.57404,-3.78883,-4.00461,-4.22151,-4.4396,-4.65897,-4.87962,-5.10157,-5.32482,-5.54934,-5.77515,-6.00225,-6.2306,-6.46018,-6.6909,-6.92271,-7.15549,-7.38916,-7.62363,-7.85879,-8.09456,-8.33088,-8.56768,-8.80493,-9.04257,-9.28051,-9.51868,-9.75701,-9.99543,-10.2339,-10.4724,-10.7108,-10.9492,-11.1875,-11.4256,-11.6636,-11.9014,-12.139,-12.3764,-12.6136,-12.8506,-13.0874
17.2125,17.0251,16.8379,16.6508,16.4638,16.2768,16.0897,15.9022,15.7139,15.5246,15.334,15.142,14.9485,14.7532,14.5562,14.3572,14.1563,13.9533,13.7482,13.541,13.3316,13.1201,12.9065,12.6911,12.4739,12.2552,12.0352,11.8142,11.5924,11.37,11.1472,10.9242,10.7012,10.4783,10.2556,10.0334,9.81153,9.59026,9.36962,9.14965,8.93039,8.71188,8.49412,8.27713,8.06094,7.8455,7.63073,7.41649,7.20259,6.98893,6.77543,6.56209,6.34889,6.13577,5.92263,5.70935,5.49583,5.28198,5.06771,4.85295,4.6376,4.42155,4.20472,3.98703,3.76845,3.54897,3.32863,3.10746,2.88554,2.66292,2.43969,2.21594,1.99177,1.76731,1.54272,1.31816,1.09379,0.869813,0.64641,0.423731,0.201931,-0.0188286,-0.238367,-0.456496,-0.673074,-0.888042,-1.10137,-1.31307,-1.52317,-1.73174,-1.93889,-2.14471,-2.3493,-2.55277,-2.75528,-2.95702,-3.15815,-3.35885,-3.55929,-3.75969,-3.96032,-4.16147,-4.36337,-4.56622,-4.77022,-4.97551,-5.18225,-5.39058,-5.60063,-5.81248,-6.02621,-6.24185,-6.45938,-6.67877,-6.89994,-7.1228,-7.34728,-7.57329,-7.80081,-8.0298,-8.26019,-8.49182,-8.72454,-8.9582,-9.19268,-9.42788,-9.66375,-9.9002,-10.1371,-10.3745,-10.6121,-10.85,-11.088,-11.3261,-11.5642,-11.8023,-12.0404,-12.2783,-12.5162,-12.754,-12.9916,-13.2291,-13.4664
17.0146,16.8087,16.6028,16.3971,16.1915,15.986,15.7804,15.5745,15.368,15.1607,14.952,14.7419,14.5301,14.3165,14.1013,13.8842,13.6654,13.4447,13.2223,12.9982,12.7725,12.5452,12.3167,12.0869,11.8562,11.6246,11.3924,11.1598,10.927,10.694,10.4612,10.2286,9.99634,9.76448,9.53307,9.30214,9.07172,8.84184,8.61256,8.38393,8.15602,7.92886,7.70242,7.47663,7.25139,7.02659,6.80219,6.57816,6.35442,6.13088,5.90744,5.684,5.46052,5.23698,5.01335,4.78956,4.56551,4.34109,4.11625,3.89094,3.66517,3.43897,3.21242,2.98561,2.75864,2.5316,2.30459,2.07764,1.85081,1.62414,1.39766,1.17137,0.945268,0.719399,0.493823,0.268654,0.0440966,-0.179567,-0.40202,-0.622977,-0.84221,-1.05951,-1.27467,-1.48748,-1.69773,-1.90523,-2.10985,-2.31152,-2.51027,-2.70614,-2.89928,-3.08989,-3.2782,-3.46445,-3.64887,-3.83168,-4.01307,-4.19324,-4.37242,-4.55087,-4.72891,-4.90689,-5.08507,-5.26368,-5.443,-5.62337,-5.80528,-5.98918,-6.17539,-6.36409,-6.55533,-6.74909,-6.94539,-7.14427,-7.34582,-7.5501,-7.75714,-7.96695,-8.17944,-8.3945,-8.61195,-8.83164,-9.0534,-9.27709,-9.50248,-9.72933,-9.95738,-10.1863,-10.4159,-10.6459,-10.876,-11.106,-11.3357,-11.5649,-11.7934,-12.0211,-12.2478,-12.4733,-12.6977,-12.9208,-13.1426,-13.3631,-13.5823
16.6631,16.4415,16.2207,16.0005,15.781,15.5618,15.3428,15.1237,14.9041,14.6839,14.4629,14.2406,14.017,13.7919,13.5653,13.3372,13.1078,12.8769,12.6446,12.411,12.1761,11.9401,11.703,11.4651,11.2263,10.9869,10.7469,10.5064,10.2656,10.0244,9.78291,9.54129,9.29954,9.0577,8.81583,8.57394,8.33208,8.0903,7.84864,7.60712,7.36577,7.12462,6.88368,6.64295,6.40244,6.16214,5.92204,5.6822,5.44272,5.2037,4.9652,4.72725,4.4898,4.25288,4.01654,3.78085,3.54594,3.31188,3.07868,2.84633,2.61479,2.38403,2.154,1.92463,1.69588,1.46766,1.23988,1.01242,0.785171,0.558027,0.330954,0.104015,-0.122633,-0.348791,-0.574281,-0.798938,-1.0226,-1.24509,-1.46619,-1.68561,-1.903,-2.11805,-2.3305,-2.54005,-2.74635,-2.94905,-3.14796,-3.34296,-3.53411,-3.72157,-3.90551,-4.08621,-4.26391,-4.43892,-4.61155,-4.78216,-4.9511,-5.11864,-5.28504,-5.45056,-5.61551,-5.78019,-5.94486,-6.10981,-6.2754,-6.44209,-6.61035,-6.78062,-6.95322,-7.12837,-7.30619,-7.48673,-7.67008,-7.85635,-8.04571,-8.23832,-8.43434,-8.63381,-8.83665,-9.04267,-9.25157,-9.46306,-9.67686,-9.89273,-10.1104,-10.3296,-10.55,-10.7713,-10.9931,-11.2151,-11.4368,-11.658,-11.8784,-12.0977,-12.3156,-12.5321,-12.7468,-12.9597,-13.1707,-13.3798,-13.5868,-13.7918
16.1555,15.9312,15.7074,15.484,15.2611,15.0385,14.8161,14.5937,14.3711,14.1482,13.9246,13.7,13.4741,13.2469,13.0183,12.7882,12.5567,12.3239,12.0897,11.8541,11.6174,11.3793,11.1402,10.9,10.6589,10.4168,10.1738,9.93011,9.68563,9.44046,9.19463,8.9482,8.70122,8.45375,8.20587,7.95764,7.7091,7.46027,7.21116,6.96174,6.712,6.46191,6.21151,5.96084,5.71008,5.45944,5.20913,4.95936,4.71029,4.46198,4.21448,3.96788,3.7223,3.47793,3.23492,2.99341,2.75346,2.51509,2.27829,2.04304,1.80926,1.57687,1.34578,1.11587,0.887027,0.659119,0.432031,0.205627,-0.0202686,-0.245804,-0.471051,-0.695993,-0.92056,-1.14471,-1.36839,-1.59153,-1.814,-2.03558,-2.25603,-2.47503,-2.69215,-2.90689,-3.11875,-3.32736,-3.53241,-3.73365,-3.93093,-4.12413,-4.31318,-4.4981,-4.67894,-4.85582,-5.02893,-5.19852,-5.36489,-5.52839,-5.68941,-5.84834,-6.00572,-6.16217,-6.31827,-6.47446,-6.631,-6.78807,-6.94594,-7.10484,-7.26502,-7.42672,-7.59026,-7.75599,-7.92421,-8.09521,-8.26924,-8.44656,-8.62737,-8.81179,-8.9999,-9.19168,-9.38708,-9.58589,-9.78785,-9.99263,-10.1999,-10.4093,-10.6207,-10.8336,-11.0479,-11.2631,-11.4789,-11.695,-11.9108,-12.1261,-12.3406,-12.5539,-12.7658,-12.976,-13.1844,-13.3907,-13.595,-13.7972,-13.9972,-14.1949
15.6162,15.3941,15.1723,14.9508,14.7294,14.5082,14.287,14.0654,13.8432,13.6202,13.3961,13.1708,12.9442,12.7163,12.487,12.2565,12.0247,11.7915,11.557,11.3212,11.084,10.8456,10.6059,10.365,10.123,9.87985,9.6356,9.39031,9.14404,8.89686,8.64884,8.40005,8.15057,7.90047,7.6498,7.39857,7.1468,6.89447,6.64156,6.38804,6.1339,5.87917,5.62394,5.36834,5.11254,4.85672,4.60104,4.34568,4.09081,3.83662,3.58327,3.33095,3.07981,2.83,2.58164,2.33484,2.08969,1.84623,1.60452,1.36454,1.12628,0.889708,0.654735,0.421293,0.18931,-0.0413063,-0.270688,-0.499037,-0.726568,-0.953448,-1.17977,-1.40554,-1.63069,-1.85517,-2.07888,-2.30167,-2.52336,-2.74373,-2.96262,-3.17988,-3.39528,-3.60857,-3.81939,-4.02724,-4.23152,-4.43163,-4.62725,-4.81826,-5.00475,-5.18678,-5.36444,-5.53795,-5.70762,-5.87374,-6.0367,-6.19685,-6.35453,-6.51012,-6.66418,-6.81724,-6.96973,-7.12198,-7.27422,-7.4267,-7.5797,-7.73359,-7.88878,-8.04576,-8.20502,-8.36688,-8.53161,-8.69941,-8.87036,-9.04452,-9.22199,-9.40286,-9.58721,-9.77508,-9.9665,-10.1614,-10.3594,-10.5605,-10.7643,-10.9705,-11.1787,-11.3887,-11.6001,-11.8125,-12.0255,-12.2388,-12.4519,-12.6646,-12.8766,-13.0876,-13.2973,-13.5055,-13.7119,-13.9165,-14.1192,-14.3197,-14.5182,-14.7147
15.0756,14.8573,14.6391,14.4209,14.2026,13.9843,13.7656,13.5466,13.3268,13.1062,12.8845,12.6615,12.4372,12.2115,11.9842,11.7553,11.5247,11.2923,11.0583,10.8226,10.5854,10.3468,10.1069,9.86576,9.6233,9.37954,9.13452,8.88827,8.64089,8.39245,8.14306,7.89279,7.64173,7.38994,7.13745,6.88428,6.63043,6.37592,6.12071,5.86484,5.60834,5.35125,5.09367,4.83572,4.57753,4.31925,4.06104,3.80304,3.54542,3.28832,3.03188,2.77626,2.5216,2.26806,2.01575,1.7648,1.5153,1.26735,1.02099,0.776256,0.533175,0.291756,0.0520079,-0.18608,-0.422547,-0.657474,-0.890991,-1.12326,-1.35442,-1.58456,-1.81372,-2.04185,-2.26891,-2.49481,-2.71945,-2.94268,-3.16438,-3.38439,-3.60259,-3.81881,-4.03281,-4.24434,-4.45306,-4.65855,-4.86045,-5.05845,-5.25234,-5.44205,-5.62761,-5.80911,-5.98665,-6.16021,-6.32979,-6.49545,-6.65739,-6.81585,-6.97126,-7.12418,-7.2752,-7.42489,-7.57376,-7.72231,-7.87096,-8.02011,-8.17011,-8.32127,-8.47388,-8.62824,-8.78467,-8.94358,-9.10539,-9.27057,-9.43951,-9.61241,-9.78924,-9.96983,-10.154,-10.3416,-10.5326,-10.727,-10.9244,-11.1248,-11.328,-11.5336,-11.7415,-11.9511,-12.1622,-12.3745,-12.5874,-12.8007,-13.014,-13.2269,-13.4393,-13.6507,-13.8609,-14.0697,-14.277,-14.4825,-14.6863,-14.8882,-15.0881,-15.2861
14.5363,14.327,14.1171,13.9065,13.6953,13.4834,13.2708,13.0573,12.8427,12.6268,12.4093,12.1901,11.969,11.7458,11.5206,11.2931,11.0635,10.8319,10.5983,10.3631,10.1262,9.88772,9.64771,9.40616,9.16305,8.91841,8.67233,8.42492,8.17627,7.92653,7.67579,7.42416,7.17173,6.91857,6.66475,6.4103,6.15525,5.89964,5.64349,5.38685,5.12975,4.87225,4.61439,4.35624,4.09787,3.83937,3.58084,3.32238,3.06409,2.80608,2.54846,2.29134,2.03485,1.77909,1.52418,1.27023,1.01733,0.765582,0.515069,0.265858,0.0179984,-0.228467,-0.473493,-0.717032,-0.959055,-1.19955,-1.43849,-1.67588,-1.91172,-2.14599,-2.37871,-2.60986,-2.8394,-3.06727,-3.29339,-3.51765,-3.73993,-3.96013,-4.17809,-4.39358,-4.60637,-4.81624,-5.02299,-5.22641,-5.42638,-5.62273,-5.81532,-6.00399,-6.18852,-6.36874,-6.54466,-6.71644,-6.88438,-7.04887,-7.21018,-7.36845,-7.52386,-7.67674,-7.82755,-7.97684,-8.12515,-8.27294,-8.4206,-8.56856,-8.71726,-8.86725,-9.01917,-9.17364,-9.33109,-9.49172,-9.6556,-9.82283,-9.99355,-10.1679,-10.3457,-10.5272,-10.7121,-10.9005,-11.0923,-11.2873,-11.4855,-11.6867,-11.8907,-12.0971,-12.3058,-12.5162,-12.7283,-12.9414,-13.1555,-13.37,-13.5848,-13.7994,-14.0136,-14.2272,-14.4399,-14.6515,-14.8619,-15.0709,-15.2784,-15.4845,-15.689,-15.892
14.0203,13.8184,13.6156,13.4118,13.2071,13.0013,12.7941,12.5854,12.375,12.1628,11.9487,11.7326,11.5145,11.2943,11.0718,10.8471,10.6202,10.3914,10.1606,9.92794,9.69339,9.4569,9.21847,8.97815,8.73594,8.49193,8.24626,7.99914,7.75075,7.50121,7.25061,6.99901,6.7465,6.49315,6.23901,5.98415,5.7286,5.4724,5.21558,4.9582,4.70031,4.44196,4.18324,3.92422,3.66499,3.40563,3.14622,2.88685,2.6276,2.36857,2.10987,1.85158,1.59383,1.3367,1.08031,0.82474,0.5701,0.316473,0.0639483,-0.187393,-0.437482,-0.686259,-0.933677,-1.1797,-1.42428,-1.66738,-1.90898,-2.14903,-2.38752,-2.62439,-2.85961,-3.09311,-3.3248,-3.55454,-3.78219,-4.00762,-4.23076,-4.45155,-4.66997,-4.88597,-5.09937,-5.30986,-5.51707,-5.72079,-5.92082,-6.11709,-6.30958,-6.49827,-6.68315,-6.86415,-7.0412,-7.21424,-7.38319,-7.54807,-7.70914,-7.86678,-8.02144,-8.17359,-8.32376,-8.47251,-8.62042,-8.76806,-8.91602,-9.06475,-9.21471,-9.36642,-9.52031,-9.67668,-9.83583,-9.99802,-10.1635,-10.3324,-10.505,-10.6815,-10.862,-11.0464,-11.2347,-11.4264,-11.6214,-11.8195,-12.0207,-12.2248,-12.4318,-12.6413,-12.8529,-13.0665,-13.2816,-13.498,-13.7154,-13.9334,-14.1519,-14.3704,-14.5887,-14.8067,-15.0242,-15.2408,-15.4567,-15.6715,-15.8852,-16.0978,-16.3093,-16.5195
13.5377,13.3411,13.1434,12.9446,12.7446,12.5434,12.3407,12.1363,11.9301,11.7219,11.5118,11.2996,11.0852,10.8688,10.6501,10.4291,10.2058,9.98023,9.75221,9.52181,9.28912,9.05423,8.81726,8.57833,8.3375,8.09486,7.85047,7.60438,7.3567,7.10753,6.85699,6.60521,6.35231,6.09841,5.84365,5.58809,5.33184,5.07496,4.81753,4.55961,4.30129,4.04264,3.78374,3.52467,3.2655,3.00632,2.74719,2.48818,2.22937,1.97083,1.71263,1.45483,1.19751,0.940711,0.684514,0.428985,0.174189,-0.0798211,-0.332998,-0.585295,-0.836675,-1.08709,-1.33647,-1.58472,-1.83176,-2.07753,-2.32195,-2.56495,-2.80646,-3.04639,-3.28465,-3.52116,-3.75578,-3.98837,-4.21874,-4.44671,-4.67214,-4.89492,-5.11497,-5.33218,-5.54643,-5.75759,-5.96552,-6.16999,-6.37082,-6.5679,-6.76114,-6.95053,-7.13609,-7.31777,-7.4955,-7.66919,-7.83878,-8.00434,-8.16616,-8.32463,-8.48026,-8.63358,-8.78504,-8.93509,-9.08424,-9.23316,-9.38253,-9.53304,-9.68527,-9.83967,-9.99648,-10.1559,-10.3182,-10.4837,-10.6524,-10.8247,-11.0005,-11.18,-11.3633,-11.5503,-11.7409,-11.9352,-12.133,-12.3343,-12.5388,-12.7465,-12.957,-13.17,-13.3851,-13.602,-13.8206,-14.0406,-14.2619,-14.484,-14.7068,-14.9301,-15.1534,-15.3768,-15.5999,-15.8227,-16.0452,-16.267,-16.4883,-16.7089,-16.9288,-17.148
13.0701,12.8782,12.6851,12.491,12.2956,12.099,11.9009,11.7012,11.4996,11.2959,11.0902,10.8822,10.6721,10.4596,10.2447,10.0275,9.80772,9.58548,9.36081,9.13373,8.90425,8.67239,8.43816,8.20168,7.96309,7.72248,7.47995,7.23558,6.98944,6.74163,6.49228,6.2415,5.98942,5.7362,5.48195,5.2268,4.97085,4.7142,4.45696,4.19922,3.94105,3.68255,3.4238,3.16488,2.90585,2.6468,2.38779,2.12888,1.87013,1.61161,1.35338,1.09549,0.838023,0.58102,0.324532,0.0686042,-0.186715,-0.441364,-0.695273,-0.948384,-1.20064,-1.45199,-1.70238,-1.95173,-2.2,-2.4471,-2.69293,-2.93739,-3.18039,-3.42184,-3.66161,-3.89954,-4.13551,-4.36934,-4.60091,-4.83004,-5.05663,-5.28057,-5.50176,-5.7201,-5.93543,-6.14762,-6.35648,-6.56185,-6.76364,-6.96176,-7.15614,-7.34674,-7.53347,-7.7163,-7.89519,-8.07017,-8.2414,-8.40901,-8.57317,-8.73413,-8.89229,-9.04807,-9.202,-9.35468,-9.50672,-9.65874,-9.81127,-9.96484,-10.1199,-10.2769,-10.4362,-10.5982,-10.7632,-10.9317,-11.1039,-11.2799,-11.4599,-11.6437,-11.8312,-12.0222,-12.2167,-12.4147,-12.6163,-12.8213,-13.0295,-13.2407,-13.4546,-13.671,-13.8897,-14.1105,-14.3331,-14.5573,-14.7828,-15.0095,-15.237,-15.4652,-15.6938,-15.9228,-16.1518,-16.3809,-16.6099,-16.8387,-17.0672,-17.2954,-17.5232,-17.7508
12.6085,12.4223,12.2351,12.0468,11.8573,11.6666,11.4744,11.2807,11.0852,10.8878,10.6883,10.4868,10.2831,10.077,9.86862,9.65774,9.44438,9.22855,9.01027,8.78951,8.5662,8.34028,8.1117,7.88054,7.64698,7.41122,7.17339,6.93357,6.69186,6.44833,6.20306,5.95617,5.70774,5.45791,5.2068,4.95457,4.70135,4.44728,4.19247,3.93706,3.68114,3.42483,3.16822,2.91141,2.65448,2.39752,2.1406,1.88381,1.6272,1.37082,1.11472,0.858945,0.603562,0.348616,0.0941523,-0.159796,-0.413194,-0.666009,-0.918204,-1.16974,-1.42059,-1.67068,-1.91996,-2.16836,-2.41581,-2.66222,-2.90753,-3.15166,-3.39454,-3.63608,-3.87615,-4.11459,-4.35125,-4.58594,-4.8185,-5.04877,-5.27662,-5.5019,-5.72445,-5.94415,-6.16087,-6.37446,-6.58479,-6.79178,-6.99537,-7.19551,-7.39213,-7.58517,-7.77451,-7.96007,-8.14185,-8.31987,-8.49427,-8.66517,-8.83272,-8.99713,-9.15872,-9.31787,-9.47507,-9.63079,-9.78552,-9.93977,-10.094,-10.2489,-10.405,-10.5629,-10.7231,-10.886,-11.052,-11.2213,-11.3939,-11.5699,-11.7494,-11.9322,-12.1185,-12.3085,-12.5022,-12.6998,-12.9011,-13.106,-13.3142,-13.5256,-13.7398,-13.9567,-14.1761,-14.3978,-14.6215,-14.847,-15.0741,-15.3026,-15.5322,-15.7628,-15.9942,-16.2263,-16.4588,-16.6918,-16.9249,-17.1582,-17.3915,-17.6249,-17.8583,-18.0917,-18.325
12.1539,11.9727,11.7904,11.607,11.4224,11.2365,11.0492,10.8603,10.6698,10.4773,10.2828,10.0862,9.88736,9.68616,9.48255,9.27649,9.06794,8.85689,8.64331,8.42721,8.20856,7.98731,7.76337,7.53674,7.30751,7.07578,6.84166,6.60527,6.36668,6.12596,5.88322,5.63863,5.39234,5.14449,4.89524,4.64473,4.39308,4.14043,3.88689,3.63259,3.37765,3.12219,2.86633,2.61016,2.35379,2.09731,1.84081,1.58435,1.32803,1.07189,0.815994,0.560395,0.30514,0.0502808,-0.204128,-0.458041,-0.711417,-0.964224,-1.21643,-1.468,-1.71889,-1.96904,-2.21841,-2.46694,-2.71457,-2.96124,-3.2069,-3.45146,-3.69483,-3.93691,-4.17755,-4.41663,-4.65398,-4.88942,-5.12281,-5.354,-5.58287,-5.80929,-6.03312,-6.25423,-6.47245,-6.68762,-6.89959,-7.10826,-7.31356,-7.51548,-7.71401,-7.90913,-8.10075,-8.2888,-8.47322,-8.65394,-8.83105,-9.00471,-9.17516,-9.34271,-9.50775,-9.67066,-9.83188,-9.99188,-10.1511,-10.3101,-10.4692,-10.6289,-10.7896,-10.9518,-11.1159,-11.2823,-11.4516,-11.624,-11.7999,-11.9793,-12.1623,-12.3489,-12.5392,-12.7332,-12.9308,-13.1321,-13.3369,-13.5451,-13.7567,-13.9715,-14.1892,-14.4096,-14.6324,-14.8574,-15.0843,-15.313,-15.5432,-15.7749,-16.0077,-16.2416,-16.4764,-16.712,-16.9482,-17.1849,-17.422,-17.6595,-17.8973,-18.1354,-18.3738,-18.6125,-18.8513
11.6906,11.5144,11.3372,11.1591,10.9799,10.7998,10.6184,10.4357,10.2515,10.0656,9.87784,9.6879,9.49563,9.30083,9.10335,8.90308,8.70001,8.49421,8.28586,8.07514,7.86199,7.64622,7.42761,7.20611,6.98174,6.7546,6.5248,6.29243,6.05759,5.82038,5.58092,5.33932,5.09574,4.85032,4.60322,4.35458,4.10462,3.8535,3.60137,3.34835,3.09459,2.8402,2.58529,2.33,2.07444,1.81869,1.56287,1.30705,1.05132,0.795731,0.540363,0.285273,0.0305156,-0.223858,-0.477804,-0.731285,-0.984265,-1.23672,-1.48862,-1.73994,-1.99065,-2.24069,-2.49001,-2.73856,-2.98628,-3.23309,-3.47894,-3.72375,-3.96742,-4.20983,-4.45086,-4.69042,-4.92835,-5.16452,-5.39877,-5.63094,-5.86088,-6.08846,-6.31356,-6.53609,-6.75591,-6.97292,-7.18695,-7.39782,-7.60536,-7.80948,-8.01017,-8.20749,-8.40154,-8.59245,-8.78025,-8.96484,-9.14622,-9.32441,-9.49946,-9.67157,-9.84101,-10.0082,-10.1735,-10.3373,-10.5003,-10.6629,-10.8256,-10.989,-11.1535,-11.3195,-11.4876,-11.658,-11.8311,-12.0071,-12.1864,-12.3692,-12.5556,-12.7457,-12.9396,-13.1372,-13.3384,-13.5433,-13.7516,-13.9633,-14.1781,-14.3959,-14.6165,-14.8397,-15.0652,-15.2927,-15.522,-15.7529,-15.9852,-16.2189,-16.4537,-16.6896,-16.9264,-17.164,-17.4022,-17.6409,-17.88,-18.1196,-18.3594,-18.5997,-18.8402,-19.0811,-19.3223
11.2144,11.045,10.8747,10.7035,10.5313,10.3579,10.1834,10.0074,9.82997,9.65079,9.46968,9.28653,9.10123,8.91366,8.72369,8.53112,8.33578,8.13745,7.936,7.73141,7.52381,7.31338,7.10023,6.88431,6.66559,6.444,6.21951,5.99213,5.76194,5.52904,5.29356,5.05564,4.81548,4.57323,4.32908,4.08317,3.83565,3.5867,3.33649,3.08518,2.83293,2.57989,2.3262,2.07199,1.81738,1.5625,1.30746,1.05234,0.797238,0.542238,0.287415,0.0328445,-0.221411,-0.475293,-0.728757,-0.981764,-1.23429,-1.4863,-1.73779,-1.98874,-2.2391,-2.48883,-2.7379,-2.98625,-3.23383,-3.48058,-3.72642,-3.97127,-4.21504,-4.45766,-4.69902,-4.93903,-5.17755,-5.41444,-5.64957,-5.88277,-6.11391,-6.3428,-6.56927,-6.79317,-7.01443,-7.23302,-7.44892,-7.66208,-7.87238,-8.07964,-8.28372,-8.48452,-8.68196,-8.87612,-9.06713,-9.25522,-9.4406,-9.62337,-9.80356,-9.98125,-10.1565,-10.3296,-10.5007,-10.6702,-10.8385,-11.0062,-11.1737,-11.3415,-11.5102,-11.6803,-11.8522,-12.0263,-12.2029,-12.3824,-12.5648,-12.7505,-12.9395,-13.132,-13.3281,-13.5278,-13.7311,-13.9379,-14.148,-14.3613,-14.5775,-14.7966,-15.0183,-15.2426,-15.4691,-15.6977,-15.9281,-16.16,-16.3934,-16.628,-16.8636,-17.1002,-17.3376,-17.5757,-17.8144,-18.0537,-18.2935,-18.5337,-18.7745,-19.0156,-19.2573,-19.4994,-19.742
10.724,10.5626,10.4003,10.2369,10.0725,9.907,9.7402,9.572,9.40229,9.23095,9.05782,8.8827,8.70541,8.52577,8.34362,8.1588,7.97112,7.78044,7.58658,7.38947,7.18911,6.98553,6.77875,6.56877,6.35567,6.13948,5.92022,5.69796,5.47276,5.24472,5.01396,4.78062,4.54479,4.30664,4.06633,3.82401,3.57986,3.33403,3.08669,2.83801,2.58815,2.33727,2.08552,1.83307,1.58006,1.32663,1.0729,0.818976,0.564961,0.310945,0.057021,-0.196724,-0.45021,-0.703369,-0.956144,-1.20849,-1.46038,-1.71179,-1.96271,-2.21311,-2.46299,-2.71233,-2.9611,-3.20925,-3.45671,-3.70342,-3.9493,-4.19427,-4.43825,-4.68118,-4.92297,-5.16349,-5.40262,-5.64019,-5.87608,-6.11021,-6.3425,-6.57284,-6.80108,-7.02702,-7.25049,-7.47136,-7.6896,-7.9052,-8.11813,-8.32834,-8.53572,-8.74014,-8.94152,-9.13984,-9.33513,-9.52749,-9.71708,-9.90414,-10.089,-10.2718,-10.4529,-10.6322,-10.8099,-10.9861,-11.1611,-11.3351,-11.5087,-11.6822,-11.8562,-12.0311,-12.2075,-12.3858,-12.5662,-12.7491,-12.9345,-13.1226,-13.3135,-13.5076,-13.7051,-13.9059,-14.1103,-14.3181,-14.5291,-14.7432,-14.9601,-15.1798,-15.402,-15.6264,-15.8527,-16.0808,-16.3104,-16.5414,-16.7737,-17.0071,-17.2415,-17.4769,-17.713,-17.9498,-18.1873,-18.4254,-18.6641,-18.9033,-19.1431,-19.3835,-19.6245,-19.8662,-20.1084
10.2064,10.0535,9.8998,9.74533,9.58998,9.43363,9.27607,9.11707,8.95638,8.79384,8.62932,8.46276,8.29413,8.12334,7.95014,7.77422,7.59533,7.41331,7.22812,7.0397,6.84796,6.65287,6.45438,6.25248,6.04718,5.83847,5.62638,5.41092,5.19214,4.97012,4.74499,4.51698,4.28628,4.05304,3.8174,3.5795,3.33948,3.0975,2.85373,2.60835,2.36153,2.11345,1.86428,1.61418,1.36332,1.11182,0.859828,0.607465,0.354865,0.102144,-0.150585,-0.403221,-0.655676,-0.907872,-1.15974,-1.41124,-1.66232,-1.91295,-2.1631,-2.41278,-2.66195,-2.91062,-3.15876,-3.40631,-3.65325,-3.89954,-4.14511,-4.3899,-4.6338,-4.87671,-5.11855,-5.35926,-5.59878,-5.83701,-6.07386,-6.3092,-6.54284,-6.77462,-7.00437,-7.23195,-7.45726,-7.68023,-7.90085,-8.11911,-8.33503,-8.5486,-8.75973,-8.96831,-9.17421,-9.37738,-9.57781,-9.77552,-9.9706,-10.1632,-10.3534,-10.5416,-10.728,-10.913,-11.0969,-11.2797,-11.4615,-11.6426,-11.8231,-12.0032,-12.1833,-12.3639,-12.5454,-12.7283,-12.913,-13.0998,-13.2888,-13.4801,-13.6739,-13.8702,-14.0692,-14.2711,-14.476,-14.6839,-14.8949,-15.1089,-15.3255,-15.5445,-15.7657,-15.9888,-16.2136,-16.4401,-16.668,-16.8971,-17.1273,-17.3584,-17.5904,-17.8231,-18.0565,-18.2905,-18.5252,-18.7605,-18.9965,-19.2331,-19.4703,-19.7081,-19.9464,-20.1852,-20.4246
9.67166,9.52687,9.38127,9.23483,9.08748,8.9391,8.78958,8.63877,8.4865,8.33254,8.17666,8.01866,7.85835,7.69556,7.53015,7.36199,7.19091,7.01674,6.83934,6.65856,6.47428,6.28641,6.09488,5.89968,5.70084,5.49836,5.29228,5.08261,4.86938,4.65269,4.43262,4.20931,3.98293,3.75362,3.52153,3.2868,3.04958,2.81004,2.56836,2.32477,2.07948,1.83271,1.58469,1.33556,1.08548,0.834548,0.582916,0.330729,0.0781418,-0.174698,-0.427657,-0.680615,-0.933469,-1.18613,-1.43853,-1.6906,-1.94228,-2.19354,-2.44435,-2.69468,-2.94452,-3.19385,-3.44265,-3.69087,-3.9385,-4.18548,-4.43177,-4.67731,-4.92202,-5.1658,-5.40852,-5.65009,-5.89043,-6.12948,-6.36715,-6.60336,-6.83804,-7.07112,-7.30249,-7.53206,-7.75968,-7.98518,-8.20841,-8.42927,-8.64779,-8.86405,-9.07819,-9.29029,-9.50033,-9.70828,-9.91403,-10.1175,-10.3187,-10.5177,-10.7146,-10.9096,-11.103,-11.2952,-11.4865,-11.6772,-11.8675,-12.0576,-12.2475,-12.4371,-12.6266,-12.8163,-13.0064,-13.1972,-13.3891,-13.5826,-13.778,-13.9756,-14.1757,-14.3783,-14.5833,-14.7906,-15,-15.2113,-15.4246,-15.64,-15.8576,-16.0772,-16.2987,-16.5219,-16.7465,-16.9724,-17.1993,-17.4272,-17.6559,-17.8854,-18.1155,-18.3462,-18.5775,-18.8095,-19.0422,-19.2755,-19.5097,-19.7446,-19.9805,-20.2172,-20.4549,-20.6936
9.07415,8.93854,8.80226,8.66529,8.52756,8.38895,8.24927,8.10832,7.96588,7.82172,7.67564,7.52742,7.37683,7.22369,7.06777,6.90888,6.74685,6.58159,6.41299,6.24094,6.06535,5.88613,5.70318,5.51639,5.32573,5.13116,4.93269,4.73033,4.5241,4.3141,4.10042,3.88316,3.66247,3.43851,3.2115,2.98159,2.7489,2.5136,2.27587,2.03592,1.79395,1.55017,1.30476,1.05791,0.809795,0.560583,0.310454,0.0595724,-0.191895,-0.443783,-0.695938,-0.948216,-1.20049,-1.45265,-1.7046,-1.95629,-2.20765,-2.45863,-2.70917,-2.95926,-3.20887,-3.45799,-3.70661,-3.95467,-4.20215,-4.44901,-4.69524,-4.94082,-5.1857,-5.42982,-5.67308,-5.91536,-6.15651,-6.39641,-6.63498,-6.87217,-7.10793,-7.34225,-7.57511,-7.80647,-8.03622,-8.26422,-8.4903,-8.7143,-8.93613,-9.15579,-9.37337,-9.589,-9.80282,-10.0149,-10.2251,-10.4333,-10.6396,-10.844,-11.0464,-11.2472,-11.4465,-11.6446,-11.8418,-12.0385,-12.2349,-12.431,-12.6272,-12.8233,-13.0198,-13.2166,-13.414,-13.6123,-13.8117,-14.0126,-14.2152,-14.4196,-14.6259,-14.834,-15.0438,-15.2553,-15.4687,-15.6837,-15.9005,-16.1191,-16.3391,-16.5606,-16.7833,-17.0069,-17.2315,-17.4567,-17.6826,-17.9091,-18.136,-18.3634,-18.5912,-18.8193,-19.0477,-19.2765,-19.5058,-19.7356,-19.9662,-20.1975,-20.4299,-20.6633,-20.8977
8.4416,8.31584,8.18947,8.06246,7.9347,7.80607,7.6764,7.54548,7.41312,7.2791,7.14323,7.00531,6.86512,6.72241,6.57691,6.42834,6.27649,6.12115,5.96224,5.79973,5.63369,5.4641,5.2908,5.11352,4.93211,4.74646,4.55659,4.36251,4.16434,3.96214,3.75596,3.54588,3.33201,3.11449,2.89347,2.66915,2.44171,2.21135,1.97828,1.7427,1.50483,1.26489,1.02304,0.779477,0.534371,0.287903,0.0402692,-0.208334,-0.45772,-0.707702,-0.958102,-1.20876,-1.45953,-1.71028,-1.96091,-2.21135,-2.46153,-2.71139,-2.96091,-3.21002,-3.45869,-3.70689,-3.95459,-4.20177,-4.44842,-4.69451,-4.94002,-5.18495,-5.4293,-5.67305,-5.91614,-6.15848,-6.39996,-6.64043,-6.87975,-7.11777,-7.3544,-7.58958,-7.82326,-8.05544,-8.28614,-8.51541,-8.74324,-8.96949,-9.19399,-9.4166,-9.63733,-9.85627,-10.0736,-10.2893,-10.5037,-10.7165,-10.9278,-11.1375,-11.3456,-11.5523,-11.7577,-11.9622,-12.166,-12.3694,-12.5726,-12.7758,-12.9789,-13.182,-13.3852,-13.5886,-13.7926,-13.9974,-14.2032,-14.4104,-14.6191,-14.8293,-15.0409,-15.2538,-15.4681,-15.6836,-15.9004,-16.1185,-16.3378,-16.5582,-16.7797,-17.002,-17.2249,-17.4485,-17.6724,-17.8967,-18.1212,-18.3459,-18.5707,-18.7956,-19.0207,-19.2461,-19.4718,-19.6979,-19.9245,-20.1518,-20.3799,-20.6089,-20.8388,-21.0697
7.77246,7.65575,7.53853,7.42083,7.30263,7.1838,7.06408,6.94317,6.82081,6.69676,6.57082,6.44287,6.31284,6.18055,6.04576,5.90817,5.76745,5.62332,5.47553,5.3239,5.16829,5.00863,4.84488,4.67697,4.50486,4.3285,4.14785,3.96292,3.77372,3.58028,3.38262,3.18074,2.97471,2.76462,2.55062,2.33294,2.11182,1.88747,1.66019,1.43023,1.19776,0.962974,0.726037,0.48712,0.246394,0.00404501,-0.239733,-0.484736,-0.730759,-0.977604,-1.22507,-1.47298,-1.72117,-1.96947,-2.21777,-2.46598,-2.71403,-2.96186,-3.20942,-3.45668,-3.70358,-3.95008,-4.19612,-4.44167,-4.68673,-4.93127,-5.17527,-5.41868,-5.66146,-5.90357,-6.14496,-6.38562,-6.62552,-6.86466,-7.10305,-7.34064,-7.57733,-7.81299,-8.04747,-8.28062,-8.51229,-8.74241,-8.97099,-9.1981,-9.42384,-9.64825,-9.87133,-10.093,-10.3133,-10.5323,-10.75,-10.9665,-11.1819,-11.396,-11.609,-11.8208,-12.0316,-12.2416,-12.4511,-12.6603,-12.8695,-13.0787,-13.2881,-13.4975,-13.7071,-13.9169,-14.127,-14.3377,-14.5493,-14.7619,-14.9756,-15.1905,-15.4065,-15.6235,-15.8416,-16.0605,-16.2802,-16.5008,-16.7222,-16.9443,-17.167,-17.3902,-17.6137,-17.8374,-18.0612,-18.2849,-18.5085,-18.732,-18.9552,-19.1782,-19.4012,-19.6241,-19.8471,-20.0702,-20.2936,-20.5171,-20.7409,-20.965,-21.1895
7.03749,6.9303,6.82251,6.71412,6.60512,6.49541,6.38478,6.27298,6.15975,6.04487,5.92811,5.80928,5.68822,5.56471,5.4385,5.30934,5.17705,5.04145,4.9024,4.75973,4.61321,4.46269,4.30803,4.14906,3.98565,3.81757,3.64468,3.46688,3.2842,3.0968,2.9049,2.70877,2.50883,2.30534,2.09832,1.8876,1.67314,1.45498,1.2333,1.00831,0.780304,0.549553,0.316314,0.0808199,-0.156726,-0.396129,-0.637194,-0.87972,-1.12348,-1.36826,-1.61383,-1.85998,-2.10655,-2.3534,-2.60039,-2.84738,-3.09423,-3.34084,-3.58711,-3.83302,-4.07856,-4.32374,-4.56857,-4.81301,-5.05699,-5.30046,-5.54335,-5.7856,-6.02719,-6.26812,-6.50842,-6.74812,-6.98722,-7.22568,-7.46339,-7.70026,-7.93624,-8.17134,-8.40556,-8.63882,-8.87093,-9.10171,-9.33103,-9.55888,-9.78534,-10.0105,-10.2346,-10.4576,-10.6794,-10.9002,-11.1199,-11.3387,-11.5566,-11.7736,-11.9897,-12.2049,-12.4194,-12.6332,-12.8465,-13.0597,-13.273,-13.4867,-13.7008,-13.9153,-14.1303,-14.3459,-14.5619,-14.7787,-14.9963,-15.2149,-15.4345,-15.6553,-15.8772,-16.1,-16.3238,-16.5484,-16.7737,-16.9997,-17.2262,-17.4531,-17.6801,-17.9071,-18.1339,-18.3605,-18.5866,-18.8121,-19.037,-19.2612,-19.4845,-19.7071,-19.9289,-20.1499,-20.3702,-20.5898,-20.8088,-21.0272,-21.245
6.32743,6.22577,6.12352,6.02067,5.91715,5.81286,5.70767,5.60141,5.49391,5.38494,5.27425,5.16154,5.04658,4.92917,4.80907,4.68596,4.55951,4.42941,4.29548,4.1576,4.01571,3.86971,3.7195,3.56488,3.40562,3.24159,3.07272,2.899,2.7205,2.53731,2.34955,2.15738,1.96098,1.76049,1.55605,1.34777,1.13575,0.92012,0.70101,0.478592,0.253042,0.0245761,-0.206596,-0.440249,-0.676168,-0.914155,-1.154,-1.39546,-1.63832,-1.88235,-2.12734,-2.3731,-2.61943,-2.86616,-3.11311,-3.36012,-3.60705,-3.85379,-4.10023,-4.34631,-4.59196,-4.83716,-5.0819,-5.32614,-5.56984,-5.81296,-6.05542,-6.29718,-6.53822,-6.77853,-7.01814,-7.25707,-7.4953,-7.73281,-7.96958,-8.20561,-8.44094,-8.67558,-8.90947,-9.14254,-9.37474,-9.60599,-9.83625,-10.0655,-10.2936,-10.5208,-10.7469,-10.9721,-11.1966,-11.4204,-11.6436,-11.8663,-12.0885,-12.3102,-12.5314,-12.7523,-12.9728,-13.1931,-13.413,-13.633,-13.8532,-14.074,-14.2954,-14.5175,-14.7402,-14.9635,-15.1873,-15.4118,-15.6369,-15.8627,-16.0893,-16.3167,-16.5446,-16.773,-17.0017,-17.2306,-17.4596,-17.6883,-17.9167,-18.1447,-18.372,-18.5985,-18.8241,-19.0487,-19.2722,-19.4946,-19.7158,-19.9358,-20.1546,-20.3722,-20.5886,-20.8039,-21.0182,-21.2314
5.64388,5.54068,5.43712,5.33321,5.22893,5.12418,5.01879,4.91256,4.8053,4.69672,4.58647,4.47421,4.35974,4.24296,4.12374,4.00183,3.87687,3.74848,3.61637,3.48035,3.34031,3.19618,3.0478,2.895,2.73765,2.57565,2.40896,2.23756,2.06134,1.88026,1.69438,1.5038,1.3087,1.10932,0.905918,0.698698,0.487837,0.273498,0.0558685,-0.164849,-0.388437,-0.614678,-0.843411,-1.07452,-1.30789,-1.54339,-1.78083,-2.01998,-2.26059,-2.50241,-2.74522,-2.98879,-3.23294,-3.47749,-3.72229,-3.96718,-4.21202,-4.4567,-4.70111,-4.94518,-5.18885,-5.43205,-5.67473,-5.91686,-6.1584,-6.39929,-6.63948,-6.87893,-7.11764,-7.35564,-7.59295,-7.82958,-8.06552,-8.30073,-8.53519,-8.76891,-9.00192,-9.23423,-9.46586,-9.6968,-9.92702,-10.1565,-10.3852,-10.6131,-10.8403,-11.0667,-11.2925,-11.5177,-11.7424,-11.9665,-12.1903,-12.4137,-12.6368,-12.8597,-13.0825,-13.3053,-13.5281,-13.751,-13.9741,-14.1975,-14.4214,-14.6458,-14.8707,-15.0962,-15.3223,-15.5488,-15.7759,-16.0035,-16.2316,-16.4601,-16.689,-16.9181,-17.1474,-17.3767,-17.6058,-17.8346,-18.0629,-18.2907,-18.5177,-18.744,-18.9693,-19.1935,-19.4166,-19.6385,-19.8593,-20.0787,-20.297,-20.514,-20.7298,-20.9444,-21.1578
5.02909,4.91868,4.80788,4.69666,4.58499,4.47284,4.3602,4.24699,4.13309,4.01824,3.90204,3.78408,3.66403,3.54172,3.41705,3.28985,3.15989,3.0268,2.89014,2.74957,2.60484,2.45582,2.30245,2.14472,1.98265,1.81622,1.64538,1.47003,1.29003,1.10528,0.915802,0.721694,0.523119,0.320331,0.113562,-0.0969816,-0.311043,-0.528364,-0.748721,-0.971874,-1.19755,-1.42548,-1.65546,-1.88736,-2.12107,-2.35645,-2.59329,-2.83137,-3.07046,-3.31037,-3.55091,-3.79189,-4.03316,-4.27456,-4.51597,-4.75726,-4.99836,-5.23917,-5.47964,-5.71973,-5.95938,-6.19856,-6.43725,-6.67542,-6.91307,-7.15018,-7.38677,-7.62285,-7.85844,-8.09355,-8.3282,-8.56237,-8.79605,-9.0292,-9.26177,-9.49373,-9.72509,-9.95587,-10.1861,-10.4158,-10.645,-10.8737,-11.102,-11.3298,-11.5571,-11.784,-12.0105,-12.2365,-12.4622,-12.6877,-12.913,-13.1382,-13.3636,-13.5891,-13.8148,-14.0406,-14.2666,-14.4929,-14.7193,-14.9461,-15.1733,-15.4009,-15.6289,-15.8573,-16.0861,-16.3151,-16.5443,-16.7736,-17.003,-17.2323,-17.4614,-17.6902,-17.9187,-18.1466,-18.3738,-18.6004,-18.8261,-19.0509,-19.2747,-19.4975,-19.7193,-19.9399,-20.1594,-20.3778,-20.595,-20.8111,-21.0261
4.45963,4.33615,4.21252,4.08869,3.96457,3.84002,3.715,3.58946,3.4633,3.3363,3.20815,3.07846,2.94685,2.813,2.67666,2.53758,2.39553,2.25039,2.10205,1.95037,1.79513,1.63603,1.47287,1.30546,1.1337,0.95751,0.77687,0.591871,0.402611,0.209199,0.0117987,-0.189436,-0.394334,-0.602614,-0.813981,-1.02821,-1.24514,-1.4646,-1.68644,-1.91045,-2.13644,-2.36418,-2.5935,-2.82421,-3.05615,-3.2891,-3.52287,-3.75726,-3.99208,-4.22715,-4.46234,-4.69754,-4.93268,-5.16769,-5.4025,-5.63705,-5.87128,-6.10517,-6.3387,-6.57186,-6.80466,-7.0371,-7.26919,-7.50093,-7.73233,-7.96337,-8.19408,-8.42445,-8.65452,-8.88429,-9.11377,-9.34298,-9.5719,-9.80053,-10.0289,-10.2569,-10.4845,-10.7118,-10.9388,-11.1655,-11.392,-11.6182,-11.8441,-12.0698,-12.2953,-12.5205,-12.7455,-12.9704,-13.1951,-13.4197,-13.6443,-13.8688,-14.0934,-14.318,-14.5426,-14.7673,-14.992,-15.2169,-15.4419,-15.6672,-15.8927,-16.1183,-16.3442,-16.5702,-16.7962,-17.0224,-17.2486,-17.4748,-17.7009,-17.9269,-18.1527,-18.3783,-18.6036,-18.8287,-19.0534,-19.2778,-19.5019,-19.7256,-19.949,-20.1721,-20.3948,-20.6171,-20.8392
3.81294,3.67389,3.53499,3.39618,3.25732,3.1182,2.97866,2.8386,2.69791,2.55644,2.41394,2.27005,2.12439,1.97659,1.82631,1.67326,1.51724,1.3581,1.19579,1.03023,0.861287,0.688841,0.512801,0.333035,0.149374,-0.0383383,-0.230107,-0.425868,-0.625487,-0.828751,-1.03541,-1.24516,-1.45763,-1.6725,-1.88954,-2.10858,-2.32944,-2.55196,-2.77593,-3.00114,-3.22736,-3.45438,-3.682,-3.91003,-4.13832,-4.36676,-4.59525,-4.82372,-5.05213,-5.28042,-5.50859,-5.73662,-5.96449,-6.19217,-6.41967,-6.647,-6.87414,-7.1011,-7.32784,-7.55438,-7.7807,-8.00685,-8.23288,-8.45883,-8.68476,-8.91066,-9.13657,-9.36246,-9.58832,-9.8141,-10.0398,-10.2653,-10.4907,-10.7158,-10.9408,-11.1655,-11.3899,-11.6141,-11.838,-12.0615,-12.2849,-12.5079,-12.7308,-12.9534,-13.1758,-13.3981,-13.6203,-13.8424,-14.0646,-14.2869,-14.5091,-14.7314,-14.9538,-15.1761,-15.3985,-15.621,-15.8436,-16.0664,-16.2892,-16.5123,-16.7354,-16.9586,-17.1819,-17.4052,-17.6285,-17.8517,-18.0749,-18.298,-18.521,-18.7439,-18.9666,-19.1893,-19.4118,-19.6341,-19.8564,-20.0785,-20.3004,-20.5222
3.07793,2.91948,2.76153,2.60403,2.44681,2.28966,2.13234,1.97467,1.81652,1.65772,1.49796,1.3368,1.17372,1.00833,0.840327,0.669496,0.49575,0.319067,0.139355,-0.0435588,-0.229903,-0.419887,-0.613543,-0.81081,-1.0116,-1.21576,-1.42304,-1.6331,-1.84556,-2.06005,-2.2763,-2.49413,-2.71338,-2.93388,-3.15547,-3.378,-3.60133,-3.82532,-4.04984,-4.27479,-4.50004,-4.72549,-4.95106,-5.17664,-5.40215,-5.62751,-5.85266,-6.0776,-6.30233,-6.52688,-6.75127,-6.97551,-7.1996,-7.42356,-7.64742,-7.87123,-8.09503,-8.31882,-8.54263,-8.76643,-8.99021,-9.21396,-9.43765,-9.66127,-9.88479,-10.1082,-10.3315,-10.5546,-10.7776,-11.0004,-11.2231,-11.4457,-11.6681,-11.8904,-12.1125,-12.3345,-12.5562,-12.7777,-12.9991,-13.2203,-13.4415,-13.6627,-13.884,-14.1052,-14.3264,-14.5477,-14.769,-14.9903,-15.2117,-15.4332,-15.6546,-15.8762,-16.0977,-16.3193,-16.5409,-16.7627,-16.9845,-17.2064,-17.4283,-17.6502,-17.8722,-18.0942,-18.3163,-18.5383,-18.7603,-18.9823,-19.2042,-19.4261,-19.648,-19.8698,-20.0916
2.22096,2.04008,1.86019,1.68126,1.50321,1.32588,1.14911,0.972716,0.796492,0.620141,0.443299,0.265542,0.0863878,-0.0946319,-0.277917,-0.463828,-0.652664,-0.844617,-1.03965,-1.23766,-1.43855,-1.64225,-1.84865,-2.05755,-2.26868,-2.48176,-2.69657,-2.91283,-3.13028,-3.34869,-3.56784,-3.78753,-4.00762,-4.22796,-4.44845,-4.66901,-4.88957,-5.11005,-5.33037,-5.55046,-5.77031,-5.98993,-6.20934,-6.42855,-6.64758,-6.86647,-7.08528,-7.30405,-7.52285,-7.74171,-7.96065,-8.17967,-8.39877,-8.61795,-8.83722,-9.0566,-9.27609,-9.49568,-9.71533,-9.93501,-10.1547,-10.3743,-10.5939,-10.8132,-11.0324,-11.2513,-11.47,-11.6883,-11.9064,-12.1242,-12.3418,-12.5592,-12.7764,-12.9934,-13.2103,-13.4272,-13.644,-13.8607,-14.0774,-14.2941,-14.5109,-14.7276,-14.9444,-15.1612,-15.3782,-15.5952,-15.8124,-16.0298,-16.2474,-16.4652,-16.6832,-16.9015,-17.1201,-17.3389,-17.5581,-17.7776,-17.9974,-18.2176,-18.4381,-18.6589,-18.8801,-19.1016,-19.3235,-19.5456
1.14821,0.947031,0.74771,0.550173,0.354235,0.1596,-0.0341294,-0.227405,-0.420655,-0.614246,-0.808488,-1.00366,-1.20006,-1.398,-1.59777,-1.79955,-2.00345,-2.20949,-2.41763,-2.62778,-2.83983,-3.05358,-3.26885,-3.48545,-3.7032,-3.92188,-4.14129,-4.36124,-4.58152,-4.80196,-5.02239,-5.24267,-5.46268,-5.68235,-5.90163,-6.12052,-6.33904,-6.55724,-6.77518,-6.99287,-7.21032,-7.42753,-7.64453,-7.86134,-8.07803,-8.29464,-8.51124,-8.72786,-8.94454,-9.16128,-9.37807,-9.5949,-9.81175,-10.0286,-10.2455,-10.4624,-10.6793,-10.8961,-11.1128,-11.3294,-11.5458,-11.7621,-11.9781,-12.1938,-12.4093,-12.6246,-12.8396,-13.0543,-13.2689,-13.4834,-13.6978,-13.9121,-14.1265,-14.341,-14.5555,-14.7702,-14.9849,-15.1997,-15.4146,-15.6297,-15.8449,-16.0603,-16.276,-16.4918,-16.708,-16.9244,-17.1412,-17.3582,-17.5756,-17.7933,-18.0113,-18.2296,-18.4483,-18.6673
-0.248613,-0.455579,-0.661336,-0.865935,-1.06949,-1.27215,-1.47414,-1.6757,-1.87713,-2.07874,-2.28083,-2.48364,-2.68736,-2.89206,-3.09778,-3.30456,-3.51238,-3.72124,-3.9311,-4.14189,-4.35354,-4.56593,-4.77892,-4.99237,-5.20613,-5.42009,-5.63409,-5.84805,-6.06185,-6.27545,-6.48879,-6.70186,-6.91465,-7.12717,-7.3394,-7.55132,-7.7629,-7.97414,-8.18504,-8.39566,-8.60601,-8.81615,-9.02611,-9.23591,-9.44557,-9.65511,-9.86454,-10.0739,-10.2831,-10.4923,-10.7014,-10.9105,-11.1194,-11.3283,-11.5371,-11.7457
-1.77274,-1.98752,-2.20182,-2.41569,-2.62921,-2.84249,-3.05566,-3.26884,-3.48216,-3.69573,-3.90963,-4.12393,-4.33865,-4.5538,-4.76934,-4.98522,-5.2014,-5.41779,-5.63436,-5.85104,-6.06778,-6.28453,-6.50122,-6.7178,-6.93423,-7.15046,-7.36649,-7.5823,-7.79791,-8.0133,-8.22842,-8.44323,-8.65774,-8.87196,-9.08591,-9.29964,-9.51316,-9.72648,-9.9396,-10.1525,-10.3652,-10.5777
-3.64122,-3.85398,-4.06678,-4.27966,-4.49263,-4.70571,-4.91889,-5.13219,-5.3456,-5.55911,-5.77273,-5.98641,-6.20017,-6.41399,-6.6279,-6.84192,-7.05609,-7.27045,-7.48509,-7.70008,-7.9155,-8.13146,-8.34804,-8.56534,-8.78344,-9.00239,-9.2222,-9.44291,-9.66452
