0.474205,0.476684,0.479211,0.481786,0.484408,0.486376,0.489024,0.491429,0.493832,0.496671,0.499182,0.501645,0.503595,0.505418,0.507028,0.509262,0.511611,0.513937,0.516452,0.518927,0.521274,0.524101,0.527038,0.529999,0.532627,0.535225,0.537688,0.540144,0.542683,0.545039,0.547469,0.549743,0.552292,0.554302,0.556302,0.558173,0.559729,0.561543,0.562889,0.563782,0.564227,0.565294,0.566361,0.567427,0.568492
0.447323,0.450102,0.452967,0.455919,0.458959,0.461946,0.4646,0.466836,0.468729,0.470643,0.47285,0.475307,0.477776,0.480229,0.482271,0.484096,0.48583,0.487982,0.490366,0.492721,0.495577,0.498889,0.502166,0.505218,0.508291,0.511303,0.514553,0.517881,0.521158,0.524721,0.528277,0.531778,0.534672,0.537898,0.541118,0.544215,0.547341,0.550645,0.553712,0.556597,0.559107,0.561365,0.563989,0.565411,0.566885,0.568263,0.569391,0.569673,0.56995,0.570146,0.570204,0.569667,0.569681,0.568605,0.567265,0.565794,0.5638,0.561625,0.558341,0.554815,0.552254,0.549626,0.545451,0.540458,0.535436,0.530384,0.525301
0.420167,0.423026,0.42599,0.429065,0.432253,0.435274,0.437468,0.440204,0.44288,0.444936,0.447762,0.450713,0.453585,0.456398,0.458809,0.461047,0.46395,0.466854,0.469492,0.47222,0.474944,0.477538,0.480087,0.483512,0.486955,0.490359,0.493644,0.496621,0.499581,0.503288,0.507272,0.511223,0.515213,0.51936,0.523181,0.527401,0.531809,0.535556,0.539245,0.542743,0.546634,0.55087,0.554954,0.55859,0.562142,0.565594,0.56866,0.570933,0.573508,0.574967,0.57637,0.578112,0.579159,0.580198,0.581258,0.581041,0.580819,0.580075,0.57889,0.577576,0.575827,0.573986,0.571293,0.567919,0.564691,0.560951,0.55731,0.552934,0.548513,0.543796,0.538812,0.533701,0.527116,0.520235,0.513576,0.506343,0.499042,0.492269,0.486316,0.480082,0.471208,0.463226,0.455704,0.448035,0.440481,0.432762,0.424788,0.416749,0.408647,0.400478
0.399785,0.401893,0.404143,0.406538,0.409076,0.411876,0.414864,0.417841,0.420842,0.423912,0.426956,0.429736,0.432259,0.435179,0.437859,0.440712,0.443585,0.446537,0.44973,0.453882,0.457604,0.460267,0.463162,0.465934,0.46844,0.471378,0.474887,0.478442,0.482161,0.48588,0.489621,0.493367,0.49788,0.502143,0.506714,0.511469,0.516061,0.52036,0.524824,0.529268,0.534255,0.53942,0.544153,0.548389,0.552721,0.557684,0.562573,0.566586,0.570575,0.574644,0.578756,0.582396,0.584629,0.587171,0.589762,0.592005,0.593241,0.59456,0.59513,0.59546,0.59534,0.595225,0.594775,0.593303,0.591767,0.590073,0.587841,0.585223,0.582067,0.577443,0.572775,0.567556,0.561678,0.5561,0.55053,0.544435,0.53829,0.531784,0.525184,0.51853,0.511824,0.504661,0.497449,0.490177,0.481216,0.472616,0.463932,0.455815,0.448202,0.44056,0.432689,0.424701,0.417212,0.410422,0.404043,0.396063,0.388048,0.380927,0.37378,0.366721,0.362471,0.358275,0.355998,0.356284,0.356394,0.356956,0.356909,0.3578,0.358696,0.359596,0.3605
0.382056,0.384023,0.386142,0.388415,0.390846,0.393325,0.396596,0.400179,0.403703,0.406401,0.408935,0.411878,0.415407,0.418785,0.421255,0.424927,0.428101,0.431263,0.4344,0.437767,0.441217,0.444115,0.447404,0.451409,0.455003,0.458566,0.461559,0.464648,0.468678,0.472356,0.475842,0.479458,0.483276,0.487356,0.491542,0.496157,0.500991,0.505861,0.510787,0.515959,0.521425,0.526878,0.531863,0.537138,0.542673,0.54815,0.553582,0.559266,0.564556,0.569718,0.574812,0.579699,0.584789,0.589099,0.59324,0.597324,0.601007,0.604186,0.607317,0.610379,0.612179,0.613941,0.615318,0.615893,0.616447,0.616148,0.614558,0.612909,0.610952,0.608353,0.605751,0.603469,0.598583,0.594067,0.590006,0.585925,0.581198,0.575791,0.570486,0.564843,0.557364,0.549796,0.542165,0.53445,0.526748,0.51897,0.511136,0.502514,0.494464,0.48629,0.477864,0.46947,0.461299,0.453144,0.445298,0.437168,0.429081,0.420923,0.413831,0.406194,0.398469,0.391544,0.386879,0.382499,0.378473,0.376826,0.376297,0.376628,0.378009,0.378721,0.379914,0.383708,0.387799,0.395001,0.40313,0.412851,0.424357,0.435641,0.447764,0.455456,0.464276,0.473572,0.48283,0.492052,0.501239
0.387439,0.387539,0.387654,0.387786,0.387934,0.387973,0.388089,0.388512,0.390129,0.391956,0.394553,0.397429,0.400853,0.404075,0.407567,0.411034,0.414274,0.417598,0.420769,0.423854,0.427124,0.430658,0.434272,0.437612,0.440826,0.443973,0.447173,0.450906,0.454426,0.457956,0.463344,0.467444,0.471255,0.475399,0.479411,0.483412,0.487746,0.492436,0.497085,0.501953,0.507148,0.512355,0.517979,0.523779,0.529504,0.535369,0.541346,0.547045,0.552948,0.558862,0.565212,0.571473,0.576841,0.582849,0.588725,0.594759,0.599772,0.60439,0.609159,0.613211,0.617198,0.621076,0.624379,0.627471,0.630421,0.631674,0.633263,0.634071,0.634521,0.634908,0.633911,0.632808,0.631651,0.628893,0.625899,0.622962,0.619902,0.616584,0.612756,0.607899,0.603147,0.595441,0.588909,0.582386,0.575803,0.56959,0.561825,0.553944,0.545897,0.537865,0.530122,0.522351,0.514296,0.50628,0.497524,0.488483,0.47992,0.471764,0.464362,0.456819,0.449136,0.442359,0.435538,0.427426,0.419235,0.412535,0.409661,0.406792,0.405467,0.404722,0.404056,0.405935,0.408504,0.411087,0.412958,0.416837,0.422305,0.430806,0.440197,0.450036,0.459368,0.469031,0.481413,0.493653,0.505711,0.518701,0.531094,0.543718,0.555291,0.566755,0.579541,0.592182,0.604676,0.617028
0.408429,0.408102,0.407694,0.407199,0.406614,0.406041,0.405448,0.40505,0.404605,0.404089,0.403473,0.403787,0.405072,0.406604,0.407267,0.409526,0.411842,0.413703,0.416132,0.418809,0.42249,0.426695,0.429527,0.43198,0.435409,0.439834,0.4433,0.445487,0.449302,0.454502,0.458623,0.461898,0.465345,0.46965,0.473919,0.477918,0.481941,0.485964,0.489927,0.494939,0.499947,0.505661,0.511908,0.5174,0.522904,0.528463,0.534093,0.539991,0.546359,0.552961,0.559561,0.566172,0.573054,0.580099,0.587107,0.593694,0.600075,0.606608,0.612791,0.618942,0.62465,0.629718,0.635384,0.639892,0.643525,0.647061,0.650386,0.653353,0.656204,0.658088,0.659574,0.66095,0.661248,0.660944,0.660436,0.659028,0.657825,0.656548,0.653488,0.650007,0.646166,0.641982,0.637245,0.631964,0.625958,0.619708,0.613462,0.606691,0.599966,0.593148,0.585596,0.577621,0.569526,0.561354,0.554581,0.546288,0.538199,0.530049,0.521738,0.513333,0.50549,0.498571,0.491595,0.484562,0.477503,0.47233,0.468471,0.464553,0.461045,0.457851,0.453813,0.450284,0.450255,0.449761,0.450979,0.453576,0.45607,0.45999,0.465951,0.475828,0.484363,0.490628,0.497118,0.505422,0.515572,0.527145,0.539752,0.552397,0.564301,0.575485,0.586416,0.596699,0.606756,0.617419,0.629219,0.640137,0.648884,0.65754,0.666108,0.674588
0.437392,0.437355,0.437276,0.437155,0.436994,0.436795,0.436541,0.436186,0.435774,0.435354,0.434865,0.434543,0.43454,0.434544,0.434814,0.434942,0.435008,0.43508,0.435213,0.435834,0.436829,0.438458,0.440924,0.443946,0.446099,0.448407,0.451423,0.454605,0.457602,0.460397,0.463087,0.466229,0.469614,0.47283,0.475909,0.479749,0.483907,0.487244,0.490593,0.494855,0.49998,0.505557,0.510795,0.515652,0.52076,0.526787,0.53267,0.538245,0.544302,0.551104,0.557742,0.564432,0.57147,0.578693,0.585904,0.593082,0.600236,0.607348,0.614213,0.62035,0.626432,0.633404,0.640778,0.647935,0.654519,0.660241,0.666187,0.671409,0.674533,0.678098,0.681864,0.684222,0.68653,0.688498,0.689968,0.691302,0.691512,0.690785,0.690021,0.688965,0.687196,0.685573,0.682171,0.678876,0.675442,0.670734,0.665955,0.661438,0.656649,0.65126,0.644867,0.638285,0.631829,0.625116,0.617267,0.609073,0.601872,0.594433,0.586744,0.578215,0.570706,0.563463,0.556564,0.550272,0.542872,0.537507,0.532138,0.525551,0.518612,0.513626,0.511211,0.508906,0.5076,0.507556,0.508026,0.51039,0.511965,0.51464,0.518748,0.522423,0.529953,0.536029,0.541931,0.546637,0.553677,0.5612,0.568943,0.576189,0.583896,0.593682,0.602818,0.612239,0.621767,0.630856,0.639279,0.649716,0.659941,0.666091,0.673695,0.681216,0.688566,0.695749,0.702858,0.709894,0.716857
0.477607,0.477677,0.477748,0.477816,0.477875,0.477911,0.477919,0.477873,0.477756,0.477613,0.477511,0.477386,0.47724,0.47717,0.477093,0.477007,0.476755,0.476524,0.476373,0.476333,0.476249,0.476272,0.476642,0.477011,0.476808,0.477841,0.478994,0.479607,0.481062,0.483108,0.485089,0.486866,0.48864,0.490476,0.492992,0.496054,0.499398,0.503137,0.506665,0.510243,0.51421,0.518302,0.522524,0.527239,0.532347,0.538001,0.544294,0.5489,0.553649,0.559963,0.566688,0.573541,0.580279,0.586999,0.594308,0.600937,0.607366,0.613791,0.622402,0.631254,0.639806,0.647753,0.655788,0.662591,0.669849,0.676629,0.682642,0.68855,0.694289,0.699521,0.704784,0.709875,0.714787,0.718066,0.72089,0.722739,0.724016,0.725147,0.726033,0.725634,0.7252,0.724636,0.722466,0.720265,0.717742,0.715333,0.712833,0.709686,0.705924,0.702309,0.698062,0.692747,0.687644,0.682112,0.676269,0.670624,0.664152,0.657551,0.650812,0.644059,0.637546,0.630952,0.624335,0.617806,0.611522,0.604629,0.597965,0.593286,0.588982,0.585048,0.582911,0.579649,0.576818,0.576885,0.577052,0.578132,0.580012,0.582056,0.584276,0.586645,0.589492,0.59367,0.598218,0.602763,0.608235,0.613573,0.619755,0.627883,0.632661,0.638868,0.644912,0.650907,0.657183,0.663831,0.668176,0.675738,0.68215,0.685682,0.69149,0.697341,0.70214,0.707012,0.711883,0.716751,0.720712,0.724645,0.728549,0.732425
0.525474,0.52556,0.525658,0.525766,0.525878,0.52601,0.526112,0.52615,0.526173,0.526181,0.526179,0.526165,0.526143,0.526139,0.52619,0.526212,0.526139,0.526059,0.525854,0.525539,0.52488,0.523779,0.523786,0.524534,0.523963,0.523091,0.522871,0.52295,0.523163,0.523411,0.523554,0.52431,0.525708,0.527363,0.529746,0.531193,0.531908,0.533596,0.535358,0.537356,0.539608,0.542854,0.546416,0.550427,0.554561,0.558752,0.562989,0.567812,0.573524,0.579385,0.585289,0.591754,0.598405,0.605082,0.612011,0.619554,0.627295,0.635156,0.643061,0.650925,0.658712,0.666563,0.674341,0.682432,0.690449,0.698295,0.705557,0.711954,0.718148,0.723755,0.729923,0.735802,0.739888,0.743122,0.745755,0.749998,0.754235,0.757445,0.759417,0.761404,0.763143,0.762463,0.761948,0.761614,0.760395,0.759029,0.757391,0.754071,0.750624,0.747933,0.74623,0.744271,0.740833,0.737059,0.733124,0.729243,0.725314,0.720732,0.715887,0.710581,0.705537,0.699457,0.693644,0.688814,0.683898,0.680066,0.67622,0.671879,0.667513,0.663159,0.659533,0.655903,0.653071,0.653084,0.653192,0.653705,0.655018,0.656347,0.658804,0.661602,0.663431,0.66599,0.668835,0.671664,0.674687,0.677496,0.680986,0.684469,0.687913,0.690428,0.692253,0.694666,0.697627,0.700408,0.703039,0.704956,0.705485,0.708075,0.710902,0.713703,0.716414,0.720065,0.723604,0.724535,0.727701,0.730813,0.732659,0.734494,0.736319,0.738134
0.580883,0.580974,0.581067,0.581163,0.581261,0.581323,0.581384,0.581452,0.581458,0.581456,0.581453,0.58145,0.581447,0.581449,0.581462,0.581516,0.58163,0.581663,0.58187,0.582145,0.582502,0.582401,0.582087,0.581201,0.580131,0.579237,0.57836,0.577855,0.577253,0.576854,0.576729,0.576569,0.576497,0.576253,0.576029,0.575811,0.5762,0.576999,0.577852,0.579513,0.581845,0.583947,0.58603,0.588633,0.591159,0.594225,0.597595,0.601922,0.606974,0.611713,0.617305,0.622734,0.628082,0.634718,0.641681,0.649151,0.65678,0.664395,0.672187,0.680792,0.689125,0.697217,0.704877,0.712731,0.72047,0.728045,0.735434,0.742777,0.750122,0.756887,0.76304,0.768867,0.77418,0.777707,0.780983,0.784025,0.787366,0.789687,0.791947,0.793726,0.795261,0.796309,0.796636,0.797123,0.79718,0.796703,0.795674,0.794487,0.793276,0.792,0.790178,0.787778,0.785182,0.782894,0.780429,0.777681,0.774904,0.772101,0.769168,0.766137,0.762996,0.759571,0.756035,0.752228,0.748505,0.744722,0.740385,0.738319,0.733827,0.731256,0.730992,0.729587,0.729124,0.728862,0.728268,0.728347,0.729251,0.730846,0.732656,0.733409,0.73288,0.732621,0.732939,0.733327,0.733007,0.733741,0.734409,0.734687,0.734809,0.734486,0.734915,0.735453,0.735291,0.734997,0.733972,0.733304,0.732565,0.732938,0.733431,0.733918,0.733983,0.733971,0.733944,0.733894,0.733459,0.734071,0.734649,0.735224,0.735796,0.736366
0.628887,0.628936,0.62899,0.629049,0.629111,0.629147,0.629186,0.629211,0.629206,0.629195,0.629114,0.629076,0.62903,0.628996,0.628971,0.628951,0.628955,0.62897,0.628945,0.628977,0.629175,0.629463,0.629764,0.630073,0.630429,0.630475,0.630251,0.630366,0.629929,0.628619,0.626755,0.625328,0.624799,0.624276,0.62372,0.622999,0.622238,0.621918,0.621842,0.622299,0.623071,0.624646,0.626264,0.62775,0.629301,0.631623,0.634745,0.637825,0.641366,0.645928,0.650635,0.656905,0.664133,0.670584,0.676176,0.681286,0.687341,0.694136,0.700859,0.708699,0.71714,0.72552,0.733335,0.740865,0.74818,0.755315,0.762594,0.769664,0.776584,0.783243,0.789339,0.794852,0.799989,0.804712,0.808888,0.812656,0.815813,0.8183,0.820434,0.8223,0.823328,0.823863,0.824461,0.825198,0.825667,0.826246,0.826631,0.826141,0.825451,0.824819,0.82396,0.823039,0.822129,0.82126,0.820294,0.819172,0.818006,0.816671,0.815422,0.814229,0.812717,0.810989,0.80945,0.808053,0.806798,0.805039,0.804247,0.80346,0.802765,0.800721,0.798198,0.797029,0.795353,0.793718,0.792413,0.7909,0.789769,0.788754,0.787755,0.78737,0.786908,0.786498,0.785026,0.783558,0.780831,0.778183,0.775493,0.772931,0.770654,0.767668,0.765351,0.763285,0.760847,0.758156,0.755177,0.753342,0.750982,0.747222,0.744347,0.741994,0.739787,0.737533,0.735575,0.734025,0.732467,0.7309,0.729725,0.728476,0.727229,0.725986,0.724746
0.673183,0.673167,0.673149,0.673129,0.673109,0.673063,0.672997,0.672921,0.672832,0.672739,0.672672,0.672613,0.672561,0.672408,0.672252,0.672129,0.672061,0.672025,0.672022,0.67206,0.672139,0.672238,0.672251,0.672239,0.672197,0.672182,0.672164,0.671889,0.671564,0.671044,0.670979,0.670676,0.670281,0.669986,0.669706,0.669182,0.668514,0.668275,0.668711,0.668056,0.667365,0.667136,0.668103,0.669276,0.670818,0.672286,0.674453,0.677175,0.680403,0.684149,0.687971,0.69238,0.696905,0.701675,0.708185,0.714723,0.721612,0.72845,0.736028,0.743702,0.751246,0.758077,0.764635,0.772139,0.779306,0.785904,0.792636,0.798947,0.804734,0.809991,0.814907,0.819461,0.823761,0.827701,0.830854,0.833612,0.836082,0.837882,0.839295,0.840493,0.841555,0.84251,0.843371,0.843951,0.843934,0.844007,0.843539,0.843331,0.843393,0.843361,0.843202,0.843022,0.842859,0.84268,0.842484,0.842271,0.842016,0.841735,0.841432,0.841074,0.840661,0.840201,0.839772,0.839481,0.839164,0.838472,0.837773,0.837003,0.836393,0.835968,0.835539,0.835104,0.834335,0.833051,0.831673,0.830095,0.828407,0.826761,0.825058,0.822271,0.820389,0.817856,0.814274,0.81171,0.809248,0.804542,0.80061,0.796668,0.792721,0.787903,0.783527,0.777392,0.773271,0.768656,0.763636,0.759361,0.755107,0.750758,0.74749,0.743979,0.741139,0.738373,0.734562,0.7308,0.727256,0.725062,0.722224,0.719382,0.716537,0.71369
0.711668,0.711563,0.711448,0.711323,0.711187,0.711136,0.711081,0.710911,0.710735,0.710511,0.71026,0.710025,0.7098,0.709572,0.709371,0.709221,0.709098,0.708953,0.708869,0.708813,0.708804,0.708833,0.7089,0.70897,0.709038,0.709079,0.709239,0.709405,0.70939,0.709084,0.708602,0.708189,0.707703,0.707619,0.708022,0.708452,0.708032,0.707551,0.707534,0.70829,0.708354,0.707787,0.707151,0.708172,0.709307,0.710747,0.712545,0.714654,0.717048,0.72014,0.723378,0.72669,0.731148,0.737575,0.743966,0.749398,0.754705,0.761425,0.767609,0.773694,0.779606,0.785353,0.791261,0.797418,0.803482,0.809241,0.814658,0.819503,0.824505,0.829219,0.833441,0.836827,0.839797,0.842376,0.844698,0.846673,0.848357,0.849663,0.850609,0.851368,0.851927,0.852263,0.852503,0.85269,0.852961,0.853186,0.853158,0.853063,0.853053,0.853051,0.85308,0.85312,0.853186,0.853303,0.85347,0.853673,0.853839,0.854002,0.854169,0.854322,0.854513,0.854683,0.854804,0.854907,0.854968,0.854975,0.854925,0.854821,0.85463,0.854351,0.853802,0.853215,0.852737,0.851825,0.850634,0.849248,0.847614,0.845413,0.843071,0.840502,0.837169,0.833377,0.829294,0.824916,0.820551,0.815967,0.810955,0.805911,0.800671,0.795384,0.789977,0.784467,0.778865,0.772872,0.767788,0.762858,0.757107,0.75279,0.748383,0.743853,0.738613,0.734225,0.729904,0.726736,0.723068,0.71938,0.715676,0.711955,0.708219
0.746668,0.746498,0.74632,0.746132,0.745935,0.745727,0.745484,0.745151,0.744844,0.74449,0.744099,0.74383,0.743524,0.743272,0.742967,0.742604,0.742263,0.742096,0.741978,0.741876,0.741781,0.741735,0.74174,0.741789,0.741888,0.742011,0.742069,0.742188,0.742333,0.742401,0.742339,0.742257,0.742154,0.742099,0.741861,0.741584,0.741286,0.741853,0.74262,0.743055,0.744241,0.745761,0.747318,0.747538,0.747696,0.747882,0.74916,0.750612,0.753491,0.756601,0.758835,0.762033,0.765623,0.768833,0.773001,0.777174,0.781547,0.78629,0.790971,0.796033,0.801147,0.80606,0.810983,0.815627,0.820207,0.824907,0.829142,0.832874,0.835986,0.838822,0.84177,0.844372,0.84652,0.847989,0.8493,0.850384,0.851225,0.851913,0.852403,0.852638,0.852791,0.852868,0.852905,0.852916,0.852916,0.852903,0.85289,0.852878,0.852813,0.852819,0.852905,0.852965,0.853133,0.85331,0.853437,0.853589,0.853881,0.854162,0.854477,0.854978,0.855416,0.855717,0.856054,0.856454,0.856821,0.857157,0.857452,0.857695,0.857866,0.857939,0.857896,0.85768,0.857287,0.856526,0.855521,0.854277,0.852677,0.850618,0.848307,0.845509,0.842166,0.838628,0.834707,0.830182,0.825683,0.82061,0.814797,0.810128,0.804656,0.798876,0.79316,0.787052,0.780651,0.774067,0.768566,0.762454,0.756195,0.75042,0.744977,0.740398,0.73563,0.731003,0.72752,0.724001,0.720311,0.716599,0.712866,0.709111
0.773358,0.773098,0.772814,0.772505,0.772173,0.771886,0.771528,0.771136,0.770817,0.770374,0.769952,0.769585,0.769245,0.768898,0.768516,0.768156,0.767818,0.767533,0.767284,0.767071,0.766913,0.76683,0.766799,0.766809,0.766853,0.766941,0.767114,0.767378,0.767659,0.767982,0.76818,0.768206,0.768197,0.768817,0.769426,0.769754,0.770317,0.770835,0.771256,0.771497,0.771994,0.77269,0.77354,0.774662,0.775825,0.77714,0.777995,0.778862,0.780389,0.781958,0.783571,0.786231,0.789268,0.791246,0.794234,0.797748,0.80062,0.804321,0.80817,0.811817,0.815526,0.818973,0.822402,0.826126,0.829354,0.83266,0.835711,0.838302,0.84044,0.842257,0.843644,0.844733,0.845807,0.846693,0.847386,0.847856,0.848193,0.848333,0.848477,0.84851,0.848511,0.848506,0.848489,0.848485,0.84847,0.848436,0.848425,0.848561,0.848789,0.848842,0.848823,0.848825,0.849076,0.849156,0.849195,0.849489,0.849808,0.850136,0.85055,0.850956,0.851486,0.852014,0.852746,0.85344,0.854165,0.85489,0.855483,0.855955,0.856267,0.856548,0.856641,0.856518,0.856116,0.855422,0.854427,0.853074,0.851217,0.848867,0.84625,0.843301,0.839914,0.836158,0.832028,0.827345,0.821899,0.816019,0.810496,0.804521,0.79823,0.792569,0.786509,0.780076,0.774038,0.768021,0.761853,0.755823,0.75057,0.74531,0.740562,0.735913,0.73124,0.727434,0.723759,0.720057,0.716329,0.712575
0.791554,0.791313,0.791053,0.790773,0.790475,0.79016,0.789915,0.789544,0.788949,0.788414,0.788061,0.78766,0.787114,0.786713,0.78636,0.786018,0.785682,0.785392,0.785145,0.784938,0.784783,0.784688,0.784654,0.784674,0.784769,0.784951,0.785102,0.785257,0.785507,0.785808,0.786357,0.78697,0.787454,0.787903,0.788429,0.78909,0.789494,0.790049,0.790516,0.791074,0.791893,0.792172,0.792664,0.793237,0.793355,0.793926,0.794468,0.795206,0.796059,0.796841,0.797883,0.79886,0.800131,0.802446,0.803638,0.805089,0.807933,0.81068,0.812481,0.815501,0.818559,0.821482,0.824275,0.827233,0.829938,0.832602,0.83507,0.837237,0.838899,0.840297,0.841428,0.842351,0.842811,0.842985,0.843112,0.843173,0.843195,0.843237,0.843248,0.843247,0.84324,0.843244,0.843254,0.84326,0.843361,0.843316,0.843462,0.84362,0.843653,0.843699,0.843775,0.843823,0.843927,0.84422,0.844404,0.844723,0.845091,0.845611,0.846171,0.846754,0.847266,0.847872,0.848454,0.849209,0.849889,0.85051,0.851193,0.851826,0.852317,0.852735,0.852912,0.852842,0.852529,0.851905,0.850884,0.849439,0.847586,0.84533,0.842681,0.83951,0.835896,0.831852,0.827365,0.82264,0.817472,0.811899,0.806238,0.800641,0.79481,0.78908,0.78286,0.77631,0.770506,0.764947,0.759471,0.754081,0.749028,0.744248,0.739413,0.735078,0.730996,0.726878,0.722719,0.718519,0.71428
0.802974,0.802767,0.802532,0.802272,0.801988,0.801689,0.801323,0.800908,0.800579,0.800167,0.799833,0.799417,0.79899,0.79862,0.798287,0.797987,0.797746,0.797508,0.797322,0.79719,0.797108,0.797105,0.797166,0.797294,0.797517,0.79778,0.798032,0.79837,0.798908,0.799347,0.799802,0.800292,0.800776,0.801293,0.802059,0.802793,0.80331,0.803532,0.803732,0.803944,0.803873,0.803932,0.803892,0.803602,0.803425,0.80303,0.803023,0.80252,0.802383,0.802962,0.803524,0.803917,0.804456,0.804902,0.805356,0.807311,0.808617,0.810224,0.812324,0.815083,0.817049,0.819701,0.822862,0.825503,0.827049,0.828485,0.830468,0.831939,0.833107,0.834081,0.834905,0.835498,0.835925,0.836285,0.836484,0.836543,0.836584,0.836611,0.836614,0.836614,0.836619,0.836643,0.836666,0.836693,0.836734,0.836728,0.836719,0.836849,0.837052,0.83727,0.837474,0.837756,0.838058,0.838355,0.838506,0.838666,0.838968,0.839231,0.839538,0.83987,0.840298,0.840821,0.841312,0.841854,0.842411,0.842937,0.843395,0.843841,0.844212,0.844425,0.844451,0.844262,0.843789,0.842998,0.841865,0.840365,0.838422,0.83609,0.833288,0.830085,0.826605,0.822666,0.818604,0.814062,0.808726,0.802907,0.797438,0.791896,0.786098,0.780245,0.774221,0.768591,0.763072,0.757656,0.752806,0.74785,0.742921,0.738408,0.733837,0.729683,0.726428,0.723142,0.719825,0.716476
0.817764,0.817686,0.817568,0.817408,0.817207,0.816988,0.816813,0.816643,0.816401,0.816129,0.815879,0.815669,0.815501,0.815342,0.815175,0.815038,0.814943,0.814906,0.814921,0.815001,0.815172,0.81537,0.815531,0.815648,0.81602,0.816533,0.817068,0.817618,0.818032,0.818419,0.81896,0.819503,0.81967,0.819947,0.820125,0.820007,0.819618,0.819017,0.818565,0.817962,0.817088,0.815916,0.814565,0.813072,0.811237,0.809119,0.806667,0.805182,0.803737,0.802451,0.800969,0.799648,0.799364,0.797621,0.797882,0.797818,0.797583,0.798257,0.798604,0.799398,0.799847,0.801555,0.803029,0.804147,0.806188,0.807903,0.809477,0.810783,0.812269,0.813677,0.814865,0.815511,0.81609,0.816554,0.816903,0.817168,0.817359,0.81769,0.81785,0.817932,0.818031,0.81813,0.818198,0.818223,0.818224,0.818224,0.818222,0.81824,0.818274,0.81832,0.818378,0.818435,0.818495,0.818607,0.818793,0.818891,0.818947,0.819001,0.819215,0.819482,0.819743,0.819824,0.819926,0.820113,0.820374,0.820615,0.82086,0.821043,0.82115,0.821158,0.821018,0.820682,0.820124,0.819251,0.818078,0.816567,0.814676,0.812417,0.809833,0.807121,0.803826,0.799871,0.795371,0.790744,0.786463,0.781963,0.777251,0.772242,0.766586,0.76071,0.755341,0.750107,0.744987,0.740103,0.735454,0.731274,0.726956,0.722437,0.719394,0.716262,0.713099,0.709906,0.706682
0.851091,0.851141,0.851173,0.851188,0.851187,0.851166,0.851126,0.851091,0.851045,0.851008,0.850985,0.850983,0.851004,0.851058,0.851139,0.851251,0.851427,0.851597,0.851772,0.852188,0.852529,0.852502,0.852561,0.852929,0.853176,0.853045,0.852776,0.852849,0.852728,0.852363,0.851917,0.851262,0.850116,0.848996,0.8476,0.845709,0.843515,0.840868,0.837801,0.834416,0.830845,0.827151,0.822972,0.818894,0.81457,0.809394,0.804151,0.798653,0.794265,0.789231,0.783468,0.7786,0.774872,0.770944,0.766576,0.76189,0.757333,0.752959,0.749114,0.746544,0.744488,0.742543,0.741149,0.741008,0.740989,0.739,0.738553,0.737975,0.73733,0.737489,0.739414,0.74161,0.743755,0.746311,0.749589,0.751657,0.753833,0.756212,0.758171,0.759571,0.760988,0.762361,0.76366,0.764915,0.765957,0.766706,0.767064,0.767249,0.767366,0.767418,0.767423,0.767402,0.767341,0.767291,0.767224,0.767143,0.767109,0.766905,0.76672,0.76665,0.766672,0.76667,0.766648,0.76662,0.76655,0.766588,0.766655,0.766702,0.766723,0.766703,0.766631,0.766529,0.766305,0.765998,0.765531,0.764851,0.763783,0.762337,0.7608,0.75902,0.75663,0.753696,0.750503,0.747695,0.74478,0.741312,0.737428,0.733232,0.728745,0.724043,0.71976,0.715281,0.710721,0.70674,0.703167,0.699516,0.695805,0.692649,0.68997,0.687269,0.68454,0.681783,0.678999
0.86938,0.869593,0.869786,0.869959,0.870114,0.870246,0.87037,0.87051,0.870653,0.870792,0.870898,0.871013,0.871157,0.87132,0.871488,0.871718,0.87195,0.872139,0.87229,0.872413,0.8725,0.872439,0.872145,0.871731,0.871398,0.870921,0.869954,0.868742,0.867497,0.865725,0.863637,0.86116,0.858162,0.854793,0.851004,0.846623,0.841669,0.836132,0.830283,0.823908,0.816904,0.809821,0.802433,0.794865,0.787092,0.779131,0.771274,0.763058,0.754847,0.746797,0.738783,0.731318,0.723371,0.715192,0.706687,0.6998,0.693735,0.688924,0.68294,0.677369,0.672487,0.669012,0.667148,0.66508,0.662553,0.661926,0.662463,0.662983,0.664774,0.667102,0.669319,0.67133,0.673153,0.676411,0.679969,0.683303,0.686712,0.690295,0.694011,0.697706,0.70139,0.704903,0.707972,0.710175,0.712011,0.713672,0.715124,0.716117,0.716884,0.7175,0.717902,0.718191,0.718394,0.718485,0.718526,0.718528,0.718498,0.718442,0.71839,0.718318,0.71824,0.718145,0.718056,0.717976,0.717913,0.717862,0.71784,0.717851,0.717876,0.717901,0.717942,0.717963,0.717648,0.717168,0.71678,0.716693,0.716269,0.715422,0.714274,0.713033,0.711567,0.70987,0.707835,0.705446,0.702779,0.699963,0.696569,0.693128,0.689838,0.68643,0.683274,0.680451,0.677719,0.674568,0.671342,0.669121,0.667006,0.664775,0.662526,0.660254,0.657959,0.655643
0.869109,0.869522,0.86992,0.870303,0.870672,0.871025,0.871345,0.871631,0.871904,0.872172,0.872474,0.872737,0.872996,0.873312,0.873642,0.873922,0.874073,0.874166,0.8742,0.874148,0.874021,0.873668,0.872989,0.872106,0.870848,0.869279,0.86737,0.865143,0.862728,0.859418,0.85572,0.851522,0.846677,0.841336,0.835224,0.828628,0.82149,0.813703,0.805655,0.797148,0.788157,0.779247,0.770046,0.760479,0.750738,0.74082,0.730865,0.720892,0.711544,0.702455,0.692895,0.683398,0.674026,0.66763,0.660549,0.654322,0.64781,0.641108,0.634716,0.630972,0.62746,0.62402,0.621015,0.618569,0.617197,0.616651,0.616354,0.617801,0.619728,0.62151,0.623001,0.624491,0.627328,0.630591,0.634262,0.638265,0.642098,0.645938,0.649833,0.653027,0.655822,0.658411,0.661958,0.665373,0.668371,0.671218,0.673206,0.674984,0.676584,0.677965,0.679097,0.68,0.680769,0.681306,0.681663,0.681957,0.68223,0.682485,0.682668,0.682737,0.682859,0.682981,0.683102,0.683215,0.683332,0.68347,0.683633,0.683808,0.684012,0.684243,0.684488,0.684799,0.685065,0.685171,0.685303,0.68517,0.685017,0.684516,0.684075,0.683517,0.682764,0.681858,0.680663,0.6788,0.676626,0.674651,0.672709,0.670074,0.667938,0.665721,0.662853,0.660489,0.658113,0.65627,0.654633,0.652942,0.651117,0.649322,0.647544,0.645748,0.643935,0.642105
0.8602,0.860618,0.861034,0.861449,0.861862,0.862281,0.862739,0.863288,0.863851,0.864418,0.86501,0.865496,0.865932,0.866331,0.86655,0.866706,0.866802,0.86697,0.86686,0.866404,0.866097,0.865386,0.864383,0.863375,0.861019,0.858245,0.855624,0.852253,0.848429,0.843986,0.838772,0.833064,0.826636,0.819703,0.812106,0.803814,0.795265,0.786164,0.776579,0.766777,0.756743,0.746352,0.735789,0.72526,0.714522,0.703661,0.693251,0.683515,0.673234,0.663296,0.654953,0.648357,0.641894,0.633929,0.625679,0.6175,0.612524,0.607965,0.603355,0.598127,0.593464,0.59201,0.59133,0.59081,0.590569,0.590181,0.590906,0.591647,0.592448,0.593497,0.59452,0.595822,0.597962,0.60108,0.604148,0.606823,0.609396,0.612686,0.616228,0.619442,0.62223,0.62484,0.627172,0.629398,0.632372,0.635737,0.638485,0.640406,0.642173,0.643885,0.645628,0.647191,0.648723,0.649883,0.650747,0.651528,0.652262,0.652886,0.653443,0.653892,0.654347,0.654809,0.655194,0.655605,0.656025,0.656438,0.656848,0.657272,0.657666,0.658089,0.658545,0.658974,0.659371,0.659958,0.66122,0.66221,0.662603,0.662767,0.662649,0.662501,0.661882,0.661347,0.660763,0.659868,0.658888,0.657729,0.656411,0.655088,0.653343,0.651799,0.650546,0.648673,0.647267,0.645869,0.644376,0.643242,0.642269,0.64128,0.640746,0.640209,0.639668,0.639124
0.844243,0.845045,0.84584,0.846627,0.847408,0.848202,0.848892,0.849439,0.850007,0.850631,0.851282,0.851869,0.852401,0.852798,0.8531,0.853071,0.853056,0.853095,0.853068,0.852376,0.851298,0.850083,0.848728,0.847036,0.844209,0.840867,0.837063,0.832842,0.827999,0.822654,0.816366,0.80947,0.802099,0.794099,0.785459,0.776306,0.766797,0.756949,0.746597,0.73583,0.72503,0.71403,0.702807,0.692022,0.682483,0.672592,0.66256,0.653087,0.644219,0.635675,0.627228,0.619108,0.611778,0.605539,0.59945,0.594098,0.589182,0.584521,0.581605,0.57894,0.577272,0.575603,0.573651,0.572138,0.570977,0.571517,0.57282,0.57414,0.57507,0.575835,0.576334,0.576936,0.577748,0.579488,0.581281,0.583175,0.584849,0.587725,0.589853,0.591842,0.594405,0.596666,0.598996,0.600842,0.602521,0.604349,0.606901,0.609663,0.612399,0.614737,0.616795,0.618039,0.619677,0.621648,0.623065,0.624542,0.625601,0.626544,0.627425,0.628224,0.628981,0.6298,0.630492,0.631129,0.631751,0.632503,0.633325,0.634182,0.634887,0.636073,0.637492,0.638563,0.639831,0.641027,0.641802,0.642456,0.643267,0.644009,0.64461,0.645069,0.645083,0.64501,0.644744,0.64421,0.64402,0.643912,0.643504,0.64275,0.64184,0.641289,0.640809,0.640183,0.639475,0.638706,0.638569,0.638292,0.637867,0.637419,0.637372,0.637324,0.637276,0.637228
0.826768,0.827498,0.828229,0.828962,0.829698,0.830416,0.831128,0.831896,0.832656,0.833419,0.834087,0.834733,0.835242,0.835687,0.835938,0.836128,0.83595,0.835599,0.83467,0.833526,0.832192,0.830932,0.829401,0.827498,0.824637,0.821323,0.817616,0.813391,0.806784,0.79894,0.790983,0.783901,0.776318,0.767931,0.75895,0.749437,0.739196,0.728798,0.71886,0.709536,0.699236,0.687602,0.675605,0.665487,0.655891,0.646018,0.637407,0.62896,0.620589,0.612749,0.605628,0.598665,0.592822,0.587329,0.582094,0.578334,0.574814,0.571767,0.569389,0.567415,0.565332,0.56297,0.560858,0.56048,0.560669,0.560555,0.561186,0.562256,0.562691,0.562602,0.562828,0.563465,0.564372,0.564685,0.565044,0.566031,0.567614,0.568334,0.56822,0.569469,0.571366,0.573324,0.575074,0.576951,0.578677,0.580146,0.582494,0.584534,0.586252,0.589071,0.59169,0.593315,0.59549,0.597156,0.598396,0.599841,0.601648,0.602937,0.604151,0.605308,0.606413,0.607529,0.608675,0.609797,0.610833,0.612264,0.613781,0.615008,0.616371,0.618021,0.619628,0.621098,0.622767,0.623971,0.625137,0.626639,0.627835,0.628782,0.629453,0.630294,0.631433,0.632384,0.633075,0.633393,0.633844,0.634271,0.63436,0.634232,0.634003,0.634491,0.634924,0.635163,0.63534,0.635527,0.63632,0.637061,0.63777,0.638227,0.638665,0.639107,0.639551,0.639997
0.807962,0.808463,0.808969,0.80948,0.809997,0.810579,0.811219,0.812226,0.813357,0.813984,0.814574,0.815232,0.815665,0.81604,0.816216,0.816157,0.815896,0.815627,0.815112,0.814216,0.813097,0.811304,0.808921,0.805715,0.800787,0.795561,0.791406,0.786849,0.782536,0.776084,0.768211,0.759928,0.751731,0.743059,0.73359,0.723659,0.713422,0.70308,0.693783,0.683992,0.673801,0.663368,0.652504,0.643039,0.634221,0.626159,0.618026,0.610368,0.602649,0.595419,0.589368,0.583323,0.578588,0.574246,0.56993,0.566882,0.564224,0.561556,0.559425,0.557386,0.55576,0.554404,0.553781,0.553095,0.552312,0.551805,0.551751,0.551683,0.551556,0.5515,0.552472,0.553403,0.553343,0.553232,0.55395,0.554763,0.555379,0.556071,0.556572,0.556555,0.556476,0.556891,0.558599,0.560154,0.561265,0.562999,0.564685,0.566173,0.567887,0.570221,0.572226,0.574194,0.576714,0.57873,0.579842,0.580939,0.582191,0.583729,0.585228,0.586799,0.588163,0.589556,0.591114,0.5927,0.594268,0.596226,0.598234,0.600055,0.601597,0.60362,0.605592,0.60725,0.609363,0.61075,0.611941,0.61409,0.616195,0.618009,0.619762,0.621575,0.62296,0.624191,0.625465,0.626609,0.628187,0.629207,0.629991,0.63072,0.631412,0.63256,0.633936,0.635211,0.636196,0.637167,0.638544,0.640022,0.641659,0.643479,0.644855,0.646235,0.647619,0.649007
0.789052,0.789694,0.790341,0.790994,0.791654,0.792311,0.792983,0.793388,0.793777,0.794148,0.794544,0.795177,0.795621,0.795982,0.796021,0.795759,0.795501,0.794586,0.793293,0.791506,0.790867,0.789707,0.787372,0.784771,0.780926,0.775947,0.77059,0.765619,0.759206,0.752164,0.744563,0.736547,0.728041,0.719347,0.710231,0.700716,0.690692,0.680697,0.671024,0.661484,0.651712,0.642259,0.633297,0.624509,0.616796,0.609108,0.601394,0.594444,0.587609,0.581487,0.576842,0.572204,0.568246,0.564785,0.561312,0.558183,0.556402,0.5546,0.552848,0.551379,0.55009,0.549219,0.548275,0.547093,0.546364,0.546133,0.546797,0.546637,0.546254,0.546253,0.54629,0.546063,0.545887,0.545987,0.545743,0.545804,0.546533,0.547078,0.547384,0.547612,0.547943,0.548364,0.548722,0.549074,0.550506,0.551777,0.552709,0.554127,0.55566,0.556456,0.557482,0.558902,0.559594,0.561456,0.563486,0.565115,0.566876,0.568395,0.569848,0.5714,0.57328,0.575193,0.577165,0.579114,0.581115,0.583028,0.584783,0.587033,0.589126,0.591233,0.5936,0.595961,0.598411,0.602178,0.605243,0.607752,0.608747,0.610753,0.613668,0.616022,0.617962,0.619734,0.621373,0.622893,0.624708,0.626423,0.627995,0.629341,0.630815,0.63278,0.635452,0.637888,0.639992,0.641601,0.643395,0.645994,0.648695,0.651413,0.65415,0.656887,0.659624,0.66236
0.772232,0.772504,0.77278,0.773061,0.773347,0.773628,0.773824,0.774227,0.774646,0.774824,0.775002,0.775395,0.77555,0.775602,0.775188,0.775062,0.774869,0.774292,0.773552,0.77247,0.770063,0.767303,0.764735,0.761861,0.75827,0.754365,0.749608,0.744101,0.737883,0.730904,0.723441,0.71578,0.707574,0.698861,0.689784,0.680702,0.671671,0.66202,0.652469,0.643272,0.633836,0.624469,0.617117,0.609665,0.601929,0.594462,0.587094,0.581579,0.576381,0.570943,0.566228,0.563238,0.560255,0.557175,0.554756,0.553309,0.551589,0.549716,0.548604,0.547676,0.546855,0.546034,0.545758,0.545465,0.54489,0.544067,0.543326,0.542995,0.54297,0.542543,0.541933,0.541574,0.541671,0.541273,0.540714,0.540777,0.541252,0.541605,0.542034,0.54294,0.543227,0.543236,0.543266,0.54393,0.544512,0.545007,0.546081,0.547237,0.547917,0.548385,0.549219,0.550329,0.551412,0.552537,0.554151,0.555843,0.557426,0.558967,0.560529,0.562464,0.56438,0.566195,0.56852,0.570789,0.573006,0.575309,0.577774,0.580171,0.582573,0.58568,0.589283,0.591924,0.594812,0.597237,0.599812,0.602538,0.604897,0.607276,0.610033,0.613216,0.615829,0.618025,0.619923,0.621734,0.624033,0.626662,0.628931,0.631045,0.633581,0.636399,0.639129,0.642109,0.645411,0.6484,0.65098,0.65379,0.656873,0.659941,0.663024,0.666104,0.669181,0.672254
0.755531,0.755593,0.755656,0.755721,0.755787,0.755846,0.755812,0.755941,0.756113,0.756001,0.755869,0.756019,0.755977,0.75581,0.755217,0.754828,0.75414,0.753036,0.751771,0.750411,0.748807,0.746868,0.744087,0.7414,0.737653,0.733504,0.728967,0.723975,0.718516,0.712102,0.705413,0.69855,0.690448,0.681738,0.67372,0.665322,0.656585,0.647906,0.638945,0.629771,0.621977,0.614383,0.606766,0.599731,0.592889,0.58587,0.579837,0.574181,0.568927,0.565132,0.561036,0.557948,0.554667,0.551612,0.549932,0.548482,0.547106,0.545959,0.544891,0.544054,0.543454,0.542719,0.542163,0.542081,0.541943,0.541047,0.540379,0.540292,0.540122,0.539948,0.539757,0.539785,0.539728,0.539647,0.53964,0.539797,0.539844,0.5401,0.540523,0.541124,0.541478,0.54157,0.541959,0.542247,0.542408,0.54288,0.543813,0.544605,0.545249,0.545994,0.546887,0.54771,0.54847,0.549303,0.550501,0.551767,0.553393,0.554785,0.556114,0.558043,0.560176,0.56213,0.564285,0.56645,0.568716,0.570938,0.573258,0.576114,0.578696,0.58123,0.584269,0.587099,0.589605,0.59208,0.594926,0.598487,0.602034,0.604821,0.607298,0.609895,0.612628,0.615854,0.619174,0.622349,0.624888,0.627492,0.630793,0.633631,0.636441,0.639552,0.642928,0.646102,0.649494,0.65323,0.656948,0.660659,0.664178,0.667785,0.671895,0.676181,0.680453,0.684708,0.688946
0.740161,0.740067,0.739971,0.739872,0.73977,0.739656,0.739392,0.739247,0.739119,0.738791,0.738395,0.738232,0.73801,0.737415,0.736808,0.736321,0.735839,0.73525,0.734261,0.732319,0.730114,0.727865,0.725598,0.722049,0.71793,0.714112,0.709938,0.705301,0.699826,0.693735,0.68741,0.680704,0.673832,0.665618,0.657766,0.650322,0.642801,0.634381,0.626235,0.617926,0.609883,0.602658,0.595433,0.588234,0.581684,0.575919,0.570111,0.56521,0.561552,0.557895,0.554652,0.552027,0.549365,0.546623,0.545047,0.543655,0.542386,0.541356,0.540792,0.540083,0.539391,0.539174,0.538908,0.539015,0.539102,0.539094,0.539013,0.539166,0.539579,0.539911,0.540017,0.539996,0.540151,0.540584,0.540941,0.541215,0.541394,0.541688,0.542012,0.542718,0.543268,0.544037,0.544688,0.545237,0.545786,0.546348,0.546748,0.547217,0.548236,0.549295,0.550202,0.551287,0.552368,0.553504,0.55473,0.555964,0.55711,0.558567,0.560234,0.561881,0.563505,0.565726,0.567996,0.57025,0.572201,0.574467,0.576805,0.579123,0.581412,0.584393,0.587191,0.589669,0.592203,0.59519,0.598328,0.601678,0.605074,0.608403,0.6115,0.614187,0.617113,0.620226,0.623893,0.627293,0.629994,0.632607,0.635565,0.638991,0.642355,0.645649,0.649048,0.652923,0.657206,0.661703,0.666131,0.670662,0.67512,0.678807,0.682989,0.68775,0.692486,0.697195,0.701878
0.724826,0.724589,0.724345,0.724092,0.723831,0.723499,0.723055,0.722737,0.722393,0.721957,0.721491,0.721166,0.720415,0.719662,0.719007,0.717819,0.716496,0.715781,0.71458,0.713366,0.712128,0.710095,0.70754,0.704674,0.701202,0.697323,0.693043,0.688781,0.684095,0.678124,0.671849,0.66605,0.65979,0.651745,0.643204,0.636321,0.629288,0.621886,0.614168,0.606413,0.599297,0.592094,0.584972,0.578821,0.57275,0.566972,0.562509,0.558331,0.554137,0.551174,0.548497,0.545962,0.543602,0.542206,0.541037,0.539762,0.53896,0.538445,0.537897,0.537483,0.537302,0.537084,0.537372,0.537703,0.538052,0.538802,0.53944,0.539902,0.540192,0.540915,0.541527,0.542068,0.542597,0.542996,0.543985,0.544993,0.545949,0.546761,0.547417,0.547925,0.548822,0.549802,0.550725,0.551765,0.552736,0.553562,0.554235,0.555071,0.556044,0.557016,0.558158,0.559564,0.561012,0.562321,0.563615,0.565016,0.566569,0.568097,0.56956,0.5711,0.572861,0.57463,0.576382,0.578288,0.580329,0.582558,0.584818,0.587128,0.589731,0.592381,0.594802,0.597506,0.600488,0.603129,0.605783,0.608797,0.612104,0.6157,0.618815,0.621664,0.624897,0.628019,0.631126,0.634356,0.637166,0.640023,0.642955,0.646685,0.650527,0.654538,0.658708,0.662935,0.667007,0.671525,0.676041,0.6803,0.684562,0.689379,0.694506,0.699316,0.704103,0.708865,0.713601
0.710625,0.710259,0.709878,0.709481,0.709069,0.708656,0.70822,0.707779,0.707349,0.706887,0.706346,0.705837,0.705176,0.704481,0.703442,0.702361,0.701309,0.699931,0.698518,0.697008,0.69534,0.693503,0.691473,0.688918,0.685473,0.681702,0.677583,0.673311,0.668713,0.6641,0.659316,0.653393,0.646849,0.639837,0.632526,0.625232,0.618084,0.610927,0.603636,0.596413,0.589511,0.582826,0.576597,0.570676,0.565011,0.560281,0.555702,0.551545,0.548249,0.545147,0.542455,0.540531,0.538752,0.537754,0.536873,0.536312,0.53579,0.535614,0.535441,0.535305,0.53536,0.535795,0.536539,0.537324,0.538156,0.538818,0.540038,0.541294,0.54237,0.543414,0.545067,0.546551,0.547848,0.548765,0.549552,0.551036,0.552731,0.554128,0.555194,0.55631,0.557433,0.558388,0.55967,0.560959,0.562159,0.563745,0.565193,0.566495,0.567736,0.568917,0.570268,0.571561,0.572853,0.574362,0.576154,0.577836,0.579463,0.581186,0.583037,0.584844,0.586674,0.588461,0.590453,0.592433,0.594404,0.596396,0.598455,0.60073,0.603079,0.605278,0.607776,0.610493,0.61269,0.614739,0.617549,0.620379,0.62319,0.626353,0.629147,0.632198,0.635029,0.637129,0.639647,0.64316,0.647447,0.65045,0.654041,0.657562,0.661165,0.664707,0.668273,0.671961,0.675618,0.680525,0.685765,0.691032,0.695793,0.700541,0.705616,0.710913,0.716174,0.721396,0.72658
0.696878,0.696448,0.695996,0.695523,0.695027,0.694612,0.694172,0.693664,0.693246,0.692791,0.692184,0.691465,0.69059,0.68957,0.688532,0.687728,0.686731,0.685613,0.684321,0.682251,0.680365,0.678334,0.675992,0.673922,0.671756,0.669149,0.665716,0.661785,0.657477,0.652797,0.647734,0.642223,0.635999,0.629431,0.622597,0.615808,0.608787,0.601818,0.594966,0.58782,0.581151,0.575235,0.569218,0.563156,0.557951,0.553323,0.548875,0.545437,0.542332,0.539556,0.53746,0.53569,0.534382,0.533185,0.532649,0.53279,0.532796,0.532733,0.532661,0.533482,0.534466,0.53541,0.536308,0.537718,0.539334,0.541113,0.54294,0.544675,0.546552,0.548368,0.550226,0.552622,0.555102,0.556253,0.557492,0.559558,0.561479,0.563297,0.565349,0.567214,0.568777,0.570312,0.571817,0.573179,0.57494,0.576617,0.578661,0.580612,0.582394,0.583908,0.585531,0.587307,0.588971,0.590741,0.592501,0.594273,0.596219,0.598361,0.600397,0.602425,0.604511,0.606629,0.608712,0.610813,0.612903,0.615107,0.617159,0.619246,0.621507,0.62376,0.626082,0.628485,0.631016,0.633469,0.635127,0.636929,0.638975,0.64157,0.644708,0.647904,0.651073,0.654608,0.657357,0.659909,0.662366,0.665052,0.666948,0.669585,0.672378,0.675462,0.678629,0.682762,0.687695,0.692727,0.697631,0.702305,0.706985,0.711714,0.716623,0.721537,0.726418,0.731265,0.736077
0.681996,0.681641,0.68127,0.680881,0.680473,0.680008,0.679515,0.678998,0.678271,0.677371,0.676635,0.676064,0.675415,0.674706,0.673891,0.672833,0.671675,0.670829,0.669622,0.668112,0.666219,0.664202,0.662149,0.65992,0.657337,0.654715,0.651659,0.648183,0.644761,0.641072,0.63635,0.631213,0.625695,0.61982,0.61358,0.607328,0.600988,0.594462,0.587856,0.581547,0.575242,0.568773,0.562908,0.557157,0.551259,0.546555,0.543046,0.539482,0.536116,0.534092,0.532064,0.530053,0.528892,0.528617,0.528369,0.528519,0.529236,0.53072,0.532105,0.533375,0.534743,0.536521,0.538291,0.540598,0.542826,0.544828,0.547544,0.550589,0.553796,0.55648,0.558994,0.561351,0.563575,0.5661,0.568856,0.571447,0.573772,0.575851,0.577828,0.580401,0.583069,0.585356,0.58751,0.589437,0.591238,0.592871,0.595031,0.59699,0.599149,0.601328,0.603435,0.605598,0.607649,0.609785,0.61197,0.614035,0.616229,0.618463,0.620703,0.623127,0.625633,0.628056,0.630525,0.633079,0.635519,0.637837,0.640003,0.642197,0.644407,0.646639,0.648984,0.651066,0.652949,0.655415,0.658052,0.66173,0.664028,0.665798,0.667593,0.669886,0.672113,0.674945,0.676488,0.678197,0.680786,0.683618,0.686165,0.688082,0.690116,0.692455,0.695986,0.699372,0.701591,0.704526,0.708039,0.712102,0.716169,0.720816,0.725712,0.731379,0.737004,0.742587,0.748126
0.668579,0.668213,0.667823,0.667407,0.666964,0.666496,0.666016,0.665534,0.665017,0.664459,0.663743,0.662955,0.662098,0.66136,0.660603,0.659674,0.658701,0.657626,0.656373,0.655077,0.65362,0.651713,0.649884,0.647833,0.645546,0.642882,0.639932,0.636352,0.632938,0.629205,0.624856,0.620173,0.615143,0.610385,0.605071,0.599183,0.592873,0.586781,0.580736,0.574361,0.5684,0.562707,0.556793,0.550913,0.546359,0.541647,0.537469,0.534054,0.530656,0.527809,0.526204,0.525044,0.524195,0.52393,0.524252,0.524964,0.526487,0.528136,0.530699,0.532986,0.535618,0.53901,0.54223,0.545025,0.548245,0.551898,0.555684,0.559315,0.563121,0.566994,0.57104,0.574087,0.577302,0.580635,0.58368,0.586582,0.589539,0.592174,0.595002,0.598041,0.600741,0.603549,0.606113,0.608397,0.610528,0.612703,0.61477,0.617092,0.619738,0.622199,0.624682,0.627184,0.629596,0.632147,0.634579,0.636999,0.639641,0.64216,0.644703,0.647564,0.650358,0.653041,0.655583,0.658269,0.66091,0.66353,0.666129,0.668462,0.670818,0.673374,0.676311,0.679326,0.682148,0.684721,0.687031,0.688926,0.691314,0.693124,0.694427,0.696684,0.698574,0.700362,0.701445,0.702226,0.704063,0.70547,0.706656,0.708295,0.710264,0.712624,0.715255,0.716775,0.719214,0.721759,0.724566,0.728955,0.732761,0.737012,0.74222,0.747392,0.752523,0.757613
0.653753,0.653495,0.653212,0.652905,0.652573,0.652211,0.651775,0.651295,0.65075,0.650179,0.649552,0.648913,0.64822,0.647433,0.646636,0.645794,0.644962,0.644151,0.643241,0.642175,0.640752,0.639091,0.637349,0.635575,0.633546,0.631274,0.62874,0.625829,0.622048,0.617887,0.614015,0.610343,0.606283,0.601886,0.59697,0.591534,0.585623,0.579281,0.573278,0.567281,0.561082,0.555319,0.549992,0.544423,0.539542,0.535504,0.531401,0.527808,0.525122,0.523027,0.521477,0.520286,0.520791,0.521388,0.522049,0.522707,0.524395,0.527088,0.530461,0.534798,0.539207,0.543074,0.547387,0.551813,0.556498,0.560652,0.565399,0.569586,0.573323,0.577647,0.583691,0.588917,0.593129,0.596802,0.600555,0.604475,0.607963,0.611245,0.614464,0.617466,0.620237,0.622761,0.6254,0.628351,0.631194,0.633593,0.635821,0.638399,0.641096,0.643667,0.646378,0.64913,0.651736,0.654539,0.657234,0.65996,0.662808,0.665525,0.66833,0.67118,0.67397,0.67685,0.679609,0.682308,0.685063,0.688133,0.691149,0.694022,0.696663,0.69953,0.702571,0.705667,0.708142,0.710631,0.713173,0.715768,0.71773,0.719998,0.722617,0.724951,0.726231,0.727548,0.728966,0.730318,0.731573,0.732944,0.734123,0.735008,0.736538,0.737603,0.738534,0.740171,0.742416,0.744757,0.747328,0.749685,0.751935,0.754959,0.75798,0.760993,0.763996
0.640051,0.639937,0.639793,0.639618,0.639409,0.639158,0.638869,0.638556,0.63819,0.63778,0.637319,0.636788,0.63622,0.635641,0.634985,0.634226,0.633386,0.632423,0.63121,0.630087,0.628981,0.627757,0.626356,0.624919,0.623204,0.62114,0.618772,0.616289,0.613513,0.610354,0.606937,0.603283,0.599215,0.594668,0.589982,0.584956,0.580198,0.575,0.569681,0.56414,0.558332,0.552192,0.546452,0.541282,0.535923,0.531479,0.527723,0.524337,0.521947,0.520038,0.519369,0.519527,0.519869,0.520666,0.522821,0.525007,0.527998,0.531213,0.534461,0.540915,0.547384,0.552255,0.556542,0.562657,0.568487,0.5743,0.579945,0.584716,0.590124,0.595509,0.600733,0.605297,0.609709,0.614075,0.618936,0.62312,0.627043,0.630653,0.634046,0.63728,0.640711,0.643937,0.647014,0.649848,0.652504,0.655203,0.657723,0.660336,0.663064,0.665657,0.668534,0.671407,0.674158,0.677091,0.679991,0.6829,0.685894,0.688765,0.69182,0.694909,0.697923,0.701093,0.70426,0.707358,0.71062,0.713511,0.716551,0.719614,0.722574,0.725528,0.728261,0.730993,0.733863,0.736416,0.738988,0.741586,0.744093,0.746443,0.748869,0.751125,0.753099,0.754825,0.756479,0.757925,0.759543,0.761111,0.762473,0.763603,0.764594,0.765158,0.765581,0.765988,0.766558,0.767273,0.76765,0.768219,0.769597,0.770984,0.772377,0.773776
0.627959,0.628066,0.628141,0.628182,0.628191,0.628163,0.62809,0.627975,0.627807,0.62758,0.627316,0.627036,0.626693,0.626282,0.625772,0.625161,0.624429,0.623524,0.622501,0.621499,0.620361,0.61917,0.617831,0.616327,0.614663,0.613158,0.611467,0.609694,0.607273,0.604555,0.602564,0.600435,0.595776,0.590473,0.586389,0.581992,0.577419,0.572789,0.567585,0.561999,0.556382,0.551467,0.546601,0.541539,0.536706,0.532495,0.528938,0.525725,0.523735,0.522674,0.521706,0.522411,0.523944,0.525496,0.527266,0.532064,0.537623,0.543137,0.54831,0.553438,0.558793,0.565118,0.57148,0.577715,0.584213,0.590727,0.596979,0.602754,0.608185,0.613485,0.618002,0.622097,0.626153,0.631189,0.636118,0.641447,0.645663,0.649731,0.653582,0.657208,0.66103,0.664858,0.668071,0.670442,0.672635,0.675704,0.678645,0.681477,0.684345,0.687055,0.689934,0.692777,0.695486,0.698462,0.701445,0.704415,0.707636,0.710724,0.713854,0.717051,0.719918,0.723023,0.726156,0.729213,0.732368,0.735517,0.738611,0.741638,0.744634,0.747516,0.750287,0.75308,0.756026,0.758827,0.761572,0.7643,0.766746,0.769356,0.771951,0.774327,0.776238,0.77816,0.780053,0.7817,0.783164,0.784644,0.786119,0.78653,0.786758,0.787419,0.787496,0.787625,0.787886,0.788024,0.787957,0.787897,0.787836,0.787774,0.787712
0.617709,0.618181,0.61861,0.618996,0.619338,0.619634,0.619877,0.620061,0.620179,0.620225,0.620193,0.620093,0.619918,0.619652,0.619271,0.618853,0.618399,0.617903,0.617337,0.616749,0.615923,0.614984,0.613881,0.612663,0.611301,0.609712,0.608005,0.606492,0.604741,0.602702,0.600266,0.596969,0.593513,0.58974,0.585903,0.582221,0.578398,0.574006,0.569182,0.56445,0.559931,0.555277,0.551088,0.547215,0.542963,0.539077,0.536304,0.534039,0.532004,0.532245,0.532673,0.533133,0.534885,0.539121,0.543532,0.548837,0.554781,0.560679,0.566502,0.571881,0.578385,0.584901,0.591614,0.598975,0.60618,0.613187,0.619871,0.626019,0.631886,0.63793,0.643292,0.648545,0.65396,0.659628,0.663768,0.667262,0.670792,0.673965,0.677361,0.680646,0.683541,0.687504,0.690549,0.693329,0.696018,0.698714,0.701526,0.70393,0.706004,0.708557,0.7113,0.713857,0.716331,0.719117,0.721906,0.724986,0.728012,0.731076,0.733928,0.736683,0.739439,0.742547,0.745582,0.748619,0.751693,0.754728,0.75765,0.760508,0.763391,0.766275,0.769052,0.771824,0.774607,0.777395,0.780237,0.783047,0.785596,0.788113,0.790326,0.792319,0.794333,0.796361,0.797902,0.799248,0.80041,0.801513,0.80252,0.803491,0.803752,0.803423,0.803019,0.802247,0.8016,0.801676,0.801754,0.801833,0.801914
0.616211,0.617063,0.617866,0.61862,0.619324,0.61996,0.620541,0.621055,0.62149,0.621858,0.622152,0.622351,0.622486,0.622505,0.622408,0.62217,0.621875,0.6215,0.621133,0.620719,0.620088,0.619282,0.618339,0.617323,0.616435,0.615408,0.614148,0.612585,0.610807,0.609036,0.605975,0.603733,0.60145,0.599322,0.597126,0.593286,0.588509,0.584067,0.580089,0.575972,0.573479,0.570884,0.567264,0.564089,0.560841,0.558029,0.55711,0.556481,0.555929,0.556727,0.558488,0.560284,0.563382,0.568211,0.573057,0.576471,0.582548,0.590124,0.597597,0.603983,0.610327,0.617577,0.624901,0.63205,0.638953,0.645783,0.65238,0.658519,0.664481,0.670738,0.677655,0.683557,0.688074,0.692291,0.694481,0.697874,0.702089,0.705143,0.707757,0.709591,0.7113,0.71345,0.716117,0.718521,0.720657,0.723729,0.726214,0.728373,0.730147,0.732473,0.73452,0.736507,0.738812,0.741093,0.744152,0.747144,0.749132,0.751067,0.754083,0.757221,0.760181,0.763113,0.765811,0.768687,0.771517,0.774317,0.777059,0.779873,0.782996,0.785962,0.788771,0.791473,0.793845,0.796385,0.79865,0.800895,0.803084,0.804814,0.806285,0.807967,0.809628,0.811057,0.811781,0.81243,0.813025,0.813709,0.81388,0.813882,0.813467,0.812502,0.811468,0.810407,0.80932,0.808208
0.629147,0.630433,0.631662,0.632836,0.633953,0.634988,0.635944,0.63676,0.637525,0.638253,0.638892,0.63939,0.639754,0.640002,0.640165,0.640239,0.640213,0.640074,0.63981,0.639414,0.638936,0.638379,0.637807,0.63708,0.636242,0.635333,0.634187,0.632877,0.631675,0.630622,0.629344,0.627181,0.625742,0.624061,0.622121,0.620589,0.619123,0.61673,0.614045,0.61223,0.609505,0.606329,0.603664,0.601455,0.59884,0.597125,0.597578,0.598337,0.599256,0.60081,0.604219,0.607809,0.611422,0.614077,0.616953,0.621975,0.628229,0.634275,0.63991,0.645628,0.6514,0.657253,0.66365,0.670075,0.676247,0.682234,0.687365,0.692227,0.696185,0.699944,0.703989,0.70769,0.711382,0.715876,0.720578,0.723742,0.726195,0.728343,0.730583,0.73231,0.733669,0.735442,0.736876,0.738193,0.740006,0.741717,0.743342,0.745145,0.746991,0.748765,0.750258,0.75222,0.754091,0.756216,0.758409,0.760381,0.762313,0.764118,0.766615,0.769635,0.772577,0.774878,0.777169,0.779441,0.781997,0.784579,0.78709,0.789522,0.792368,0.794859,0.797155,0.799348,0.801531,0.803412,0.805167,0.806911,0.80858,0.810072,0.811297,0.812442,0.813565,0.814533,0.814971,0.815361,0.815291,0.814954,0.814563,0.813673,0.812757,0.811819,0.810857
0.656754,0.658213,0.659615,0.660959,0.662245,0.663464,0.664621,0.665714,0.666728,0.667655,0.668457,0.66916,0.669753,0.670249,0.670636,0.670915,0.671085,0.671131,0.671066,0.670898,0.670679,0.670349,0.669971,0.669534,0.668871,0.668285,0.667781,0.666843,0.665859,0.665213,0.664592,0.66375,0.662948,0.662141,0.661204,0.660417,0.659996,0.659399,0.658142,0.6576,0.657413,0.65745,0.657498,0.657936,0.65815,0.658604,0.658879,0.658603,0.657879,0.657075,0.660075,0.664056,0.666692,0.670432,0.674542,0.678115,0.681705,0.686391,0.692619,0.696129,0.698461,0.702903,0.707177,0.711455,0.715507,0.720217,0.727737,0.731705,0.734037,0.736149,0.738888,0.741699,0.743789,0.745085,0.746533,0.748055,0.749783,0.751045,0.752063,0.753057,0.753777,0.754388,0.755373,0.756061,0.756693,0.758029,0.758799,0.759453,0.760689,0.76197,0.763249,0.76488,0.766481,0.768064,0.76993,0.771765,0.773529,0.775183,0.776918,0.77897,0.781125,0.783146,0.785176,0.787338,0.789502,0.791725,0.79393,0.796096,0.79791,0.799729,0.801554,0.80336,0.804853,0.806212,0.80755,0.808799,0.809822,0.810663,0.811483,0.812073,0.812407,0.812674,0.812239,0.81169,0.811127,0.810549,0.809958
0.698921,0.700365,0.701769,0.703129,0.704443,0.705686,0.706879,0.708052,0.709141,0.710136,0.711043,0.711868,0.712563,0.713128,0.713522,0.713845,0.714083,0.714243,0.71432,0.714319,0.714251,0.714078,0.713865,0.713724,0.713581,0.713398,0.713219,0.712995,0.712581,0.712512,0.712297,0.711969,0.712362,0.712769,0.713189,0.71354,0.713689,0.713955,0.715009,0.716961,0.718916,0.718864,0.717986,0.716556,0.716539,0.715657,0.715347,0.71702,0.718171,0.720273,0.722946,0.725135,0.72653,0.726255,0.726114,0.727327,0.729335,0.731817,0.735278,0.738606,0.741301,0.743856,0.746719,0.749504,0.75211,0.754015,0.7558,0.757633,0.759511,0.760853,0.76176,0.762809,0.763389,0.763839,0.76462,0.764965,0.765212,0.76571,0.765842,0.765845,0.765859,0.765889,0.765779,0.765939,0.766073,0.766289,0.766749,0.767191,0.76792,0.768534,0.769445,0.770615,0.771396,0.772523,0.773676,0.77494,0.776235,0.777568,0.779214,0.780821,0.782388,0.78409,0.785788,0.787369,0.789247,0.79107,0.792714,0.79436,0.795758,0.797052,0.798386,0.799727,0.800754,0.801766,0.802692,0.803424,0.803888,0.804252,0.804352,0.804171,0.803986,0.803797,0.803603
0.737876,0.739173,0.740446,0.741694,0.742915,0.744085,0.7452,0.746325,0.7473,0.748231,0.74911,0.74994,0.750707,0.751468,0.752091,0.75247,0.752743,0.752902,0.752989,0.753034,0.753039,0.753031,0.752988,0.752828,0.752589,0.752848,0.753226,0.753565,0.753851,0.754152,0.75464,0.755574,0.756511,0.757412,0.758216,0.758682,0.759094,0.759252,0.759044,0.758852,0.759228,0.759936,0.760654,0.761139,0.761713,0.761355,0.76045,0.759508,0.758697,0.759311,0.759973,0.759984,0.761889,0.763819,0.765061,0.766125,0.76627,0.767182,0.768121,0.769074,0.770237,0.771273,0.772229,0.773121,0.773915,0.774555,0.774749,0.774839,0.7751,0.775391,0.775516,0.775137,0.774813,0.774383,0.77346,0.772486,0.772195,0.772076,0.771918,0.771482,0.770923,0.770193,0.76973,0.769651,0.769463,0.769438,0.769465,0.769507,0.769991,0.77054,0.770999,0.771591,0.772351,0.773346,0.774404,0.775477,0.776504,0.7774,0.778574,0.779838,0.780937,0.782386,0.783698,0.78481,0.786188,0.787363,0.788426,0.789535,0.790682,0.791802,0.792684,0.79343,0.794037,0.794547,0.794693,0.794841,0.794992,0.795146
0.773112,0.774296,0.775467,0.776624,0.777762,0.778878,0.779836,0.780705,0.781537,0.782507,0.783528,0.784445,0.785056,0.785576,0.786035,0.786268,0.786371,0.786456,0.78647,0.786451,0.786444,0.786417,0.786469,0.786601,0.78676,0.787064,0.787526,0.788232,0.788575,0.788755,0.788947,0.789162,0.789912,0.79028,0.790167,0.790386,0.790838,0.790705,0.790638,0.790576,0.789636,0.788662,0.787747,0.787152,0.786576,0.786031,0.785762,0.785491,0.784837,0.783878,0.783543,0.783849,0.784134,0.784392,0.78409,0.783743,0.783847,0.784082,0.78398,0.783451,0.782766,0.782826,0.782566,0.782233,0.781912,0.781477,0.780741,0.780042,0.779269,0.778145,0.777479,0.77668,0.775639,0.77457,0.773487,0.77294,0.772113,0.771138,0.770356,0.769709,0.769455,0.769203,0.768876,0.768548,0.768393,0.76836,0.768447,0.768615,0.768988,0.769299,0.769613,0.770312,0.770898,0.771475,0.77249,0.773346,0.774122,0.775136,0.776101,0.777011,0.778044,0.778868,0.779745,0.780727,0.781619,0.782423,0.782981,0.783353,0.783733,0.784121,0.784516
0.799038,0.800026,0.801002,0.801967,0.802918,0.803834,0.804709,0.805687,0.806453,0.806849,0.806975,0.807115,0.807493,0.807769,0.80794,0.808063,0.808197,0.807731,0.807366,0.807046,0.806787,0.806625,0.806575,0.806593,0.806667,0.806756,0.807064,0.807134,0.807216,0.807351,0.807373,0.807079,0.806721,0.806306,0.805604,0.804691,0.803892,0.803226,0.802628,0.801907,0.801265,0.800424,0.799524,0.79819,0.79717,0.796103,0.795028,0.794165,0.792988,0.791737,0.791083,0.79045,0.78968,0.788764,0.787907,0.787012,0.78608,0.785306,0.784789,0.784165,0.783236,0.782367,0.781471,0.780425,0.779229,0.778022,0.777061,0.775768,0.774702,0.773724,0.772681,0.771605,0.770674,0.769753,0.76904,0.768399,0.767826,0.767315,0.766819,0.766412,0.766002,0.76566,0.765515,0.76543,0.765426,0.765424,0.76554,0.765697,0.766001,0.766407,0.76682,0.767384,0.767823,0.768273,0.768856,0.769452,0.769974,0.770773,0.771471,0.771966,0.772523,0.773091,0.773668,0.774256
0.816093,0.815849,0.815605,0.815361,0.815118,0.814919,0.814916,0.814571,0.814416,0.813891,0.813469,0.812805,0.81192,0.811424,0.811065,0.810795,0.810626,0.810835,0.811037,0.811257,0.811132,0.811029,0.810999,0.811003,0.810999,0.810979,0.810833,0.810573,0.810285,0.809862,0.80922,0.808686,0.807833,0.806803,0.805716,0.804421,0.803159,0.801859,0.800507,0.799137,0.797925,0.796653,0.795201,0.793896,0.792455,0.791226,0.790153,0.788819,0.787428,0.786165,0.784963,0.783747,0.78268,0.781346,0.779757,0.778747,0.777688,0.776582,0.775528,0.77447,0.773395,0.772295,0.771222,0.770011,0.768859,0.768139,0.76723,0.765944,0.765302,0.764788,0.764283,0.763694,0.763073,0.76252,0.762061,0.761615,0.761402,0.761241,0.761086,0.760857,0.760706,0.760708,0.760777,0.760851,0.760876,0.760907,0.761042,0.761311,0.761717,0.761752,0.762122,0.762501,0.762887,0.763281
0.794959,0.794447,0.793942,0.793444,0.792956,0.792012,0.791546,0.791086,0.789858,0.788764,0.788008,0.787436,0.786984,0.787279,0.787629,0.787866,0.78824,0.788808,0.789514,0.790176,0.790454,0.790716,0.790954,0.791009,0.790948,0.790732,0.790408,0.789908,0.789169,0.788281,0.787161,0.786013,0.78487,0.78377,0.782679,0.781533,0.780076,0.778268,0.776548,0.775204,0.773841,0.772423,0.771057,0.769648,0.768259,0.766891,0.765525,0.763885,0.762198,0.760846,0.759716,0.758561,0.757418,0.756305,0.755223,0.754171
0.778127,0.777906,0.777692,0.777485,0.777287,0.776798,0.776988,0.777017,0.777268,0.777805,0.778236,0.779465,0.780915,0.782064,0.783123,0.784046,0.784834,0.785537,0.786041,0.786283,0.786366,0.786252,0.785974,0.785468,0.784763,0.783861,0.782766,0.781683,0.780488,0.779052,0.777667,0.776248,0.774753,0.773242,0.771732,0.770194,0.768813,0.76748,0.766141,0.764803,0.763468,0.762136
0.769012,0.770398,0.771699,0.772916,0.774045,0.775305,0.776451,0.777583,0.778694,0.779751,0.780653,0.78154,0.782332,0.782966,0.783352,0.783531,0.783522,0.7833,0.782867,0.782276,0.781457,0.780431,0.77916,0.778002,0.776952,0.775929,0.774847,0.773708,0.772512
