1.04039,1.0816,1.12001,1.15563,1.18843,1.21844,1.24569,1.27025,1.29226,1.31186,1.32925,1.34458,1.35795,1.36947,1.37922,1.38727,1.39368,1.39853,1.40194,1.40402,1.40489,1.40464,1.40339,1.4012,1.39818,1.39436,1.38982,1.38462,1.37883,1.37254,1.36583,1.35872,1.35126,1.34346,1.33536,1.32697,1.31835,1.30953,1.30054,1.29143,1.2822,1.27286,1.26339,1.25382,1.24413
1.0035,1.06281,1.11898,1.17197,1.2218,1.26861,1.31247,1.35347,1.39171,1.42729,1.4602,1.49043,1.51794,1.54273,1.5648,1.58422,1.60114,1.61576,1.6283,1.63891,1.64762,1.65444,1.65942,1.66267,1.66434,1.66456,1.66343,1.66107,1.65759,1.65312,1.64778,1.64168,1.6349,1.62749,1.61952,1.61105,1.60212,1.59278,1.58309,1.57312,1.56296,1.55267,1.54233,1.532,1.52171,1.51151,1.50141,1.49141,1.48147,1.47155,1.46163,1.45174,1.4419,1.43212,1.42241,1.41278,1.40323,1.39373,1.38427,1.37482,1.36535,1.35586,1.34633,1.33673,1.32703,1.3172,1.30725
0.983912,1.05636,1.12595,1.19258,1.25619,1.3167,1.37403,1.42813,1.479,1.52667,1.57127,1.61302,1.65214,1.68881,1.72302,1.75462,1.78348,1.80952,1.83273,1.85317,1.871,1.88636,1.89938,1.91016,1.91879,1.92534,1.9299,1.9326,1.93356,1.93291,1.93077,1.92724,1.92242,1.9164,1.90927,1.90112,1.89206,1.88224,1.87181,1.86088,1.84951,1.83775,1.82565,1.81329,1.80076,1.78817,1.77562,1.76323,1.75107,1.73921,1.72768,1.71646,1.70551,1.69481,1.68433,1.67409,1.66413,1.6545,1.64528,1.6365,1.62817,1.62027,1.61271,1.60544,1.59837,1.59146,1.58466,1.57794,1.57127,1.56468,1.5582,1.55186,1.54556,1.53915,1.53247,1.52543,1.51801,1.5102,1.50202,1.49347,1.48454,1.47518,1.46534,1.45498,1.44404,1.43249,1.42032,1.40751,1.39408,1.38002
0.972232,1.05447,1.13382,1.21023,1.2837,1.35427,1.42202,1.48701,1.54924,1.60868,1.66532,1.71909,1.76991,1.81775,1.86258,1.90448,1.94354,1.97986,2.01346,2.04432,2.0724,2.09768,2.12017,2.13993,2.15702,2.1715,2.18347,2.19303,2.2003,2.20537,2.20836,2.20935,2.20839,2.20558,2.20106,2.19498,2.18749,2.17871,2.16875,2.15773,2.14577,2.13298,2.11947,2.10533,2.09068,2.07563,2.0603,2.04478,2.02919,2.01364,1.99831,1.98335,1.96887,1.9549,1.94143,1.92847,1.91606,1.90425,1.8931,1.88261,1.87278,1.86361,1.85509,1.84729,1.84024,1.83399,1.82856,1.82392,1.81996,1.81656,1.81361,1.81097,1.80854,1.80627,1.80417,1.80227,1.80053,1.79888,1.79722,1.79544,1.79343,1.79111,1.7885,1.78559,1.78233,1.7786,1.77431,1.7694,1.7638,1.75747,1.75039,1.74255,1.73394,1.7246,1.71451,1.70365,1.69197,1.67941,1.66597,1.65157,1.63613,1.61956,1.60175,1.5826,1.56207,1.54013,1.51676,1.49198,1.46577,1.43816,1.40912
0.953998,1.04479,1.13315,1.21903,1.30236,1.38311,1.46123,1.53666,1.60932,1.67911,1.746,1.80999,1.87109,1.92931,1.98463,2.03703,2.08651,2.1331,2.17678,2.21752,2.2553,2.29015,2.32211,2.35119,2.37746,2.40098,2.4218,2.43988,2.45521,2.4678,2.4777,2.48497,2.4897,2.49199,2.49196,2.48972,2.48539,2.4791,2.47099,2.46122,2.44995,2.43733,2.42348,2.40848,2.39242,2.37544,2.3577,2.33937,2.32061,2.30158,2.2824,2.26314,2.24386,2.2247,2.20583,2.18746,2.16981,2.15304,2.13726,2.12251,2.10882,2.09616,2.08448,2.07375,2.06396,2.05511,2.04728,2.04056,2.03505,2.03081,2.02786,2.02624,2.02595,2.02682,2.02859,2.03106,2.03405,2.03742,2.04106,2.04492,2.04901,2.05328,2.05762,2.06195,2.06618,2.07027,2.07409,2.07749,2.08032,2.08252,2.08411,2.08509,2.08541,2.08498,2.08366,2.08139,2.07814,2.0739,2.06869,2.06257,2.0555,2.04736,2.03795,2.0271,2.01464,2.00051,1.98464,1.96698,1.9475,1.92617,1.90294,1.87775,1.85059,1.82144,1.79028,1.75715,1.72215,1.68548,1.64736,1.6079,1.5671,1.52489,1.48115,1.43583,1.38894
0.962483,1.06147,1.15799,1.25202,1.34348,1.43231,1.51842,1.60173,1.68219,1.75979,1.83459,1.90672,1.97626,2.04324,2.10765,2.16945,2.22853,2.28481,2.3382,2.38864,2.4361,2.48055,2.52202,2.56044,2.59583,2.62816,2.65747,2.68377,2.70711,2.72752,2.745,2.75957,2.77128,2.78018,2.78633,2.78981,2.79069,2.78903,2.78492,2.77845,2.7697,2.75877,2.74579,2.73092,2.71439,2.69643,2.67721,2.65684,2.63541,2.61303,2.58984,2.56603,2.54178,2.51728,2.49274,2.46835,2.4443,2.42074,2.3978,2.3756,2.35424,2.33385,2.31458,2.29654,2.27983,2.26456,2.25088,2.23891,2.22872,2.22028,2.21353,2.20841,2.20492,2.2031,2.20291,2.20424,2.20694,2.21084,2.21583,2.22185,2.22888,2.23697,2.24613,2.25633,2.26731,2.2787,2.29014,2.30141,2.31235,2.32284,2.33277,2.34208,2.35079,2.35894,2.36648,2.37332,2.37928,2.38418,2.38794,2.39056,2.39216,2.39284,2.39254,2.39106,2.3882,2.38375,2.37756,2.3695,2.35941,2.34717,2.33262,2.31567,2.2963,2.27447,2.25001,2.22273,2.19257,2.1596,2.12408,2.08638,2.04682,2.0055,1.96239,1.91743,1.87059,1.82181,1.77119,1.71887,1.665,1.6097,1.55314,1.49549,1.43688,1.3774
0.916394,1.02585,1.13317,1.23831,1.34125,1.44192,1.54021,1.63594,1.72887,1.81873,1.90529,1.98839,2.068,2.14422,2.21726,2.28739,2.35478,2.41952,2.48163,2.54103,2.59762,2.65134,2.70209,2.7498,2.79442,2.8359,2.87421,2.90932,2.94121,2.9698,2.99504,3.01695,3.03558,3.05098,3.06323,3.07244,3.07883,3.08252,3.08347,3.08156,3.07676,3.06915,3.05887,3.04609,3.03094,3.01355,2.99401,2.97247,2.94914,2.92428,2.89815,2.87091,2.8427,2.81367,2.78401,2.75392,2.72353,2.69301,2.66256,2.63245,2.603,2.57451,2.54718,2.52119,2.49665,2.47365,2.45229,2.4327,2.41493,2.39905,2.38512,2.37329,2.36375,2.35662,2.35194,2.34969,2.34974,2.3519,2.35605,2.36209,2.37003,2.37988,2.39166,2.40524,2.42032,2.4366,2.45376,2.47156,2.4898,2.50834,2.52702,2.5456,2.56389,2.58172,2.599,2.61578,2.63207,2.64773,2.66246,2.67597,2.68807,2.69877,2.70812,2.71614,2.72274,2.72782,2.73134,2.73324,2.73334,2.73126,2.72661,2.71903,2.7083,2.69434,2.67717,2.65684,2.63339,2.60674,2.57679,2.54352,2.50693,2.46704,2.42397,2.37781,2.3287,2.27681,2.22228,2.16535,2.10628,2.04537,1.98304,1.91958,1.85507,1.78944,1.72274,1.65513,1.58684,1.51811,1.44903,1.37963
0.84374,0.9632,1.08073,1.19637,1.3102,1.42236,1.53294,1.64189,1.74888,1.85349,1.95529,2.05389,2.14894,2.24013,2.32729,2.4104,2.48961,2.56518,2.63737,2.70632,2.77206,2.83455,2.89379,2.94974,3.00238,3.0517,3.09766,3.14022,3.17933,3.21502,3.24727,3.27604,3.30129,3.32309,3.3415,3.35655,3.36826,3.37671,3.38193,3.38392,3.38272,3.37843,3.37106,3.36059,3.34709,3.33071,3.31171,3.29031,3.26663,3.24074,3.21275,3.1828,3.15109,3.11787,3.08337,3.04779,3.01138,2.97441,2.93715,2.89978,2.86239,2.82511,2.78817,2.75194,2.71684,2.6833,2.65162,2.62203,2.59473,2.56972,2.54703,2.52663,2.50857,2.49296,2.48002,2.46998,2.46307,2.45931,2.4585,2.46042,2.46489,2.47191,2.48157,2.49396,2.50908,2.5268,2.54676,2.56856,2.5919,2.61656,2.64233,2.66898,2.69626,2.72385,2.75145,2.77887,2.80598,2.8327,2.85888,2.88425,2.90856,2.9315,2.95285,2.97252,2.99055,3.00699,3.02178,3.03471,3.04556,3.05411,3.06019,3.06362,3.06415,3.06153,3.05552,3.04587,3.03229,3.01451,2.99227,2.96539,2.9338,2.89767,2.85743,2.81352,2.76623,2.71553,2.66132,2.60363,2.54265,2.47864,2.41196,2.34297,2.27198,2.19933,2.12544,2.05072,1.97541,1.89973,1.82395,1.7483,1.67288,1.59771,1.52278,1.44808,1.37363
0.758513,0.882935,1.00719,1.1312,1.25481,1.37777,1.4998,1.62061,1.73992,1.8575,1.97319,2.08683,2.19819,2.30683,2.41221,2.51373,2.61088,2.70342,2.79132,2.87461,2.95343,3.02788,3.09805,3.164,3.22576,3.28341,3.33708,3.38688,3.43288,3.4752,3.51387,3.54886,3.58009,3.60745,3.63075,3.64991,3.66501,3.67619,3.68368,3.68762,3.68799,3.68475,3.67789,3.66754,3.65385,3.63689,3.61673,3.59353,3.56746,3.53869,3.50735,3.47355,3.43746,3.39928,3.35919,3.31748,3.2744,3.23016,3.18497,3.13912,3.09295,3.0468,3.00091,2.95555,2.91088,2.8671,2.82448,2.78338,2.74415,2.7072,2.673,2.64193,2.61426,2.59018,2.56955,2.5521,2.53775,2.52664,2.51916,2.51564,2.51614,2.52055,2.52867,2.54015,2.55476,2.57239,2.59298,2.61648,2.64283,2.67184,2.70321,2.7366,2.77163,2.80807,2.84566,2.884,2.92265,2.96122,2.99934,3.03669,3.07295,3.10789,3.14134,3.17313,3.20304,3.23094,3.25668,3.28012,3.30113,3.31947,3.33488,3.34716,3.35612,3.36157,3.36323,3.36071,3.35363,3.34159,3.32431,3.30163,3.27351,3.23994,3.20113,3.15726,3.10855,3.05524,2.99764,2.93597,2.87049,2.80153,2.72938,2.65436,2.57684,2.49719,2.41579,2.33304,2.24938,2.16523,2.08096,1.99679,1.91291,1.82954,1.74698,1.66544,1.58503,1.50582,1.42785,1.35112
0.665693,0.796261,0.927396,1.05903,1.191,1.32307,1.45497,1.58642,1.71716,1.84691,1.97545,2.10255,2.22796,2.35132,2.47219,2.59012,2.7046,2.81499,2.92063,3.02099,3.11575,3.20475,3.28807,3.36597,3.43883,3.50693,3.57044,3.62936,3.68366,3.73324,3.77808,3.81819,3.85366,3.8846,3.91114,3.9334,3.95142,3.96518,3.9747,3.97995,3.98091,3.97759,3.97,3.95824,3.94252,3.92307,3.90008,3.87362,3.84369,3.81043,3.77399,3.73449,3.69215,3.64724,3.6,3.5507,3.49964,3.44715,3.39347,3.33882,3.28343,3.22754,3.17141,3.11537,3.05977,3.00503,2.95158,2.89987,2.8502,2.8029,2.75823,2.71652,2.67806,2.64301,2.61157,2.58394,2.56026,2.54069,2.52546,2.51479,2.50901,2.50836,2.51273,2.52186,2.53544,2.55315,2.57477,2.60012,2.62893,2.66101,2.69623,2.73453,2.77568,2.81924,2.8647,2.91173,2.96008,3.00943,3.05927,3.10913,3.15862,3.20729,3.2547,3.30042,3.34405,3.38525,3.42372,3.45925,3.49168,3.52081,3.54624,3.56749,3.58408,3.59566,3.60211,3.60332,3.59913,3.58936,3.57389,3.55265,3.5256,3.49279,3.45416,3.40961,3.35909,3.30272,3.24101,3.17463,3.10422,3.03024,2.95304,2.87293,2.79017,2.705,2.61775,2.52883,2.43884,2.34842,2.2581,2.16808,2.07838,1.98903,1.90025,1.81235,1.72566,1.64047,1.55699,1.47536,1.39569,1.31798
0.604912,0.739922,0.875736,1.01231,1.14957,1.28738,1.42559,1.56407,1.70267,1.84114,1.97919,2.11642,2.25238,2.38672,2.51911,2.64918,2.77647,2.90044,3.02064,3.1365,3.24734,3.35252,3.45169,3.54473,3.63164,3.71243,3.78705,3.85546,3.91766,3.97373,4.02383,4.06821,4.10716,4.14111,4.17035,4.19482,4.21424,4.22843,4.23739,4.24117,4.23982,4.23348,4.22226,4.20632,4.18577,4.16068,4.13112,4.09722,4.05919,4.0173,3.97186,3.92313,3.87128,3.81645,3.75884,3.69868,3.63632,3.57207,3.50627,3.43931,3.37159,3.30348,3.23526,3.16725,3.09982,3.03335,2.96826,2.90513,2.84454,2.78699,2.73282,2.6823,2.63574,2.5934,2.55524,2.52123,2.49148,2.46629,2.446,2.43102,2.42181,2.4188,2.42217,2.43163,2.4467,2.46695,2.49198,2.52149,2.55517,2.5927,2.63389,2.67869,2.727,2.77864,2.83331,2.89063,2.9502,3.01146,3.07366,3.13595,3.19748,3.25759,3.31584,3.37206,3.42615,3.47795,3.52704,3.57278,3.6143,3.65079,3.68157,3.70627,3.7248,3.73712,3.74324,3.74315,3.73674,3.72377,3.70395,3.67699,3.6429,3.60199,3.55465,3.50114,3.44178,3.37714,3.30792,3.23462,3.15755,3.07688,2.99293,2.90616,2.81706,2.72604,2.63348,2.53981,2.4455,2.35098,2.25658,2.16254,2.06903,1.97621,1.88433,1.79369,1.70462,1.6174,1.53229,1.44946,1.369,1.29091
0.587128,0.721189,0.856784,0.993822,1.1321,1.27138,1.41146,1.5522,1.69349,1.83516,1.97697,2.11859,2.25967,2.39975,2.53836,2.6751,2.80961,2.94147,3.07003,3.19447,3.31402,3.4281,3.53633,3.63866,3.73513,3.82565,3.9099,3.98754,4.05831,4.12216,4.17929,4.22997,4.27456,4.31348,4.34703,4.37521,4.39781,4.41441,4.42461,4.42833,4.42576,4.41723,4.40316,4.38388,4.35955,4.33007,4.29535,4.25551,4.21079,4.16149,4.10801,4.0508,3.99014,3.92622,3.85929,3.78957,3.71722,3.64249,3.5658,3.48764,3.40845,3.32857,3.24834,3.16821,3.08864,3.0101,2.93302,2.8579,2.78521,2.71537,2.64874,2.58583,2.52714,2.47317,2.42434,2.38084,2.34286,2.31058,2.28398,2.26305,2.24802,2.23929,2.23729,2.2421,2.25334,2.27048,2.29308,2.32101,2.35422,2.39261,2.43589,2.48359,2.53527,2.59054,2.64916,2.71093,2.77553,2.84261,2.91166,2.98208,3.05313,3.12405,3.19406,3.26244,3.32855,3.39185,3.45179,3.50771,3.55883,3.60448,3.64429,3.67807,3.70551,3.72632,3.74024,3.74699,3.74632,3.73812,3.72228,3.69872,3.66758,3.62916,3.584,3.53276,3.47609,3.41451,3.34835,3.27777,3.20287,3.12388,3.04126,2.95566,2.86774,2.77794,2.68662,2.59414,2.50098,2.40756,2.31419,2.22112,2.12859,2.03682,1.94599,1.85626,1.76777,1.68077,1.59555,1.51238,1.43148,1.35294,1.27682
0.573734,0.711088,0.849653,0.989404,1.13029,1.27225,1.41522,1.55914,1.70388,1.84917,1.99466,2.1399,2.28439,2.42765,2.56927,2.70883,2.84595,2.98026,3.1114,3.23895,3.36237,3.48099,3.5942,3.7015,3.80251,3.89702,3.98494,4.06623,4.1408,4.20842,4.26894,4.32252,4.36945,4.40994,4.44403,4.47156,4.49244,4.50677,4.51464,4.51609,4.51107,4.49954,4.48142,4.45674,4.42557,4.38808,4.34445,4.29489,4.23962,4.17903,4.11365,4.04398,3.97031,3.89287,3.81193,3.72789,3.64117,3.55227,3.46159,3.36958,3.27666,3.18335,3.09029,2.99806,2.90709,2.81777,2.73051,2.6457,2.56379,2.48527,2.41075,2.34084,2.27599,2.21663,2.16315,2.11578,2.0747,2.04007,2.01183,1.98984,1.97415,1.96493,1.96257,1.96742,1.97943,1.99833,2.02371,2.05515,2.09234,2.13521,2.18369,2.23753,2.29632,2.3595,2.42636,2.49615,2.56824,2.64213,2.71749,2.79401,2.87116,2.94818,3.02422,3.09844,3.1699,3.23763,3.30078,3.3587,3.41093,3.45726,3.49757,3.53164,3.55896,3.57901,3.59143,3.59604,3.59278,3.58181,3.56343,3.53789,3.50554,3.46694,3.42254,3.37266,3.31755,3.25741,3.19243,3.12286,3.04899,2.97121,2.89008,2.80624,2.72032,2.63291,2.54443,2.45513,2.3652,2.27483,2.1843,2.09394,2.00411,1.91518,1.82745,1.74113,1.65642,1.57353,1.49258,1.41368,1.33687,1.26217
0.56234,0.702938,0.844496,0.987042,1.13058,1.2751,1.42055,1.56684,1.71371,1.86077,2.00751,2.15345,2.29819,2.44146,2.58302,2.72264,2.85992,2.99431,3.12516,3.25193,3.37423,3.49173,3.60411,3.71099,3.81192,3.90645,3.99424,4.07517,4.14916,4.21619,4.27626,4.32931,4.37525,4.41393,4.4453,4.46936,4.48619,4.49601,4.49905,4.49529,4.48445,4.46632,4.4408,4.40788,4.36763,4.32017,4.26564,4.20431,4.13667,4.06334,3.98489,3.90182,3.81441,3.72286,3.62754,3.52895,3.42774,3.32458,3.2201,3.11489,3.00951,2.90451,2.80044,2.69778,2.59703,2.49871,2.40332,2.31134,2.22332,2.13972,2.06094,1.98743,1.91953,1.85762,1.80212,1.75328,1.71134,1.67652,1.64877,1.62796,1.61406,1.60718,1.60735,1.61465,1.62907,1.65036,1.67824,1.71253,1.75304,1.79943,1.85128,1.90822,1.96993,2.03607,2.10622,2.17984,2.25639,2.3352,2.41548,2.49639,2.57714,2.65699,2.73524,2.81124,2.88426,2.95353,3.01827,3.0778,3.13161,3.17934,3.22068,3.25534,3.28315,3.30404,3.31796,3.32489,3.32484,3.3178,3.30386,3.28319,3.25598,3.22249,3.18307,3.13812,3.08809,3.03341,2.97441,2.91125,2.84419,2.77353,2.69966,2.62301,2.544,2.46303,2.38048,2.29675,2.2122,2.1272,2.0422,1.9576,1.87372,1.79073,1.70875,1.62796,1.54851,1.47049,1.39395,1.31891,1.24536
0.553204,0.698469,0.843878,0.989452,1.13524,1.28135,1.42782,1.57458,1.72133,1.86765,2.01304,2.15708,2.29948,2.44006,2.57856,2.71464,2.84778,2.97746,3.10332,3.225,3.34211,3.45421,3.56084,3.66174,3.75673,3.84563,3.92822,4.00424,4.07342,4.13541,4.18996,4.23697,4.27638,4.30822,4.33268,4.35007,4.36063,4.36426,4.36057,4.34893,4.32876,4.29987,4.26232,4.21637,4.16266,4.10171,4.03375,3.95881,3.87704,3.78896,3.69533,3.59697,3.4946,3.38875,3.2799,3.16848,3.05498,2.93996,2.82405,2.70791,2.59224,2.47775,2.36512,2.25486,2.14745,2.0434,1.94316,1.84714,1.75571,1.66944,1.58907,1.51517,1.44814,1.38829,1.33579,1.29067,1.2529,1.22247,1.19942,1.18381,1.17552,1.17442,1.18036,1.19306,1.21229,1.23796,1.26993,1.30815,1.35253,1.40278,1.45849,1.51921,1.58446,1.65382,1.72686,1.80308,1.88198,1.96293,2.04528,2.12838,2.21153,2.29391,2.37459,2.4526,2.52713,2.59756,2.66359,2.72517,2.7822,2.83417,2.88028,2.9198,2.95228,2.97757,2.99586,3.00738,3.0123,3.01085,3.00316,2.98937,2.96964,2.94407,2.91289,2.87631,2.83452,2.78785,2.73665,2.68135,2.62236,2.56002,2.49459,2.42636,2.35557,2.28262,2.20803,2.13227,2.05564,1.97832,1.90059,1.82287,1.74551,1.66873,1.59269,1.51756,1.44347,1.37046,1.29849,1.22756
0.557771,0.701437,0.845544,0.990056,1.13487,1.27985,1.42487,1.56972,1.71407,1.85752,1.99961,2.13996,2.27828,2.41431,2.54772,2.67814,2.8051,2.92819,3.04699,3.16105,3.26994,3.37334,3.47097,3.56262,3.64806,3.72702,3.79918,3.86433,3.92235,3.97317,4.01664,4.05265,4.08116,4.10202,4.11501,4.11979,4.11605,4.10375,4.08292,4.05368,4.0161,3.97015,3.91572,3.85274,3.78145,3.70226,3.61571,3.52248,3.4232,3.31847,3.20897,3.09523,2.97771,2.85696,2.73371,2.60871,2.48272,2.35651,2.23077,2.10618,1.98337,1.86299,1.7457,1.63215,1.5229,1.41854,1.31954,1.22634,1.13935,1.05908,0.986049,0.92063,0.862993,0.813077,0.770851,0.736332,0.70941,0.690088,0.67849,0.674564,0.678106,0.688803,0.706209,0.72989,0.759588,0.79513,0.836355,0.883161,0.935427,0.992962,1.05548,1.12269,1.19432,1.26998,1.34918,1.4314,1.51602,1.60233,1.68955,1.77692,1.86364,1.94894,2.03209,2.11244,2.18938,2.26237,2.33093,2.39456,2.45279,2.50527,2.55177,2.5921,2.62615,2.65375,2.67488,2.6895,2.69763,2.69936,2.69483,2.6843,2.66803,2.64627,2.61928,2.58726,2.55036,2.50876,2.46269,2.41251,2.3586,2.30139,2.2414,2.17908,2.1147,2.04856,1.98097,1.91222,1.84263,1.77243,1.7018,1.63095,1.56009,1.48938,1.41902,1.34921,1.28003,1.21153
0.55974,0.698579,0.837811,0.977401,1.11724,1.2572,1.39708,1.53657,1.67529,1.81283,1.94877,2.0827,2.21424,2.34298,2.46856,2.5906,2.70873,2.82258,2.93175,3.03579,3.13425,3.22673,3.3129,3.39259,3.4656,3.53179,3.59101,3.64314,3.68811,3.72569,3.75538,3.77671,3.78935,3.79329,3.78866,3.77567,3.75437,3.72463,3.68639,3.63963,3.58436,3.5207,3.44887,3.36915,3.28184,3.18735,3.08612,2.97863,2.86549,2.74735,2.62488,2.49888,2.37015,2.23941,2.10738,1.97478,1.84232,1.71062,1.5803,1.45202,1.32639,1.20402,1.08564,0.972022,0.863861,0.761804,0.66639,0.578076,0.497228,0.424136,0.359036,0.302038,0.253225,0.212586,0.180066,0.155586,0.138993,0.1301,0.128622,0.134277,0.146819,0.166003,0.191587,0.223331,0.260991,0.30429,0.352892,0.406531,0.465022,0.528171,0.59585,0.667956,0.744261,0.824463,0.908213,0.99505,1.08441,1.17566,1.26806,1.36079,1.45302,1.54401,1.63305,1.71951,1.8028,1.88235,1.95763,2.02821,2.09366,2.15363,2.20783,2.25604,2.29813,2.33396,2.36337,2.3863,2.4028,2.41301,2.41719,2.41563,2.40843,2.39568,2.37749,2.35394,2.32529,2.29183,2.25395,2.21219,2.16694,2.11845,2.06707,2.01305,1.95667,1.89832,1.83834,1.77698,1.71453,1.65123,1.58731,1.52294,1.45835,1.39371,1.32915,1.26474,1.20052
0.536775,0.672586,0.808553,0.944603,1.08056,1.2162,1.3513,1.4856,1.61876,1.75035,1.87987,2.00686,2.13095,2.25178,2.36902,2.48233,2.59125,2.69535,2.79415,2.88709,2.9736,3.05318,3.1255,3.19051,3.24844,3.29969,3.34428,3.38173,3.41138,3.43282,3.44575,3.44983,3.44493,3.43098,3.408,3.37612,3.33543,3.28612,3.22836,3.16225,3.08802,3.00592,2.91622,2.81925,2.71533,2.60489,2.48848,2.36671,2.24031,2.1101,1.9769,1.84145,1.70443,1.56651,1.4283,1.29035,1.15322,1.0175,0.883877,0.753087,0.625868,0.503031,0.385438,0.273956,0.169354,0.0721903,-0.0170861,-0.0981601,-0.170799,-0.234877,-0.290355,-0.337202,-0.375405,-0.40511,-0.426521,-0.439912,-0.445662,-0.444071,-0.435376,-0.419807,-0.39753,-0.368753,-0.333728,-0.292733,-0.246104,-0.194131,-0.136996,-0.074783,-0.00764398,0.0641641,0.140317,0.220437,0.304234,0.391545,0.48222,0.576005,0.67242,0.770795,0.870342,0.970294,1.06994,1.16857,1.26546,1.35986,1.45108,1.53855,1.62175,1.70024,1.77369,1.84183,1.9044,1.96115,2.01178,2.05607,2.09388,2.1252,2.15008,2.16864,2.18111,2.18765,2.1884,2.18364,2.17349,2.15801,2.13728,2.11151,2.08104,2.04638,2.00806,1.96644,1.92184,1.87444,1.82445,1.77222,1.71814,1.66253,1.60565,1.5478,1.48927,1.43019,1.37063,1.31059,1.25008,1.18912
0.530096,0.663198,0.796019,0.928556,1.06078,1.19258,1.32371,1.4537,1.58198,1.708,1.83136,1.9517,2.06867,2.1818,2.29061,2.39476,2.49384,2.58735,2.67474,2.75547,2.82911,2.89531,2.95374,3.00422,3.04666,3.08105,3.10735,3.12539,3.13505,3.13621,3.1286,3.11197,3.08614,3.05108,3.00691,2.95383,2.89215,2.8222,2.74429,2.65882,2.56622,2.46691,2.3613,2.24971,2.13244,2.00987,1.88252,1.75109,1.61635,1.47901,1.33959,1.19848,1.05609,0.913007,0.769906,0.627524,0.486612,0.347918,0.212187,0.0801795,-0.0472652,-0.169269,-0.285033,-0.393811,-0.494945,-0.587962,-0.672491,-0.74815,-0.814639,-0.871769,-0.919326,-0.957201,-0.985633,-1.00497,-1.01559,-1.01805,-1.01278,-1.00001,-0.980044,-0.953335,-0.920303,-0.881248,-0.836266,-0.785278,-0.72827,-0.665448,-0.597064,-0.523365,-0.444688,-0.361407,-0.273905,-0.182547,-0.0876507,0.0104378,0.111282,0.214407,0.319358,0.42571,0.533007,0.640665,0.747987,0.85425,0.9588,1.06102,1.16035,1.25625,1.34817,1.43561,1.51806,1.59506,1.66628,1.73142,1.79032,1.84287,1.88909,1.92895,1.96244,1.9895,2.00997,2.02368,2.03079,2.03175,2.02704,2.017,2.00188,1.98171,1.95652,1.92661,1.8924,1.85439,1.81304,1.76877,1.72192,1.67278,1.62166,1.56884,1.5145,1.45884,1.40218,1.34481,1.28687,1.22836,1.1693
0.568146,0.70086,0.832658,0.963517,1.0934,1.22222,1.34979,1.47572,1.59938,1.72013,1.83728,1.9503,2.0587,2.16211,2.26027,2.35279,2.43918,2.51904,2.59194,2.65742,2.71517,2.76492,2.80646,2.8396,2.86422,2.88015,2.88737,2.88581,2.87549,2.85642,2.82853,2.79172,2.74592,2.69126,2.62806,2.55689,2.47835,2.3929,2.3009,2.20266,2.09834,1.98815,1.87248,1.75182,1.62683,1.49811,1.36612,1.23131,1.09416,0.955289,0.815377,0.67503,0.534777,0.395082,0.256449,0.119528,-0.0149139,-0.14613,-0.273441,-0.396257,-0.514116,-0.626654,-0.733566,-0.834605,-0.929541,-1.01792,-1.09904,-1.17216,-1.23675,-1.29239,-1.33884,-1.37623,-1.40488,-1.42525,-1.43787,-1.44317,-1.44144,-1.43264,-1.41657,-1.39314,-1.36245,-1.32467,-1.27994,-1.22833,-1.16987,-1.10453,-1.03239,-0.953677,-0.868743,-0.777999,-0.681977,-0.581336,-0.476743,-0.368851,-0.258287,-0.145601,-0.0312716,0.0842264,0.200433,0.316831,0.43282,0.5478,0.661289,0.7729,0.88218,0.988484,1.091,1.18895,1.28178,1.36923,1.45124,1.5278,1.5988,1.66396,1.72292,1.7753,1.8208,1.85925,1.8906,1.91495,1.93244,1.94316,1.9472,1.94462,1.93567,1.9207,1.90016,1.8746,1.84454,1.81037,1.7724,1.73096,1.68634,1.63896,1.58934,1.53797,1.4852,1.43129,1.37651,1.32107,1.26504,1.20848,1.15143
0.576127,0.70783,0.838304,0.967511,1.09529,1.22131,1.34508,1.46604,1.58371,1.69761,1.80715,1.91172,2.01075,2.10388,2.19086,2.27154,2.34562,2.41265,2.47222,2.52407,2.56793,2.60361,2.63097,2.6499,2.66018,2.66167,2.65422,2.6378,2.61248,2.57838,2.53567,2.4845,2.42514,2.35793,2.2832,2.2014,2.11291,2.01804,1.91716,1.81072,1.6991,1.58279,1.46233,1.33828,1.21128,1.08207,0.951355,0.819748,0.687689,0.555601,0.424032,0.293685,0.165329,0.0395978,-0.0830642,-0.202413,-0.318394,-0.430836,-0.539304,-0.643279,-0.742305,-0.836061,-0.92437,-1.00701,-1.08367,-1.15397,-1.21773,-1.27503,-1.32615,-1.3715,-1.41139,-1.44586,-1.47467,-1.49746,-1.514,-1.52413,-1.52782,-1.5251,-1.5159,-1.50006,-1.47729,-1.44738,-1.41026,-1.36575,-1.31358,-1.2535,-1.18542,-1.10944,-1.02596,-0.935542,-0.838803,-0.736481,-0.629328,-0.518096,-0.403597,-0.28665,-0.168018,-0.0483606,0.071759,0.191799,0.311199,0.429434,0.546063,0.660653,0.77266,0.88142,0.986246,1.08651,1.18177,1.27176,1.35634,1.43541,1.50878,1.5762,1.63726,1.69149,1.73842,1.77778,1.8096,1.83413,1.8518,1.8629,1.86756,1.86587,1.85792,1.8438,1.82377,1.79831,1.76796,1.73334,1.69503,1.65354,1.60925,1.56257,1.51392,1.46365,1.41203,1.35934,1.3059,1.25194,1.19764,1.14305
0.538929,0.667973,0.795005,0.919981,1.0428,1.16324,1.28101,1.39582,1.50734,1.61508,1.71831,1.81629,1.90848,1.99449,2.07403,2.14686,2.21277,2.27152,2.3228,2.36629,2.40179,2.4291,2.44811,2.45868,2.46074,2.45425,2.43919,2.41565,2.38372,2.34355,2.29551,2.24,2.17736,2.10788,2.03169,1.9489,1.85975,1.76449,1.66355,1.55754,1.44724,1.33345,1.21704,1.09876,0.97908,0.858336,0.736813,0.614878,0.493103,0.37232,0.253459,0.137225,0.0239901,-0.0861712,-0.193308,-0.2973,-0.397789,-0.494319,-0.586463,-0.67393,-0.756659,-0.834651,-0.907898,-0.976441,-1.04033,-1.09954,-1.154,-1.20374,-1.24897,-1.28994,-1.32668,-1.35905,-1.38678,-1.40972,-1.42783,-1.44108,-1.44939,-1.45258,-1.45049,-1.44284,-1.42917,-1.40889,-1.38143,-1.34638,-1.30351,-1.25268,-1.1939,-1.12732,-1.05316,-0.971784,-0.883617,-0.789147,-0.688995,-0.583818,-0.474338,-0.361334,-0.245565,-0.127808,-0.00895729,0.110018,0.22821,0.344937,0.459769,0.572378,0.682383,0.789446,0.893235,0.993402,1.08952,1.18109,1.26769,1.34887,1.42424,1.49336,1.55584,1.61145,1.65997,1.70129,1.73537,1.76239,1.78261,1.79636,1.80387,1.80525,1.80058,1.78993,1.77343,1.75135,1.72415,1.69237,1.65657,1.6173,1.57514,1.53058,1.48405,1.43598,1.3867,1.33649,1.28557,1.23413,1.18227,1.13004
0.493517,0.619372,0.742946,0.864193,0.983004,1.09919,1.21242,1.32224,1.42814,1.52959,1.62615,1.71739,1.80298,1.8827,1.95637,2.02385,2.08484,2.13885,2.18547,2.22436,2.2553,2.27812,2.29268,2.29882,2.29646,2.28565,2.26649,2.23924,2.20429,2.16204,2.11292,2.05726,1.99521,1.92686,1.85233,1.77177,1.68546,1.59389,1.49762,1.39735,1.29392,1.18811,1.08049,0.971507,0.861536,0.750966,0.640236,0.52984,0.420249,0.311956,0.2054,0.100943,-0.00100951,-0.100023,-0.195723,-0.287796,-0.375999,-0.460199,-0.540322,-0.616342,-0.688303,-0.756302,-0.820444,-0.880703,-0.936926,-0.98895,-1.03674,-1.08053,-1.12063,-1.1573,-1.19063,-1.2205,-1.2467,-1.26903,-1.28728,-1.30113,-1.31026,-1.31439,-1.31334,-1.30706,-1.29543,-1.27833,-1.25553,-1.22661,-1.19086,-1.14763,-1.09655,-1.03761,-0.971107,-0.897344,-0.816677,-0.72963,-0.636811,-0.538877,-0.436557,-0.330573,-0.221599,-0.11035,0.00230391,0.115499,0.228525,0.340833,0.451971,0.561533,0.669077,0.774085,0.875981,0.974118,1.06788,1.15684,1.24063,1.319,1.39182,1.45895,1.52014,1.57509,1.62348,1.66507,1.69962,1.72714,1.74776,1.76169,1.76917,1.77039,1.76558,1.75499,1.73894,1.71783,1.69206,1.66207,1.62825,1.59096,1.55061,1.50762,1.46242,1.41545,1.36713,1.31783,1.26779,1.21718,1.16609,1.11457
0.451123,0.572558,0.691635,0.808275,0.922338,1.03368,1.14205,1.2471,1.34836,1.44537,1.53768,1.62493,1.70681,1.78296,1.853,1.9165,1.97308,2.02253,2.06474,2.09962,2.12722,2.14752,2.16048,2.16579,2.16301,2.15198,2.13284,2.10596,2.07186,2.03105,1.98387,1.93061,1.87144,1.80641,1.73571,1.65961,1.5785,1.49292,1.40353,1.31098,1.21591,1.11896,1.02061,0.921239,0.821221,0.720865,0.62051,0.520538,0.421369,0.323492,0.227374,0.133412,0.041956,-0.0467016,-0.132323,-0.2147,-0.293681,-0.369178,-0.441172,-0.509718,-0.574848,-0.636523,-0.69461,-0.748981,-0.799547,-0.846315,-0.889437,-0.929158,-0.965714,-0.999246,-1.02972,-1.05697,-1.08085,-1.10115,-1.11762,-1.12999,-1.138,-1.14147,-1.14025,-1.13417,-1.12305,-1.10666,-1.08465,-1.05662,-1.02219,-0.981134,-0.933321,-0.878802,-0.817775,-0.750562,-0.677477,-0.598755,-0.514639,-0.425447,-0.331581,-0.233526,-0.131924,-0.0275817,0.0786634,0.186025,0.293754,0.401152,0.507601,0.612525,0.715405,0.815813,0.91332,1.0075,1.09791,1.184,1.2652,1.34085,1.4104,1.47356,1.53034,1.58093,1.62553,1.66407,1.69635,1.72226,1.74179,1.75493,1.76171,1.76223,1.75673,1.74548,1.7288,1.70712,1.68085,1.6504,1.61616,1.57851,1.53792,1.49485,1.44968,1.40275,1.35439,1.30481,1.25424,1.20287,1.15086,1.09828
0.428656,0.542637,0.65452,0.764258,0.871791,0.977038,1.07984,1.17991,1.2768,1.36993,1.45875,1.54285,1.62176,1.69506,1.76231,1.82324,1.87769,1.9256,1.96698,2.00188,2.03017,2.0515,2.06552,2.07178,2.06997,2.06015,2.04263,2.01781,1.98614,1.94814,1.90422,1.85457,1.79942,1.73894,1.67336,1.60306,1.5285,1.45014,1.36855,1.2842,1.19755,1.10906,1.01925,0.928565,0.837402,0.746079,0.654925,0.564244,0.47437,0.38568,0.298538,0.213269,0.130165,0.0494735,-0.028592,-0.103849,-0.176163,-0.245412,-0.311494,-0.374364,-0.434042,-0.490573,-0.543956,-0.594151,-0.64114,-0.684907,-0.725424,-0.762672,-0.796621,-0.827262,-0.854586,-0.878565,-0.899141,-0.91621,-0.929632,-0.939232,-0.944866,-0.946398,-0.943648,-0.936369,-0.924274,-0.907134,-0.884729,-0.85689,-0.823533,-0.784588,-0.740008,-0.689717,-0.633599,-0.571567,-0.503699,-0.430269,-0.351747,-0.268663,-0.181491,-0.0905835,0.00369836,0.100843,0.200212,0.301079,0.402727,0.504532,0.605914,0.70629,0.805072,0.901563,0.994963,1.0845,1.16962,1.25002,1.32553,1.39592,1.46091,1.52023,1.57379,1.62147,1.66317,1.69874,1.72804,1.75104,1.76768,1.77798,1.78201,1.77994,1.77206,1.75867,1.74011,1.71673,1.68886,1.65693,1.62127,1.58223,1.54023,1.49569,1.44897,1.40043,1.35032,1.29883,1.24612,1.19233,1.13755,1.08182
0.406307,0.515303,0.622655,0.728273,0.831984,0.933551,1.03266,1.12893,1.22198,1.31141,1.397,1.47846,1.5554,1.62736,1.69388,1.75469,1.80966,1.85874,1.90175,1.93835,1.96804,1.99036,2.0051,2.01214,2.01146,2.00334,1.98829,1.96697,1.9398,1.90681,1.868,1.82354,1.77372,1.71889,1.65934,1.59534,1.52727,1.45552,1.38057,1.30308,1.22367,1.14278,1.06072,0.977762,0.89413,0.810117,0.726107,0.642519,0.559742,0.478122,0.397955,0.319494,0.242961,0.168549,0.0964351,0.0267905,-0.0402653,-0.10463,-0.166181,-0.224817,-0.280473,-0.333104,-0.382704,-0.429274,-0.472797,-0.513271,-0.550688,-0.585037,-0.616313,-0.644484,-0.669523,-0.691357,-0.709831,-0.724735,-0.735825,-0.742926,-0.745925,-0.744789,-0.739575,-0.730313,-0.716883,-0.698978,-0.676249,-0.648459,-0.615464,-0.577251,-0.533897,-0.485506,-0.432179,-0.373976,-0.310958,-0.243162,-0.170605,-0.0934066,-0.0118649,0.0735337,0.162263,0.253785,0.34748,0.442705,0.538808,0.635107,0.730928,0.82568,0.918782,1.00959,1.09752,1.1821,1.26289,1.33945,1.4114,1.47833,1.5398,1.59545,1.64505,1.68847,1.72579,1.75721,1.78282,1.8025,1.81608,1.82338,1.82438,1.81932,1.80854,1.79234,1.77104,1.7449,1.71423,1.67942,1.64087,1.59897,1.55409,1.50656,1.45666,1.4047,1.35099,1.29581,1.23943,1.18199,1.12359,1.06425
0.38429,0.490384,0.594876,0.697692,0.79868,0.89763,0.994252,1.08819,1.1791,1.26668,1.3507,1.43092,1.50705,1.57876,1.64569,1.70747,1.76377,1.81414,1.85825,1.89585,1.92693,1.95141,1.96922,1.98036,1.98474,1.98231,1.97305,1.95702,1.93449,1.90578,1.87124,1.83134,1.78652,1.73715,1.6835,1.62577,1.56419,1.49908,1.43083,1.35985,1.28667,1.21184,1.13583,1.05902,0.981666,0.904027,0.826395,0.749112,0.672504,0.596867,0.522474,0.449557,0.378319,0.308938,0.241595,0.1765,0.113838,0.0537093,-0.00381885,-0.0587104,-0.110993,-0.16068,-0.207691,-0.251896,-0.29322,-0.331615,-0.367033,-0.399417,-0.428717,-0.454894,-0.477905,-0.49769,-0.514161,-0.527153,-0.536446,-0.541847,-0.543222,-0.540494,-0.533616,-0.522566,-0.507284,-0.48772,-0.4638,-0.435381,-0.402341,-0.364625,-0.322233,-0.275252,-0.223776,-0.16786,-0.107537,-0.0427904,0.0263644,0.0997923,0.177211,0.258205,0.342263,0.428844,0.517453,0.607602,0.698723,0.790123,0.881066,0.970819,1.05869,1.14413,1.22673,1.30615,1.38194,1.4537,1.52103,1.58356,1.64094,1.69287,1.73909,1.77937,1.81356,1.84154,1.86321,1.87847,1.8873,1.88978,1.88626,1.87711,1.86264,1.84311,1.81858,1.78912,1.75494,1.71641,1.67398,1.62813,1.5793,1.52773,1.47363,1.41722,1.35879,1.29864,1.23707,1.17426,1.11033,1.04533
0.362443,0.467068,0.570148,0.67164,0.771447,0.869386,0.965173,1.05849,1.14898,1.23633,1.32028,1.40059,1.47703,1.54931,1.6171,1.68007,1.73791,1.79031,1.83711,1.87808,1.91293,1.94141,1.96335,1.97879,1.98778,1.99034,1.98644,1.97607,1.9593,1.93638,1.90759,1.87326,1.83383,1.78977,1.74141,1.68908,1.63311,1.57382,1.51156,1.44669,1.37958,1.31065,1.2403,1.16887,1.0967,1.02416,0.951555,0.879148,0.807175,0.735884,0.665565,0.596512,0.529001,0.46326,0.399431,0.337604,0.277877,0.220395,0.165319,0.112756,0.0627712,0.0154257,-0.0292259,-0.0711635,-0.110376,-0.146806,-0.180364,-0.210985,-0.238622,-0.263221,-0.284688,-0.302893,-0.317703,-0.328975,-0.336584,-0.340407,-0.340362,-0.336403,-0.328512,-0.316662,-0.300765,-0.280739,-0.256483,-0.227904,-0.194984,-0.157717,-0.116121,-0.0702256,-0.0200328,0.0344329,0.0931267,0.155949,0.222712,0.293225,0.367298,0.444638,0.524871,0.607564,0.692186,0.778149,0.864832,0.951606,1.03788,1.12306,1.20661,1.28798,1.36665,1.44209,1.51378,1.58122,1.64395,1.70153,1.75374,1.80054,1.84197,1.87802,1.90839,1.93272,1.95079,1.96258,1.96812,1.96762,1.96125,1.94908,1.9312,1.90777,1.87898,1.8451,1.8065,1.76352,1.7165,1.66574,1.6116,1.55444,1.49462,1.43247,1.36832,1.30247,1.23513,1.16642,1.09645,1.02527
0.339395,0.44388,0.546813,0.648153,0.747819,0.845651,0.941404,1.0348,1.12554,1.21334,1.29799,1.37927,1.45691,1.53065,1.60016,1.66517,1.72545,1.78082,1.8311,1.87602,1.91522,1.94834,1.97512,1.99556,2.00993,2.01846,2.02117,2.01803,2.00897,1.99399,1.97321,1.9468,1.91497,1.87811,1.83665,1.791,1.74156,1.68875,1.6329,1.57435,1.51346,1.45053,1.38588,1.31984,1.25277,1.18501,1.1169,1.0488,0.980963,0.913569,0.846793,0.780871,0.716103,0.652768,0.591094,0.531243,0.47336,0.417575,0.363986,0.312676,0.263725,0.217204,0.1732,0.131815,0.0931375,0.057244,0.0241634,-0.00609646,-0.0335465,-0.0581631,-0.0798557,-0.0985212,-0.114033,-0.126227,-0.134971,-0.140158,-0.141699,-0.13952,-0.133523,-0.123648,-0.109825,-0.0919841,-0.0700739,-0.0440698,-0.0140196,0.0200368,0.058075,0.100086,0.146111,0.196171,0.250223,0.308179,0.36989,0.43518,0.50388,0.575763,0.650522,0.727781,0.807081,0.887941,0.969878,1.05239,1.13496,1.21696,1.29773,1.37663,1.45308,1.52655,1.59657,1.66278,1.72488,1.7826,1.8358,1.88429,1.92771,1.96559,1.99751,2.02314,2.04236,2.05528,2.06201,2.06266,2.05734,2.04611,2.02899,2.00612,1.9777,1.94394,1.90513,1.86157,1.81349,1.76118,1.70492,1.64506,1.58204,1.51634,1.44838,1.37844,1.3067,1.23333,1.15849,1.08228,1.0047
0.315578,0.421545,0.525943,0.628735,0.729842,0.829135,0.926419,1.02146,1.11401,1.2038,1.29059,1.37414,1.45417,1.53048,1.60283,1.67098,1.73472,1.79383,1.84807,1.89722,1.94106,1.97923,2.01144,2.03752,2.05748,2.07139,2.07937,2.08146,2.07761,2.0679,2.05247,2.03164,2.00574,1.975,1.93974,1.90026,1.85681,1.80964,1.75907,1.70545,1.64914,1.59056,1.5301,1.46809,1.40483,1.34068,1.27598,1.21102,1.14608,1.08142,1.01728,0.953868,0.891396,0.830108,0.770266,0.712088,0.65575,0.601391,0.549118,0.499023,0.451205,0.405779,0.362837,0.322463,0.284707,0.249602,0.21716,0.187414,0.160421,0.136245,0.114982,0.0967266,0.0816129,0.0698062,0.0614131,0.0565161,0.0551678,0.0574146,0.063313,0.0729165,0.0863292,0.103644,0.124938,0.150257,0.179573,0.212823,0.249907,0.290766,0.335414,0.383862,0.436128,0.492229,0.552076,0.615499,0.682266,0.752058,0.82451,0.899243,0.97583,1.05379,1.13266,1.21197,1.29123,1.36993,1.44756,1.52362,1.59757,1.66879,1.73669,1.80079,1.86063,1.91588,1.9663,2.01161,2.05155,2.08593,2.11448,2.13694,2.15312,2.16287,2.16617,2.163,2.15352,2.13791,2.11637,2.08913,2.05633,2.01809,1.97454,1.92586,1.87232,1.81426,1.75208,1.68619,1.617,1.54493,1.47031,1.39338,1.31443,1.23375,1.15159,1.0681,0.983302
0.292991,0.400903,0.507253,0.612031,0.715215,0.816713,0.91635,1.01393,1.10922,1.20193,1.29177,1.37842,1.46157,1.54091,1.61617,1.68714,1.75372,1.81588,1.87377,1.92744,1.97656,2.02054,2.05885,2.09122,2.11756,2.13792,2.15237,2.1609,2.16356,2.16038,2.15147,2.13697,2.11712,2.09214,2.06233,2.02802,1.98966,1.94758,1.90205,1.85334,1.80174,1.74755,1.69107,1.63272,1.57285,1.51179,1.44986,1.3874,1.32468,1.262,1.19963,1.13787,1.07699,1.01724,0.958852,0.902031,0.846944,0.793714,0.742433,0.693194,0.646087,0.601198,0.558636,0.518495,0.480851,0.445768,0.413284,0.383454,0.356362,0.332085,0.31072,0.292331,0.277004,0.26485,0.255966,0.250484,0.248499,0.250081,0.255268,0.264063,0.276492,0.292584,0.31244,0.336195,0.363957,0.39578,0.431605,0.471308,0.514703,0.561573,0.611832,0.665504,0.722571,0.782986,0.846671,0.913444,0.983026,1.05506,1.12913,1.20478,1.28153,1.35883,1.43612,1.51285,1.58846,1.66242,1.7342,1.80328,1.8692,1.93147,1.98959,2.04311,2.09163,2.13482,2.17245,2.20426,2.23,2.24954,2.26275,2.26951,2.26974,2.26335,2.25042,2.23109,2.20559,2.17416,2.13693,2.09393,2.04525,1.991,1.9314,1.86677,1.79768,1.72482,1.64895,1.5706,1.48993,1.40696,1.32176,1.23452,1.14543,1.05463,0.962203
0.273969,0.383927,0.492461,0.599546,0.705112,0.80904,0.91119,1.01138,1.10941,1.20503,1.29798,1.38806,1.4751,1.55888,1.63916,1.71559,1.78784,1.85554,1.91839,1.97628,2.02927,2.07745,2.12079,2.159,2.19177,2.21882,2.23991,2.25497,2.264,2.26708,2.26436,2.256,2.24227,2.22343,2.19973,2.17136,2.13857,2.10165,2.06097,2.01683,1.96953,1.91943,1.86683,1.81203,1.7554,1.69727,1.63795,1.57772,1.51691,1.45586,1.39488,1.33431,1.27445,1.21558,1.15797,1.10181,1.04728,0.994484,0.943528,0.894492,0.84748,0.802591,0.759927,0.719568,0.681596,0.646081,0.613111,0.582765,0.555115,0.530203,0.508085,0.488816,0.472488,0.459216,0.449083,0.442186,0.438638,0.438594,0.442208,0.449569,0.460696,0.475506,0.493909,0.515841,0.541346,0.570557,0.603581,0.6405,0.68134,0.726012,0.77433,0.826019,0.880802,0.938536,0.999158,1.06256,1.12862,1.19717,1.26793,1.34053,1.41449,1.48931,1.56443,1.63926,1.71318,1.78558,1.85585,1.92348,1.98798,2.04885,2.10562,2.15787,2.20517,2.24715,2.28343,2.31368,2.3377,2.3553,2.36633,2.37081,2.36868,2.35982,2.34418,2.32176,2.29264,2.25708,2.21534,2.16764,2.11414,2.05507,1.99069,1.92133,1.84737,1.76921,1.68728,1.60202,1.5138,1.42299,1.3299,1.23482,1.13797,1.03958,0.939728
0.256938,0.368563,0.478901,0.587931,0.695586,0.801755,0.906314,1.00912,1.11001,1.20884,1.30541,1.39944,1.49066,1.57883,1.66368,1.74494,1.8223,1.89547,1.96412,2.02805,2.08714,2.14131,2.19042,2.23429,2.27284,2.30593,2.33339,2.35512,2.37109,2.38127,2.38575,2.3846,2.37787,2.36578,2.34852,2.32628,2.29936,2.268,2.23245,2.19306,2.15013,2.10397,2.05496,2.00348,1.94987,1.89446,1.8376,1.77958,1.72066,1.66117,1.60145,1.54186,1.48276,1.42446,1.36725,1.31136,1.25698,1.20426,1.15328,1.10413,1.05687,1.01154,0.968188,0.926923,0.887852,0.851094,0.816769,0.78497,0.755772,0.729212,0.705349,0.684275,0.666145,0.651135,0.639324,0.630728,0.625314,0.623115,0.62424,0.628859,0.637149,0.649169,0.664881,0.684188,0.707021,0.733356,0.763267,0.796851,0.83419,0.875292,0.920105,0.96851,1.02032,1.07527,1.13301,1.19324,1.25576,1.32049,1.38725,1.45586,1.52607,1.59749,1.66964,1.74193,1.81374,1.88442,1.95332,2.01982,2.08337,2.1435,2.19982,2.25195,2.29934,2.3414,2.37755,2.40736,2.43053,2.44686,2.45633,2.45895,2.45462,2.44327,2.42496,2.39994,2.36839,2.33034,2.28588,2.23504,2.17787,2.11455,2.04536,1.97074,1.89115,1.80712,1.71912,1.62753,1.53274,1.4351,1.33495,1.23268,1.12864,1.02299,0.915765
0.240325,0.353388,0.465558,0.576803,0.687035,0.796114,0.903832,1.00992,1.11414,1.21629,1.31622,1.41385,1.5091,1.60179,1.69158,1.77802,1.86074,1.93947,2.01404,2.08428,2.14994,2.21083,2.26675,2.31752,2.36296,2.40291,2.43724,2.46579,2.48847,2.50526,2.51621,2.52159,2.52157,2.5162,2.50559,2.48987,2.46915,2.44366,2.41368,2.37948,2.34136,2.29966,2.25473,2.20689,2.15649,2.10385,2.04925,1.99307,1.93568,1.87745,1.81876,1.75996,1.70138,1.64335,1.58614,1.53,1.47513,1.42171,1.36989,1.31975,1.27138,1.22481,1.18014,1.13747,1.09688,1.05845,1.02223,0.988334,0.95695,0.928214,0.902217,0.878986,0.858517,0.840834,0.825982,0.814061,0.805248,0.799728,0.797668,0.799201,0.804401,0.813275,0.825774,0.841802,0.8612,0.883886,0.909897,0.939313,0.972238,1.00873,1.0488,1.0924,1.13946,1.18983,1.2433,1.29961,1.35838,1.41921,1.48174,1.54582,1.61132,1.67806,1.74574,1.81399,1.88231,1.9501,2.01664,2.08124,2.14321,2.20198,2.25714,2.30832,2.35512,2.39708,2.4337,2.46436,2.48843,2.50548,2.51522,2.51765,2.51293,2.5013,2.48285,2.45751,2.42517,2.38585,2.33959,2.28654,2.22694,2.16096,2.0887,2.01036,1.92624,1.83692,1.74311,1.6456,1.54504,1.44181,1.33602,1.22773,1.11704,1.00405,0.888767
0.222483,0.33849,0.453688,0.568058,0.681524,0.793982,0.905303,1.01533,1.12389,1.23073,1.33558,1.43822,1.53841,1.63593,1.73056,1.8221,1.91026,1.99476,2.07533,2.15169,2.22356,2.29068,2.35286,2.40992,2.46172,2.50812,2.54897,2.58412,2.61345,2.63691,2.65449,2.66624,2.67225,2.67265,2.66748,2.65684,2.64091,2.61987,2.594,2.56363,2.52913,2.49086,2.44919,2.40436,2.35655,2.30598,2.25297,2.19792,2.14128,2.08351,2.02502,1.96621,1.90743,1.84898,1.79115,1.7342,1.67835,1.62381,1.57072,1.5192,1.46934,1.4212,1.37488,1.33049,1.28808,1.24774,1.20952,1.17351,1.13982,1.10865,1.0802,1.05463,1.03199,1.01234,0.995732,0.982226,0.971819,0.964521,0.96037,0.959418,0.961816,0.967772,0.977479,0.991042,1.00839,1.02933,1.05359,1.08097,1.11142,1.14497,1.18175,1.22184,1.26529,1.31206,1.36201,1.41491,1.47041,1.52805,1.58737,1.64792,1.70937,1.77152,1.83428,1.89751,1.96093,2.02411,2.08655,2.14759,2.20642,2.2622,2.31413,2.3615,2.40368,2.44019,2.4709,2.49583,2.51501,2.52812,2.53453,2.53359,2.52482,2.50816,2.48389,2.4524,2.41394,2.36864,2.31669,2.25827,2.19332,2.12175,2.04358,1.95895,1.8682,1.77184,1.67042,1.56453,1.45465,1.3413,1.22492,1.10588,0.984448,0.860743
0.210405,0.328942,0.44696,0.564449,0.681347,0.797522,0.912791,1.02696,1.1398,1.25107,1.36057,1.46806,1.57327,1.67597,1.77589,1.87275,1.96632,2.05638,2.14273,2.2251,2.30324,2.37692,2.44587,2.50979,2.56847,2.6217,2.66932,2.71116,2.74709,2.77709,2.80113,2.81918,2.83129,2.83755,2.83815,2.83315,2.8226,2.80666,2.78557,2.7596,2.72908,2.69427,2.65545,2.61295,2.56705,2.51811,2.46647,2.41252,2.35666,2.29932,2.24092,2.18186,2.12254,2.06329,2.00437,1.94604,1.88851,1.83203,1.77679,1.72292,1.67054,1.61977,1.57069,1.52345,1.47821,1.43504,1.394,1.35509,1.31836,1.28388,1.25181,1.22241,1.19598,1.17275,1.15284,1.1363,1.12312,1.11321,1.10646,1.10278,1.10225,1.10499,1.11121,1.12111,1.13478,1.15222,1.17318,1.19739,1.22456,1.25456,1.28744,1.32331,1.36227,1.40433,1.4494,1.49728,1.54766,1.60015,1.65433,1.70976,1.76609,1.82306,1.88047,1.93805,1.99552,2.0525,2.10854,2.16305,2.21534,2.26475,2.31059,2.3523,2.38953,2.42208,2.44961,2.47168,2.48777,2.49737,2.50001,2.49535,2.48326,2.46389,2.43739,2.40383,2.36311,2.31506,2.25958,2.19668,2.1266,2.04961,1.96603,1.87606,1.77987,1.67774,1.57001,1.45725,1.34013,1.21936,1.09552,0.968993,0.839923
0.197128,0.319065,0.440625,0.561773,0.682414,0.802426,0.921648,1.03989,1.15694,1.27262,1.3867,1.49898,1.60923,1.71716,1.82245,1.92479,2.02389,2.11949,2.21139,2.29949,2.38371,2.46389,2.53966,2.61056,2.67623,2.73642,2.79096,2.83972,2.88266,2.91967,2.95064,2.97549,2.9942,3.0068,3.01335,3.01399,3.00886,2.99812,2.98196,2.9606,2.93427,2.90327,2.86779,2.82811,2.78452,2.73736,2.68701,2.6339,2.57847,2.52115,2.4624,2.40263,2.34223,2.28156,2.22093,2.16058,2.10072,2.04153,1.9832,1.92596,1.87003,1.81564,1.76294,1.71206,1.66316,1.61638,1.57179,1.52942,1.48922,1.45115,1.41527,1.38173,1.35072,1.32252,1.29745,1.27579,1.25771,1.24332,1.23264,1.22559,1.22199,1.22158,1.22425,1.2301,1.23938,1.25229,1.2688,1.28868,1.3116,1.33725,1.3655,1.39634,1.42988,1.46624,1.50541,1.54725,1.59145,1.63762,1.68531,1.73404,1.78344,1.83336,1.88369,1.9343,1.98497,2.03533,2.08481,2.13268,2.17818,2.22065,2.25955,2.29454,2.3254,2.35195,2.37389,2.39077,2.40205,2.40713,2.40559,2.39719,2.38196,2.35997,2.33121,2.29554,2.25284,2.20306,2.1461,2.08185,2.01019,1.93115,1.84485,1.75165,1.65194,1.54622,1.43501,1.31882,1.19812,1.07336,0.944819,0.812614
0.181779,0.306806,0.431613,0.556216,0.680602,0.804655,0.928131,1.05074,1.17225,1.29243,1.41108,1.52809,1.64333,1.75663,1.86768,1.97613,2.08162,2.1838,2.28235,2.37701,2.46755,2.55377,2.63549,2.71249,2.78457,2.85147,2.91297,2.96889,3.01902,3.06321,3.10127,3.13302,3.15832,3.17718,3.18969,3.19603,3.19637,3.19087,3.17981,3.16342,3.1418,3.11508,3.08344,3.04707,3.00622,2.96121,2.91243,2.86029,2.80525,2.74778,2.68834,2.62742,2.56546,2.50287,2.43997,2.37702,2.31423,2.25179,2.18987,2.12863,2.06828,2.00912,1.95146,1.89548,1.8413,1.78906,1.73895,1.69114,1.64586,1.60331,1.56362,1.52683,1.49295,1.46189,1.43349,1.40767,1.38456,1.36436,1.34731,1.33374,1.32395,1.31807,1.31606,1.3177,1.32267,1.33076,1.34185,1.356,1.3732,1.39328,1.41599,1.44113,1.46865,1.49864,1.53114,1.56609,1.60325,1.64225,1.68263,1.72386,1.76551,1.8074,1.84944,1.89157,1.93363,1.97541,2.01645,2.0561,2.09366,2.1284,2.15977,2.18743,2.21116,2.23083,2.24622,2.25702,2.26273,2.26276,2.25664,2.24407,2.22499,2.1995,2.16768,2.12949,2.08492,2.03391,1.97615,1.91125,1.83906,1.75967,1.67334,1.58056,1.48185,1.37762,1.26816,1.15367,1.03437,0.910409,0.781854
0.161343,0.291862,0.422163,0.552251,0.682116,0.811663,0.940706,1.069,1.19631,1.32242,1.44712,1.57021,1.69151,1.81079,1.92777,2.04215,2.15369,2.26215,2.36729,2.46882,2.56638,2.65969,2.74847,2.8324,2.91117,2.98439,3.05175,3.113,3.16803,3.21684,3.2595,3.29616,3.3271,3.3524,3.37175,3.38467,3.3909,3.39036,3.38322,3.36977,3.35036,3.32534,3.295,3.25962,3.21941,3.17463,3.12558,3.0726,3.01613,2.95668,2.89475,2.83078,2.76514,2.6982,2.63032,2.56199,2.49369,2.42597,2.35925,2.29369,2.22927,2.16589,2.10354,2.04234,1.98259,1.92467,1.86905,1.81612,1.76614,1.71921,1.6753,1.63425,1.59591,1.56034,1.5278,1.49857,1.47266,1.44985,1.4299,1.41285,1.3991,1.38905,1.38301,1.38098,1.38273,1.38781,1.39583,1.40661,1.42007,1.4361,1.45451,1.47504,1.49759,1.52214,1.54872,1.57732,1.60789,1.64022,1.6739,1.70836,1.74301,1.77743,1.81136,1.84477,1.87765,1.90988,1.94115,1.97102,1.99889,2.02404,2.04587,2.06399,2.07818,2.08822,2.09375,2.09433,2.08952,2.07906,2.06278,2.04063,2.01254,1.97839,1.93805,1.89144,1.8385,1.77922,1.71364,1.64184,1.56388,1.4799,1.39022,1.29513,1.19499,1.09004,0.980483,0.866467,0.748061
0.128191,0.265301,0.402204,0.538884,0.675283,0.811314,0.946854,1.08175,1.21582,1.34886,1.48062,1.61082,1.73922,1.86561,1.98972,2.11123,2.22976,2.34498,2.45661,2.56446,2.66833,2.76799,2.86317,2.9535,3.03856,3.11803,3.19164,3.25917,3.32052,3.37556,3.42418,3.46638,3.50213,3.53132,3.55386,3.56961,3.57853,3.5806,3.57586,3.56443,3.54646,3.52216,3.49174,3.45552,3.41379,3.36685,3.31506,3.25884,3.19865,3.13493,3.06815,2.99875,2.92721,2.85401,2.77974,2.70495,2.63012,2.55574,2.48227,2.41004,2.33922,2.26988,2.20198,2.13551,2.07063,2.00764,1.94694,1.88899,1.83411,1.78245,1.73399,1.68875,1.64681,1.6084,1.57363,1.54244,1.5146,1.48995,1.46856,1.45053,1.43591,1.42475,1.4171,1.41299,1.41243,1.41533,1.42146,1.43046,1.44195,1.45558,1.47104,1.48816,1.50688,1.52711,1.54875,1.57167,1.59583,1.62132,1.64803,1.67541,1.70267,1.72913,1.75442,1.77849,1.8013,1.82278,1.84276,1.86077,1.87616,1.88822,1.89639,1.90028,1.89964,1.89434,1.88425,1.86928,1.84928,1.82413,1.79376,1.75809,1.71699,1.6703,1.61792,1.55994,1.49658,1.42803,1.35442,1.27588,1.19258,1.10475,1.01267,0.916573,0.816611,0.712874
0.0835949,0.227559,0.371379,0.515066,0.658603,0.801892,0.944766,1.08704,1.22851,1.36893,1.50793,1.6452,1.78054,1.91384,2.04494,2.17355,2.29925,2.42162,2.5403,2.65505,2.76565,2.8719,2.97351,3.07011,3.1614,3.24708,3.32692,3.40064,3.4679,3.52843,3.58204,3.6286,3.66811,3.70061,3.72612,3.74463,3.75604,3.76024,3.75724,3.74711,3.72993,3.70589,3.67504,3.63742,3.59312,3.54243,3.48575,3.42374,3.35712,3.28656,3.21272,3.13613,3.05726,2.97654,2.89452,2.81184,2.72914,2.64704,2.56597,2.48618,2.40786,2.33121,2.2564,2.18347,2.1125,2.04375,1.97778,1.91516,1.85621,1.8009,1.74901,1.70052,1.65556,1.61436,1.57708,1.54379,1.51437,1.48863,1.46642,1.44765,1.4323,1.42037,1.41183,1.40663,1.40463,1.40562,1.40932,1.41548,1.42392,1.43439,1.44665,1.46052,1.47582,1.49235,1.50988,1.52818,1.54707,1.56634,1.58569,1.60475,1.62312,1.64044,1.65646,1.67102,1.68391,1.69495,1.7038,1.71,1.71309,1.71264,1.70838,1.70014,1.68776,1.67105,1.64988,1.62412,1.59363,1.55826,1.51797,1.47277,1.4228,1.3681,1.30864,1.24453,1.17594,1.10313,1.02631,0.94566,0.861294,0.77328,0.681624
0.0408967,0.192161,0.343117,0.49375,0.644029,0.793933,0.943435,1.09247,1.2409,1.38845,1.53471,1.67928,1.8218,1.96209,2.10003,2.2354,2.36789,2.49705,2.62236,2.74339,2.85977,2.97126,3.07764,3.17875,3.27438,3.36428,3.44812,3.52549,3.59593,3.65902,3.71452,3.76226,3.80217,3.8343,3.85865,3.87513,3.88378,3.88461,3.87759,3.86278,3.84035,3.81045,3.77315,3.72834,3.67596,3.6164,3.55037,3.47882,3.40261,3.32245,3.23892,3.1527,3.06455,2.9752,2.88529,2.79537,2.70597,2.61753,2.53037,2.44481,2.36108,2.27937,2.19988,2.12284,2.04855,1.97738,1.90966,1.8457,1.78569,1.72962,1.67737,1.62885,1.58406,1.54319,1.50649,1.47413,1.44608,1.42218,1.40217,1.38578,1.37276,1.36285,1.35586,1.35157,1.34984,1.35058,1.35374,1.35922,1.36683,1.37617,1.38679,1.3983,1.41035,1.42273,1.43531,1.44801,1.46076,1.47339,1.48565,1.4971,1.50728,1.51573,1.52216,1.52641,1.52834,1.52773,1.52432,1.51778,1.50782,1.49427,1.47702,1.45593,1.43087,1.40173,1.36843,1.33087,1.28898,1.24274,1.19223,1.1376,1.07902,1.01665,0.950552,0.880815,0.807489,0.730634,0.650301
0.0265131,0.179478,0.332672,0.486044,0.639467,0.792806,0.945985,1.09894,1.25155,1.40355,1.55456,1.70412,1.8518,1.9972,2.13998,2.27978,2.41627,2.54917,2.67823,2.80311,2.92335,3.03838,3.14773,3.25094,3.34761,3.43735,3.51985,3.5949,3.66228,3.72179,3.77325,3.81647,3.85129,3.87773,3.89582,3.90541,3.90629,3.89828,3.88127,3.85536,3.82076,3.77774,3.72671,3.66822,3.60291,3.53165,3.45544,3.37507,3.291,3.20357,3.11327,3.02087,2.92725,2.83311,2.73897,2.64522,2.55224,2.46047,2.37031,2.28219,2.19649,2.11352,2.03354,1.95665,1.88297,1.8127,1.74624,1.68398,1.62612,1.57272,1.5237,1.47904,1.43866,1.40251,1.37057,1.34279,1.31913,1.29947,1.28358,1.27108,1.26162,1.2549,1.2507,1.24884,1.24908,1.25119,1.25498,1.26024,1.26674,1.2742,1.28233,1.29087,1.2996,1.30837,1.31709,1.32559,1.3336,1.34076,1.34665,1.35089,1.3532,1.35341,1.35136,1.34687,1.33976,1.32983,1.31683,1.3006,1.28107,1.25822,1.23199,1.20223,1.16879,1.13155,1.09041,1.04535,0.996366,0.943529,0.886929,0.826685,0.762898,0.695603,0.62481
0.0239425,0.179823,0.336272,0.49322,0.650474,0.807781,0.964927,1.12176,1.27812,1.43377,1.58834,1.74133,1.89221,2.04042,2.18545,2.32679,2.46405,2.59686,2.72492,2.84785,2.96516,3.07636,3.18096,3.27841,3.3681,3.44945,3.52209,3.58573,3.64023,3.68559,3.72184,3.74916,3.76777,3.7777,3.77875,3.77059,3.75307,3.72624,3.69046,3.6464,3.59473,3.53607,3.47091,3.39967,3.32283,3.24101,3.15497,3.06551,2.97337,2.87931,2.78418,2.6887,2.59335,2.49856,2.40477,2.31244,2.22186,2.13319,2.04656,1.96212,1.88024,1.80142,1.72631,1.65545,1.58914,1.52747,1.47033,1.41753,1.36898,1.32465,1.28465,1.24906,1.21783,1.19081,1.16783,1.14868,1.13313,1.12098,1.112,1.106,1.10263,1.10158,1.10258,1.1054,1.10977,1.11534,1.12174,1.12859,1.1356,1.14257,1.14941,1.15602,1.1623,1.16807,1.17304,1.17687,1.1792,1.17976,1.17833,1.17471,1.16876,1.16039,1.14951,1.13602,1.11983,1.10078,1.07875,1.05358,1.02515,0.993359,0.95815,0.919497,0.877399,0.831895,0.783036,0.730884,0.67553,0.617
0.0465802,0.206532,0.367086,0.528148,0.689484,0.850775,1.01168,1.1719,1.33118,1.48922,1.64546,1.79917,1.94951,2.09577,2.23734,2.3737,2.50446,2.62929,2.74768,2.85896,2.96237,3.05718,3.14295,3.21942,3.28633,3.34362,3.3914,3.42991,3.45953,3.48052,3.49281,3.49594,3.48951,3.47347,3.448,3.41341,3.37021,3.31906,3.26074,3.1961,3.12589,3.05083,2.97157,2.8887,2.80268,2.71389,2.62274,2.52986,2.43591,2.34156,2.24742,2.15395,2.06156,1.97068,1.88183,1.79555,1.71235,1.63256,1.55635,1.48389,1.41534,1.35087,1.29058,1.23459,1.18315,1.13651,1.09487,1.05827,1.02667,0.999905,0.977679,0.959583,0.945194,0.934126,0.926192,0.921315,0.919316,0.919925,0.922756,0.927282,0.932996,0.939486,0.946473,0.953778,0.961238,0.968624,0.97566,0.982106,0.987797,0.992634,0.996521,0.999307,1.00077,1.00065,0.998643,0.994491,0.988056,0.979271,0.968038,0.954239,0.937749,0.918426,0.896169,0.870912,0.842614,0.811249,0.776778,0.739156,0.698348,0.654314,0.607051
0.0714572,0.238063,0.403855,0.568784,0.732702,0.895363,1.05647,1.21571,1.37266,1.52678,1.67739,1.82366,1.96467,2.0995,2.22735,2.34743,2.45906,2.56173,2.6553,2.73969,2.81469,2.88001,2.93538,2.98096,3.01707,3.04389,3.0615,3.07012,3.07003,3.0614,3.04439,3.01912,2.9859,2.94511,2.89728,2.84314,2.78346,2.71874,2.64931,2.57555,2.498,2.41723,2.33385,2.24837,2.16127,2.07309,1.98442,1.89589,1.80808,1.7215,1.63656,1.55355,1.47279,1.39467,1.31966,1.24824,1.18078,1.11751,1.0586,1.00416,0.954252,0.908814,0.867805,0.831309,0.799459,0.772407,0.750269,0.732959,0.720173,0.711446,0.706294,0.704276,0.704999,0.70802,0.712883,0.719162,0.726519,0.734667,0.743349,0.752349,0.761489,0.770592,0.77944,0.787779,0.795371,0.802028,0.807585,0.811875,0.814724,0.815965,0.815422,0.812888,0.808161,0.801095,0.791576,0.779529,0.764901,0.74762,0.727567,0.704637,0.678761,0.649941,0.618222,0.583646
0.11011,0.276884,0.441762,0.604603,0.765071,0.922621,1.07652,1.22591,1.36999,1.50803,1.6394,1.76348,1.87958,1.98695,2.08486,2.17293,2.25088,2.31868,2.37649,2.42452,2.46301,2.49227,2.51245,2.52366,2.52625,2.52066,2.50732,2.48671,2.45922,2.42515,2.38475,2.33824,2.28594,2.2282,2.16551,2.09839,2.02752,1.95371,1.87771,1.80009,1.7212,1.64139,1.56106,1.48065,1.40068,1.32172,1.24433,1.16898,1.09607,1.02591,0.958761,0.894867,0.834541,0.778173,0.726123,0.678676,0.636016,0.598205,0.56518,0.536844,0.513129,0.493934,0.479165,0.468716,0.462374,0.459834,0.460731,0.464668,0.471206,0.479821,0.489965,0.501128,0.51289,0.524954,0.537124,0.549245,0.561152,0.572659,0.583559,0.593653,0.602765,0.610726,0.61733,0.622333,0.625509,0.626688,0.625755,0.622631,0.617232,0.609464,0.599229,0.586435,0.57099,0.55286
0.0421136,0.204624,0.361836,0.513632,0.659766,0.799878,0.933499,1.06008,1.17898,1.28948,1.39095,1.48298,1.56541,1.63831,1.70197,1.75655,1.80217,1.83896,1.86714,1.88707,1.89916,1.90391,1.90165,1.89255,1.87685,1.85469,1.82626,1.79181,1.75162,1.70606,1.65563,1.6009,1.54255,1.48131,1.41778,1.35239,1.28547,1.21745,1.14884,1.0802,1.01211,0.945094,0.879639,0.816159,0.755006,0.696474,0.640903,0.588665,0.540079,0.495412,0.454826,0.418351,0.385946,0.357598,0.333313,0.313054
0.0123021,0.156808,0.293201,0.421363,0.541052,0.651964,0.753822,0.846365,0.929396,1.0028,1.06667,1.12125,1.16697,1.20432,1.23379,1.25576,1.27036,1.27763,1.27767,1.27067,1.25698,1.23694,1.21082,1.17898,1.14179,1.09965,1.05313,1.00291,0.949771,0.894326,0.83697,0.778056,0.718087,0.657708,0.597634,0.538546,0.480998,0.425354,0.371875,0.320762,0.272133,0.226057
-0.00973931,0.0915998,0.184311,0.268369,0.343818,0.41074,0.469216,0.519399,0.561451,0.595642,0.622305,0.64183,0.654448,0.660314,0.659581,0.652415,0.639056,0.619796,0.595012,0.565106,0.530547,0.491888,0.449786,0.404878,0.357732,0.308736,0.258105,0.205958,0.152344
