-0.278551,-0.281436,-0.284256,-0.28701,-0.289698,-0.29163,-0.294123,-0.296296,-0.298383,-0.300759,-0.302788,-0.304717,-0.306197,-0.30754,-0.308693,-0.31025,-0.311845,-0.313384,-0.315008,-0.316572,-0.318025,-0.319743,-0.321496,-0.323236,-0.324758,-0.326242,-0.327631,-0.328999,-0.330398,-0.331685,-0.333002,-0.334225,-0.335587,-0.336654,-0.337709,-0.338691,-0.339505,-0.340449,-0.341147,-0.341609,-0.341838,-0.342388,-0.342936,-0.343482,-0.344027
-0.253336,-0.257742,-0.262057,-0.26628,-0.270413,-0.274283,-0.277567,-0.280212,-0.282357,-0.284437,-0.286738,-0.289196,-0.291565,-0.293822,-0.295623,-0.297167,-0.298578,-0.300266,-0.302075,-0.303807,-0.305846,-0.308139,-0.31034,-0.312333,-0.314287,-0.316157,-0.318128,-0.320104,-0.322013,-0.324052,-0.326056,-0.328002,-0.32959,-0.33134,-0.333069,-0.334716,-0.336365,-0.338092,-0.339684,-0.341174,-0.342465,-0.343622,-0.344965,-0.345693,-0.346447,-0.347154,-0.347733,-0.347878,-0.34802,-0.348121,-0.348151,-0.347874,-0.347881,-0.347326,-0.346633,-0.345871,-0.344837,-0.343706,-0.341998,-0.340161,-0.338827,-0.337458,-0.335282,-0.332681,-0.330066,-0.32744,-0.3248
-0.221377,-0.227315,-0.233161,-0.238912,-0.244566,-0.249643,-0.25313,-0.257244,-0.261054,-0.263825,-0.267446,-0.271055,-0.274422,-0.277593,-0.280208,-0.282537,-0.285431,-0.288199,-0.290604,-0.292986,-0.295266,-0.297355,-0.299331,-0.301893,-0.30438,-0.306758,-0.308979,-0.310929,-0.312813,-0.315108,-0.317513,-0.31984,-0.322138,-0.324475,-0.326585,-0.328872,-0.33122,-0.333188,-0.335102,-0.336899,-0.338879,-0.341017,-0.343064,-0.344875,-0.346636,-0.348344,-0.349861,-0.350988,-0.352268,-0.352998,-0.353703,-0.354583,-0.355115,-0.355644,-0.356187,-0.356075,-0.355961,-0.355574,-0.354954,-0.354261,-0.353329,-0.352342,-0.350888,-0.349056,-0.347295,-0.345249,-0.343252,-0.340847,-0.338414,-0.335812,-0.333056,-0.33022,-0.326561,-0.322742,-0.319061,-0.315085,-0.311095,-0.307416,-0.304202,-0.300856,-0.296122,-0.291893,-0.28794,-0.283946,-0.280052,-0.276116,-0.272097,-0.268092,-0.264104,-0.260132
-0.189479,-0.195544,-0.201524,-0.207419,-0.213229,-0.21922,-0.225226,-0.230873,-0.236255,-0.241469,-0.246372,-0.250619,-0.254273,-0.258285,-0.26178,-0.265322,-0.268722,-0.272062,-0.275519,-0.279824,-0.283517,-0.286046,-0.288675,-0.291086,-0.293176,-0.295525,-0.298219,-0.300844,-0.303491,-0.306043,-0.308523,-0.310924,-0.313721,-0.31628,-0.318943,-0.321636,-0.324171,-0.326488,-0.328841,-0.331136,-0.333665,-0.33624,-0.338564,-0.340617,-0.342693,-0.345049,-0.347353,-0.349235,-0.3511,-0.353,-0.354925,-0.356639,-0.357699,-0.358915,-0.360166,-0.361258,-0.361866,-0.362521,-0.362807,-0.362975,-0.362913,-0.362853,-0.362616,-0.361831,-0.360999,-0.360069,-0.358826,-0.357348,-0.355544,-0.352875,-0.350159,-0.347106,-0.343653,-0.340367,-0.337076,-0.33346,-0.329805,-0.325928,-0.321994,-0.318036,-0.314062,-0.309838,-0.305607,-0.30136,-0.296158,-0.291205,-0.286251,-0.281672,-0.27743,-0.273227,-0.26896,-0.26469,-0.260745,-0.257221,-0.253957,-0.249939,-0.245972,-0.242511,-0.239106,-0.235814,-0.23388,-0.232023,-0.231047,-0.231165,-0.231209,-0.231424,-0.231406,-0.23172,-0.232021,-0.23231,-0.232586
-0.148855,-0.156443,-0.163957,-0.171399,-0.178766,-0.185741,-0.194321,-0.20311,-0.211204,-0.217005,-0.222106,-0.227666,-0.233952,-0.239636,-0.243563,-0.249093,-0.253627,-0.257917,-0.261965,-0.266097,-0.27013,-0.273357,-0.276852,-0.280916,-0.284404,-0.287715,-0.29038,-0.293015,-0.296304,-0.299179,-0.301789,-0.304382,-0.307008,-0.309703,-0.312362,-0.315184,-0.318034,-0.320807,-0.32352,-0.326283,-0.32912,-0.331878,-0.334338,-0.33688,-0.339489,-0.342021,-0.344489,-0.347035,-0.349378,-0.351647,-0.353873,-0.355999,-0.358207,-0.360077,-0.361879,-0.36367,-0.365304,-0.366737,-0.368174,-0.369604,-0.370461,-0.371316,-0.371995,-0.372284,-0.372567,-0.372411,-0.37157,-0.370681,-0.369602,-0.368138,-0.366639,-0.365294,-0.362351,-0.359578,-0.357047,-0.354476,-0.351474,-0.34802,-0.344617,-0.340987,-0.33616,-0.331265,-0.326328,-0.32134,-0.316371,-0.31137,-0.306357,-0.300882,-0.295822,-0.290741,-0.285562,-0.280457,-0.275548,-0.270715,-0.266141,-0.261484,-0.256938,-0.252438,-0.2486,-0.244543,-0.240516,-0.236988,-0.234677,-0.232576,-0.230717,-0.229987,-0.229762,-0.229897,-0.230427,-0.230686,-0.231097,-0.232322,-0.233558,-0.235581,-0.237694,-0.24002,-0.242548,-0.24483,-0.247096,-0.248428,-0.249836,-0.25119,-0.2524,-0.253465,-0.254388
-0.179754,-0.180498,-0.181238,-0.181973,-0.182703,-0.182871,-0.183316,-0.184771,-0.189779,-0.194922,-0.201635,-0.208529,-0.216202,-0.222978,-0.229904,-0.236394,-0.242123,-0.247678,-0.252688,-0.2573,-0.261928,-0.266673,-0.271283,-0.275332,-0.279037,-0.28249,-0.285832,-0.28955,-0.292895,-0.296097,-0.300767,-0.304161,-0.307176,-0.310311,-0.313214,-0.315986,-0.318861,-0.321842,-0.324675,-0.327521,-0.330437,-0.333245,-0.336162,-0.339063,-0.341833,-0.344588,-0.34732,-0.349861,-0.35243,-0.354946,-0.357594,-0.360161,-0.362334,-0.364742,-0.367086,-0.369489,-0.371491,-0.373347,-0.375282,-0.376945,-0.378606,-0.380249,-0.381676,-0.383042,-0.384377,-0.38496,-0.385721,-0.38612,-0.38635,-0.386553,-0.386012,-0.385396,-0.384731,-0.383102,-0.381284,-0.379454,-0.377507,-0.375355,-0.372829,-0.369574,-0.366341,-0.361019,-0.356438,-0.351797,-0.347064,-0.342578,-0.336975,-0.331315,-0.325576,-0.319898,-0.314483,-0.309108,-0.303598,-0.298172,-0.29231,-0.286337,-0.280767,-0.275563,-0.270938,-0.266321,-0.261707,-0.257707,-0.253756,-0.249163,-0.244651,-0.241078,-0.239601,-0.238185,-0.23756,-0.237226,-0.236944,-0.237692,-0.23865,-0.239548,-0.240149,-0.241287,-0.242736,-0.244756,-0.246755,-0.248638,-0.250255,-0.251762,-0.25347,-0.254931,-0.256141,-0.257193,-0.257963,-0.258527,-0.258854,-0.259003,-0.258984,-0.258795,-0.25845,-0.257959
-0.259659,-0.253667,-0.247677,-0.24169,-0.235705,-0.230686,-0.226205,-0.223605,-0.221096,-0.218595,-0.216025,-0.217156,-0.221227,-0.225561,-0.227251,-0.232551,-0.237596,-0.241385,-0.246027,-0.25084,-0.257085,-0.263829,-0.268122,-0.27164,-0.276295,-0.281994,-0.286232,-0.28877,-0.292975,-0.298421,-0.302521,-0.305615,-0.30871,-0.312387,-0.315859,-0.31896,-0.321943,-0.3248,-0.327491,-0.330736,-0.333823,-0.337177,-0.340674,-0.343609,-0.346423,-0.349143,-0.351782,-0.354434,-0.357189,-0.359948,-0.362623,-0.365229,-0.367872,-0.370515,-0.373092,-0.375475,-0.377754,-0.380064,-0.382238,-0.384403,-0.386427,-0.388253,-0.390336,-0.392032,-0.393438,-0.394846,-0.396212,-0.397473,-0.398727,-0.399586,-0.400289,-0.400965,-0.401118,-0.400955,-0.400671,-0.399848,-0.399118,-0.398315,-0.396327,-0.393997,-0.39135,-0.388382,-0.384927,-0.380975,-0.37639,-0.371548,-0.36666,-0.361327,-0.356013,-0.35062,-0.344655,-0.338385,-0.332071,-0.32576,-0.320588,-0.314319,-0.308266,-0.302241,-0.2962,-0.29022,-0.284775,-0.280088,-0.275473,-0.27093,-0.266485,-0.263316,-0.261019,-0.258756,-0.256798,-0.25509,-0.253039,-0.251352,-0.251339,-0.251135,-0.2516,-0.252515,-0.253322,-0.254473,-0.256044,-0.258348,-0.260082,-0.261175,-0.262128,-0.263126,-0.264084,-0.264886,-0.265456,-0.265741,-0.265764,-0.26558,-0.265234,-0.264772,-0.264193,-0.263436,-0.262433,-0.261363,-0.260412,-0.259396,-0.25832,-0.257186
-0.319256,-0.314883,-0.310509,-0.306134,-0.301758,-0.297283,-0.292347,-0.286382,-0.280609,-0.275828,-0.271353,-0.268966,-0.268955,-0.268969,-0.270098,-0.270553,-0.270756,-0.270956,-0.271287,-0.272699,-0.274787,-0.277953,-0.282419,-0.287547,-0.290974,-0.294431,-0.298692,-0.302936,-0.306718,-0.310058,-0.313104,-0.316477,-0.319921,-0.323026,-0.32585,-0.329197,-0.332641,-0.33527,-0.337778,-0.340808,-0.344269,-0.347846,-0.351034,-0.353835,-0.356623,-0.359742,-0.362635,-0.365248,-0.367955,-0.370853,-0.373549,-0.376143,-0.378754,-0.381328,-0.383804,-0.386187,-0.388495,-0.390737,-0.392864,-0.394741,-0.396583,-0.398678,-0.400885,-0.403038,-0.405053,-0.406855,-0.408796,-0.410574,-0.41169,-0.413026,-0.414505,-0.415475,-0.416471,-0.417361,-0.418063,-0.418735,-0.418847,-0.418435,-0.417979,-0.417318,-0.416161,-0.415054,-0.412635,-0.410192,-0.407539,-0.403765,-0.399817,-0.395995,-0.391867,-0.387151,-0.381496,-0.375633,-0.369862,-0.363868,-0.356899,-0.349687,-0.343413,-0.336998,-0.330451,-0.323307,-0.317143,-0.311337,-0.305956,-0.301187,-0.29573,-0.291878,-0.288131,-0.283676,-0.27915,-0.276024,-0.274573,-0.273255,-0.272546,-0.272523,-0.272747,-0.273792,-0.274431,-0.275413,-0.276759,-0.277816,-0.279679,-0.280955,-0.281997,-0.282692,-0.28354,-0.284241,-0.284743,-0.285011,-0.28509,-0.28494,-0.284586,-0.284019,-0.28326,-0.282376,-0.281432,-0.280129,-0.278727,-0.277826,-0.276656,-0.275451,-0.274231,-0.272999,-0.271737,-0.270446,-0.269125
-0.387534,-0.382231,-0.376912,-0.371575,-0.366224,-0.36123,-0.355739,-0.349414,-0.343116,-0.338585,-0.336299,-0.334147,-0.33217,-0.331422,-0.330767,-0.330182,-0.328814,-0.327776,-0.327208,-0.327079,-0.326839,-0.326896,-0.327743,-0.328515,-0.328126,-0.329944,-0.33183,-0.332766,-0.334849,-0.337609,-0.340134,-0.342275,-0.344295,-0.346267,-0.348812,-0.351728,-0.354724,-0.357886,-0.360708,-0.363417,-0.366259,-0.369027,-0.371718,-0.374551,-0.377446,-0.380467,-0.383632,-0.385815,-0.387938,-0.390603,-0.39328,-0.395851,-0.398237,-0.400486,-0.4028,-0.404795,-0.406642,-0.408411,-0.410685,-0.412937,-0.415048,-0.41697,-0.418888,-0.420504,-0.42223,-0.423852,-0.425316,-0.426795,-0.42829,-0.429724,-0.431262,-0.432863,-0.434532,-0.43574,-0.436864,-0.437653,-0.438234,-0.438785,-0.439249,-0.439023,-0.438758,-0.438388,-0.43687,-0.435243,-0.433281,-0.431318,-0.429189,-0.426392,-0.422916,-0.419456,-0.415271,-0.409917,-0.404697,-0.39897,-0.392876,-0.38698,-0.38025,-0.37346,-0.366632,-0.359922,-0.353598,-0.347358,-0.341266,-0.33543,-0.329991,-0.324223,-0.318844,-0.315204,-0.311984,-0.309163,-0.307701,-0.305579,-0.303836,-0.303874,-0.303965,-0.304507,-0.305373,-0.306223,-0.307045,-0.307813,-0.308609,-0.309596,-0.310482,-0.311192,-0.311844,-0.312297,-0.312622,-0.312795,-0.31276,-0.312547,-0.312191,-0.311699,-0.311052,-0.310237,-0.309636,-0.308476,-0.30741,-0.306793,-0.305737,-0.304638,-0.303713,-0.302758,-0.301797,-0.300837,-0.300061,-0.299299,-0.298552,-0.29782
-0.431902,-0.427223,-0.422525,-0.417806,-0.413069,-0.4073,-0.402179,-0.399774,-0.39782,-0.396497,-0.39484,-0.393329,-0.392208,-0.392071,-0.393192,-0.393548,-0.392683,-0.391969,-0.390551,-0.388844,-0.385949,-0.381947,-0.381966,-0.38399,-0.382614,-0.380722,-0.380288,-0.38043,-0.380786,-0.381169,-0.381372,-0.382375,-0.384106,-0.386021,-0.388611,-0.390089,-0.390775,-0.392299,-0.393794,-0.395386,-0.397067,-0.399336,-0.401661,-0.404106,-0.40646,-0.408693,-0.410806,-0.413053,-0.415529,-0.41789,-0.420096,-0.422333,-0.424462,-0.426442,-0.428349,-0.430274,-0.432113,-0.433858,-0.435502,-0.437039,-0.438475,-0.439845,-0.44114,-0.442436,-0.443688,-0.444902,-0.446042,-0.447082,-0.448143,-0.44917,-0.450386,-0.451644,-0.452605,-0.453445,-0.454205,-0.455559,-0.45705,-0.458298,-0.459149,-0.460102,-0.46103,-0.460624,-0.460284,-0.460043,-0.459084,-0.457929,-0.45645,-0.45327,-0.449801,-0.446967,-0.445091,-0.442839,-0.438739,-0.434125,-0.429236,-0.424362,-0.419393,-0.413589,-0.407498,-0.400917,-0.394782,-0.387568,-0.380882,-0.375517,-0.37026,-0.366329,-0.362553,-0.358488,-0.354596,-0.350911,-0.348016,-0.3453,-0.343332,-0.343339,-0.343403,-0.343678,-0.344317,-0.344896,-0.345844,-0.346786,-0.347315,-0.347937,-0.3485,-0.348932,-0.349261,-0.349447,-0.349546,-0.349529,-0.349413,-0.349264,-0.349116,-0.34887,-0.34851,-0.348121,-0.347708,-0.347381,-0.347287,-0.346805,-0.346268,-0.345729,-0.345199,-0.344472,-0.343757,-0.343572,-0.342944,-0.342339,-0.341993,-0.341662,-0.34135,-0.341055
-0.459301,-0.455774,-0.452234,-0.44868,-0.445115,-0.442788,-0.440485,-0.437884,-0.437585,-0.437683,-0.437823,-0.438028,-0.438458,-0.439348,-0.440327,-0.442456,-0.445419,-0.44595,-0.448608,-0.451292,-0.454026,-0.453414,-0.451911,-0.448403,-0.444841,-0.442288,-0.440101,-0.438991,-0.43781,-0.437109,-0.436909,-0.436676,-0.43658,-0.436276,-0.436016,-0.435781,-0.436171,-0.436917,-0.437653,-0.438984,-0.440715,-0.442159,-0.443483,-0.445013,-0.446384,-0.447915,-0.449459,-0.45127,-0.453196,-0.454841,-0.456605,-0.45816,-0.459543,-0.461083,-0.462519,-0.463879,-0.465099,-0.466163,-0.467111,-0.468018,-0.46878,-0.469424,-0.46996,-0.470445,-0.470877,-0.471273,-0.471653,-0.472052,-0.472504,-0.472996,-0.473537,-0.474156,-0.474841,-0.475396,-0.476012,-0.476685,-0.477544,-0.478239,-0.479027,-0.479752,-0.480485,-0.481073,-0.481286,-0.481653,-0.481701,-0.481247,-0.480175,-0.47883,-0.477354,-0.475694,-0.473183,-0.469703,-0.46577,-0.462166,-0.458148,-0.453557,-0.448845,-0.444062,-0.439088,-0.434053,-0.429004,-0.423726,-0.418532,-0.413201,-0.408233,-0.403421,-0.398182,-0.395835,-0.391064,-0.38855,-0.388315,-0.387173,-0.386832,-0.386658,-0.386305,-0.386347,-0.386768,-0.387414,-0.388035,-0.388247,-0.388129,-0.388085,-0.388123,-0.388153,-0.388142,-0.388142,-0.388122,-0.388106,-0.388096,-0.38813,-0.388076,-0.387998,-0.388025,-0.388075,-0.388262,-0.388387,-0.38853,-0.388457,-0.388359,-0.388263,-0.38825,-0.388253,-0.388258,-0.388267,-0.388345,-0.388241,-0.38815,-0.388065,-0.387989,-0.38792
-0.479516,-0.477938,-0.476353,-0.474764,-0.47317,-0.472237,-0.471248,-0.470607,-0.470725,-0.471056,-0.473196,-0.47431,-0.475755,-0.477065,-0.478486,-0.48072,-0.482939,-0.48401,-0.48322,-0.483792,-0.486194,-0.488765,-0.490844,-0.492556,-0.494203,-0.494383,-0.493634,-0.493967,-0.492884,-0.490057,-0.486514,-0.484098,-0.483291,-0.48256,-0.481847,-0.480995,-0.480167,-0.47985,-0.47978,-0.480154,-0.480726,-0.481787,-0.482779,-0.483612,-0.484404,-0.485476,-0.486766,-0.487897,-0.489046,-0.490343,-0.491511,-0.492856,-0.494173,-0.495149,-0.495837,-0.496334,-0.49677,-0.497093,-0.497264,-0.497305,-0.49719,-0.496927,-0.496559,-0.496109,-0.495598,-0.49505,-0.494454,-0.493859,-0.493284,-0.492755,-0.492315,-0.491985,-0.491771,-0.491689,-0.491748,-0.49194,-0.49224,-0.492607,-0.493048,-0.493557,-0.493919,-0.494158,-0.494495,-0.495007,-0.4954,-0.495971,-0.496414,-0.495767,-0.494737,-0.493679,-0.492078,-0.490207,-0.488221,-0.486202,-0.483836,-0.480966,-0.477892,-0.4743,-0.470916,-0.467702,-0.463715,-0.459347,-0.455662,-0.452511,-0.449863,-0.446409,-0.444974,-0.443656,-0.442598,-0.439802,-0.436734,-0.435473,-0.433869,-0.432493,-0.431537,-0.430581,-0.429975,-0.42952,-0.429156,-0.429045,-0.428945,-0.428882,-0.428739,-0.428661,-0.428621,-0.428664,-0.428782,-0.428962,-0.429178,-0.429531,-0.429848,-0.430164,-0.430565,-0.43103,-0.431563,-0.431898,-0.432336,-0.43303,-0.43355,-0.433967,-0.434349,-0.434727,-0.435043,-0.435283,-0.435514,-0.435733,-0.435885,-0.436031,-0.43616,-0.436271,-0.436362
-0.493037,-0.493446,-0.493856,-0.494266,-0.494677,-0.495537,-0.496714,-0.498019,-0.499468,-0.500926,-0.502,-0.502976,-0.503934,-0.507004,-0.510574,-0.513964,-0.516524,-0.518969,-0.521656,-0.524437,-0.526878,-0.528696,-0.528842,-0.528746,-0.528475,-0.528395,-0.528325,-0.527369,-0.526412,-0.5251,-0.524959,-0.52438,-0.52371,-0.523262,-0.52288,-0.522239,-0.521507,-0.52127,-0.521658,-0.521134,-0.520639,-0.520493,-0.52104,-0.521624,-0.522292,-0.522841,-0.523531,-0.524256,-0.524957,-0.525601,-0.526104,-0.526521,-0.526793,-0.526922,-0.526884,-0.52664,-0.526178,-0.525535,-0.524627,-0.523518,-0.522255,-0.520977,-0.519649,-0.518026,-0.516383,-0.514801,-0.513128,-0.511517,-0.51002,-0.508666,-0.507431,-0.506345,-0.505397,-0.504622,-0.504107,-0.503773,-0.503599,-0.503587,-0.503684,-0.503869,-0.504141,-0.504503,-0.504965,-0.505395,-0.505377,-0.505473,-0.504711,-0.504299,-0.504454,-0.504356,-0.503756,-0.502928,-0.502017,-0.500821,-0.499335,-0.497588,-0.495436,-0.493109,-0.490687,-0.487978,-0.485102,-0.482212,-0.479825,-0.478386,-0.477014,-0.474439,-0.472274,-0.470266,-0.468922,-0.468124,-0.467431,-0.46683,-0.465933,-0.464692,-0.463603,-0.462598,-0.461745,-0.461099,-0.460591,-0.459986,-0.459703,-0.459467,-0.459298,-0.459277,-0.459347,-0.459626,-0.459956,-0.460381,-0.460887,-0.461586,-0.46227,-0.463273,-0.463954,-0.464725,-0.465555,-0.46625,-0.466932,-0.467616,-0.468117,-0.468643,-0.469049,-0.469424,-0.469904,-0.470331,-0.470689,-0.47088,-0.471091,-0.471259,-0.471385,-0.471467
-0.508642,-0.510502,-0.512362,-0.514223,-0.516082,-0.516757,-0.517445,-0.519455,-0.521462,-0.523945,-0.526702,-0.529328,-0.531932,-0.534703,-0.537282,-0.539394,-0.541355,-0.544082,-0.546223,-0.548639,-0.550694,-0.552399,-0.554034,-0.555033,-0.555712,-0.555998,-0.556876,-0.55761,-0.557555,-0.556639,-0.555424,-0.554535,-0.553632,-0.553496,-0.554061,-0.554589,-0.554138,-0.553684,-0.55367,-0.55422,-0.55426,-0.553954,-0.553665,-0.554049,-0.554394,-0.554734,-0.555045,-0.555287,-0.555437,-0.555484,-0.555396,-0.55518,-0.554722,-0.553805,-0.55264,-0.551455,-0.550135,-0.548263,-0.546371,-0.544358,-0.542272,-0.540131,-0.537824,-0.535312,-0.532734,-0.5302,-0.527747,-0.52551,-0.523165,-0.520929,-0.518915,-0.517317,-0.515951,-0.514817,-0.513862,-0.513127,-0.512587,-0.51226,-0.51211,-0.512079,-0.512142,-0.51225,-0.512396,-0.512587,-0.513042,-0.513694,-0.513545,-0.512591,-0.512404,-0.512452,-0.512008,-0.511573,-0.51102,-0.510155,-0.509009,-0.507655,-0.506556,-0.505487,-0.504368,-0.503295,-0.50184,-0.500359,-0.499075,-0.49762,-0.496142,-0.494613,-0.49337,-0.492249,-0.491022,-0.489836,-0.48818,-0.486886,-0.486092,-0.484927,-0.483762,-0.482726,-0.481799,-0.48087,-0.480153,-0.479608,-0.479153,-0.478864,-0.478746,-0.478785,-0.478955,-0.479241,-0.47965,-0.480143,-0.480727,-0.481375,-0.482081,-0.48283,-0.483605,-0.484436,-0.485133,-0.485798,-0.48655,-0.487088,-0.487609,-0.488101,-0.488612,-0.488985,-0.489302,-0.489496,-0.489678,-0.489812,-0.489897,-0.489933,-0.48992
-0.514959,-0.517153,-0.519342,-0.521528,-0.523709,-0.52588,-0.528275,-0.531359,-0.534089,-0.537131,-0.540433,-0.542727,-0.545377,-0.547629,-0.550447,-0.553932,-0.557383,-0.559281,-0.560856,-0.562592,-0.564896,-0.56705,-0.568866,-0.570509,-0.572151,-0.573479,-0.573911,-0.574584,-0.575218,-0.575458,-0.575284,-0.575094,-0.574898,-0.574811,-0.57449,-0.574172,-0.573877,-0.574354,-0.574898,-0.57515,-0.575688,-0.576203,-0.576569,-0.576603,-0.576613,-0.576616,-0.57655,-0.576395,-0.575922,-0.575248,-0.574665,-0.573705,-0.572496,-0.571311,-0.569638,-0.567833,-0.565809,-0.563475,-0.561044,-0.558279,-0.555354,-0.552428,-0.549386,-0.54642,-0.5434,-0.540199,-0.537223,-0.534529,-0.532236,-0.530121,-0.527895,-0.525914,-0.524273,-0.523169,-0.522213,-0.521457,-0.520911,-0.520509,-0.520272,-0.520199,-0.520196,-0.520234,-0.520293,-0.520347,-0.520392,-0.520482,-0.520541,-0.520587,-0.520783,-0.520768,-0.520542,-0.520385,-0.519966,-0.519526,-0.519213,-0.518841,-0.518126,-0.517429,-0.516633,-0.515336,-0.514153,-0.513305,-0.512313,-0.511057,-0.509786,-0.508464,-0.50709,-0.50565,-0.504188,-0.502805,-0.501242,-0.499656,-0.498235,-0.496573,-0.495118,-0.493853,-0.492677,-0.49157,-0.490659,-0.489862,-0.489189,-0.488711,-0.488388,-0.488205,-0.488175,-0.488279,-0.488513,-0.488773,-0.48915,-0.489597,-0.490074,-0.490611,-0.491188,-0.491779,-0.492259,-0.492769,-0.493251,-0.493659,-0.494006,-0.494261,-0.494483,-0.49465,-0.494739,-0.494794,-0.494811,-0.494784,-0.494716,-0.494607
-0.515194,-0.518201,-0.521202,-0.524198,-0.527187,-0.529633,-0.532523,-0.535535,-0.537922,-0.541145,-0.544183,-0.546819,-0.549305,-0.551894,-0.554815,-0.557682,-0.560527,-0.563129,-0.565659,-0.568202,-0.570557,-0.572376,-0.573813,-0.575007,-0.576056,-0.577163,-0.578565,-0.580115,-0.581355,-0.582469,-0.583006,-0.583063,-0.583046,-0.583909,-0.584591,-0.58488,-0.585259,-0.585518,-0.585665,-0.585719,-0.585775,-0.585784,-0.585719,-0.585539,-0.585267,-0.584871,-0.584567,-0.584218,-0.583537,-0.582778,-0.581944,-0.580476,-0.578692,-0.577474,-0.575548,-0.573182,-0.571178,-0.568501,-0.565618,-0.562794,-0.559829,-0.556996,-0.554102,-0.550866,-0.547982,-0.544944,-0.542054,-0.539529,-0.537396,-0.535545,-0.534115,-0.532988,-0.531869,-0.53094,-0.530206,-0.529711,-0.529358,-0.529224,-0.5291,-0.529088,-0.529102,-0.529116,-0.529153,-0.529161,-0.52919,-0.529252,-0.529271,-0.529029,-0.528621,-0.528524,-0.528559,-0.528553,-0.528109,-0.527965,-0.527894,-0.527368,-0.526787,-0.526183,-0.525407,-0.524629,-0.523589,-0.522514,-0.520961,-0.519388,-0.517615,-0.515651,-0.513811,-0.512072,-0.510592,-0.50859,-0.506585,-0.504719,-0.502727,-0.500857,-0.499137,-0.497519,-0.495926,-0.494441,-0.493207,-0.492159,-0.491251,-0.490496,-0.489882,-0.489383,-0.488982,-0.488704,-0.488565,-0.488524,-0.488563,-0.488654,-0.48879,-0.48895,-0.489105,-0.489258,-0.489403,-0.489523,-0.489605,-0.489663,-0.48969,-0.489691,-0.48966,-0.489608,-0.489531,-0.489423,-0.489279,-0.489101
-0.513064,-0.515655,-0.518241,-0.520822,-0.523397,-0.525958,-0.527889,-0.5307,-0.534994,-0.538704,-0.541129,-0.543898,-0.547656,-0.550464,-0.553009,-0.555598,-0.558306,-0.560849,-0.563266,-0.565636,-0.5679,-0.569937,-0.571676,-0.573169,-0.575134,-0.577262,-0.57838,-0.579183,-0.58013,-0.580985,-0.582174,-0.583173,-0.583754,-0.584144,-0.584464,-0.584728,-0.584821,-0.584865,-0.584844,-0.584759,-0.584551,-0.58446,-0.584261,-0.583993,-0.583933,-0.583609,-0.583282,-0.582808,-0.582231,-0.581681,-0.580921,-0.580187,-0.579211,-0.577373,-0.57641,-0.575218,-0.572825,-0.570454,-0.568875,-0.566168,-0.563359,-0.560606,-0.557915,-0.554993,-0.552256,-0.549488,-0.54685,-0.544463,-0.542582,-0.540959,-0.539613,-0.538481,-0.537907,-0.537693,-0.537538,-0.537469,-0.537448,-0.537415,-0.537416,-0.537429,-0.537446,-0.537439,-0.53742,-0.537406,-0.537221,-0.537297,-0.537034,-0.536746,-0.536683,-0.536599,-0.536464,-0.536377,-0.53619,-0.535664,-0.535329,-0.534749,-0.534068,-0.533094,-0.532018,-0.53087,-0.529831,-0.528563,-0.527289,-0.525553,-0.523873,-0.522201,-0.520148,-0.517916,-0.515731,-0.513031,-0.510411,-0.508047,-0.505825,-0.503535,-0.501176,-0.498872,-0.496716,-0.494721,-0.492893,-0.491148,-0.489547,-0.4881,-0.486802,-0.485704,-0.484741,-0.483908,-0.483227,-0.482676,-0.482203,-0.48182,-0.481471,-0.481154,-0.480908,-0.480698,-0.480503,-0.480317,-0.480139,-0.479963,-0.479773,-0.479588,-0.479396,-0.479181,-0.47894,-0.478669,-0.478369
-0.499752,-0.502885,-0.506008,-0.50912,-0.512218,-0.515248,-0.518712,-0.522397,-0.525208,-0.528622,-0.531386,-0.534828,-0.538377,-0.541515,-0.544456,-0.547255,-0.549735,-0.552512,-0.555113,-0.557613,-0.56031,-0.562424,-0.564119,-0.565704,-0.567457,-0.568932,-0.56998,-0.571031,-0.572281,-0.573035,-0.573597,-0.57402,-0.574293,-0.574462,-0.574563,-0.574543,-0.57446,-0.5744,-0.574329,-0.574236,-0.574272,-0.574239,-0.574263,-0.57445,-0.574569,-0.574849,-0.574852,-0.575231,-0.575337,-0.574882,-0.574433,-0.574115,-0.573673,-0.573303,-0.57293,-0.571283,-0.570176,-0.568797,-0.566977,-0.564546,-0.562799,-0.560414,-0.557528,-0.555082,-0.55365,-0.552333,-0.550524,-0.549197,-0.548161,-0.547323,-0.546643,-0.546184,-0.545886,-0.545671,-0.545582,-0.54557,-0.545577,-0.5456,-0.545607,-0.545608,-0.545506,-0.545333,-0.545223,-0.545113,-0.544975,-0.544994,-0.545016,-0.544663,-0.544124,-0.543557,-0.543032,-0.542316,-0.54155,-0.540798,-0.540417,-0.540018,-0.539268,-0.538609,-0.537837,-0.536983,-0.535857,-0.534429,-0.533019,-0.531364,-0.529517,-0.527568,-0.52561,-0.523278,-0.520616,-0.517904,-0.515205,-0.512503,-0.509594,-0.50669,-0.503855,-0.50111,-0.498389,-0.495818,-0.493324,-0.490985,-0.488877,-0.486874,-0.485131,-0.483489,-0.481863,-0.480362,-0.479163,-0.478117,-0.47716,-0.476302,-0.47551,-0.474844,-0.474256,-0.473728,-0.473286,-0.472855,-0.472439,-0.47206,-0.471672,-0.471312,-0.471025,-0.470735,-0.470441,-0.470141
-0.474512,-0.478701,-0.482863,-0.486996,-0.491101,-0.494846,-0.497537,-0.500039,-0.503471,-0.507217,-0.510648,-0.513607,-0.516136,-0.518833,-0.522109,-0.52534,-0.528354,-0.5308,-0.532779,-0.535047,-0.537584,-0.539438,-0.540429,-0.540926,-0.542092,-0.543312,-0.54428,-0.545031,-0.545444,-0.545716,-0.545962,-0.546095,-0.546107,-0.546086,-0.54605,-0.546086,-0.546234,-0.546503,-0.54673,-0.547062,-0.547577,-0.548305,-0.549177,-0.55017,-0.551421,-0.552888,-0.554604,-0.555649,-0.556675,-0.55759,-0.558645,-0.559587,-0.559784,-0.561025,-0.560837,-0.560882,-0.561048,-0.560582,-0.560349,-0.559819,-0.55953,-0.558452,-0.557554,-0.556905,-0.555779,-0.554895,-0.554148,-0.553596,-0.553057,-0.552646,-0.5524,-0.552337,-0.552356,-0.552444,-0.552574,-0.552733,-0.552898,-0.553303,-0.55357,-0.553758,-0.554075,-0.55453,-0.555032,-0.55542,-0.555539,-0.55556,-0.555573,-0.55542,-0.555179,-0.554898,-0.554586,-0.554301,-0.554016,-0.553515,-0.552711,-0.552292,-0.552059,-0.551835,-0.55096,-0.549843,-0.548723,-0.548355,-0.547879,-0.546947,-0.545516,-0.543981,-0.542067,-0.540092,-0.538037,-0.535786,-0.533144,-0.530336,-0.527488,-0.524398,-0.521313,-0.518227,-0.515142,-0.51214,-0.509315,-0.506856,-0.504358,-0.501813,-0.499319,-0.497085,-0.495278,-0.49362,-0.492112,-0.490712,-0.489319,-0.488023,-0.486949,-0.485989,-0.48512,-0.484346,-0.483651,-0.483057,-0.482468,-0.481873,-0.481479,-0.481079,-0.480677,-0.480273,-0.479866
-0.433778,-0.436712,-0.439624,-0.442514,-0.445382,-0.448539,-0.451627,-0.453908,-0.456721,-0.45933,-0.461722,-0.463915,-0.465961,-0.468225,-0.47031,-0.472215,-0.474391,-0.475944,-0.47712,-0.479306,-0.48071,-0.480621,-0.48076,-0.481433,-0.48178,-0.481643,-0.481439,-0.481477,-0.481437,-0.481375,-0.481362,-0.48142,-0.481641,-0.481952,-0.482441,-0.483211,-0.484199,-0.485483,-0.487054,-0.488858,-0.490824,-0.492915,-0.495328,-0.497711,-0.500253,-0.50329,-0.506338,-0.509497,-0.511986,-0.514799,-0.517943,-0.520523,-0.522446,-0.524417,-0.526534,-0.528707,-0.530707,-0.532505,-0.533969,-0.534866,-0.535518,-0.536069,-0.536414,-0.536444,-0.536446,-0.536709,-0.536744,-0.536757,-0.536731,-0.53675,-0.537117,-0.537716,-0.538486,-0.539635,-0.541414,-0.542741,-0.544374,-0.546454,-0.548461,-0.550144,-0.552151,-0.554447,-0.557044,-0.560094,-0.563255,-0.566204,-0.568106,-0.569508,-0.570897,-0.572159,-0.572897,-0.573783,-0.575013,-0.575748,-0.576515,-0.577313,-0.57763,-0.579296,-0.580701,-0.581211,-0.581059,-0.581069,-0.581237,-0.581475,-0.582081,-0.58171,-0.58086,-0.579957,-0.578844,-0.577743,-0.576484,-0.575481,-0.573968,-0.572466,-0.570716,-0.568729,-0.566246,-0.563526,-0.561145,-0.558839,-0.556219,-0.553475,-0.550909,-0.548962,-0.54721,-0.545389,-0.543592,-0.54186,-0.540191,-0.5386,-0.537276,-0.536007,-0.534814,-0.533845,-0.533028,-0.532233,-0.531455,-0.530814,-0.530284,-0.529761,-0.529242,-0.528727,-0.528215
-0.398792,-0.401718,-0.404623,-0.407505,-0.410362,-0.412976,-0.415519,-0.418426,-0.421281,-0.423863,-0.425529,-0.427012,-0.428489,-0.429851,-0.43098,-0.432269,-0.433346,-0.434062,-0.434529,-0.434835,-0.435012,-0.434915,-0.434544,-0.434139,-0.433895,-0.433643,-0.433302,-0.433054,-0.432956,-0.433006,-0.43325,-0.433727,-0.434492,-0.435522,-0.43684,-0.438507,-0.440518,-0.442875,-0.445449,-0.448321,-0.45152,-0.454773,-0.458167,-0.461621,-0.465122,-0.468635,-0.472009,-0.475423,-0.478709,-0.481803,-0.484743,-0.487334,-0.489913,-0.492353,-0.49465,-0.496316,-0.497626,-0.498542,-0.499517,-0.500245,-0.500716,-0.500927,-0.500971,-0.500942,-0.5008,-0.500735,-0.500815,-0.50092,-0.501363,-0.502047,-0.502799,-0.503576,-0.504374,-0.505987,-0.507971,-0.510058,-0.512447,-0.515248,-0.518485,-0.522086,-0.526127,-0.530492,-0.534842,-0.53843,-0.541907,-0.545625,-0.549542,-0.552826,-0.555999,-0.559258,-0.562068,-0.564839,-0.567714,-0.569857,-0.571858,-0.574259,-0.576485,-0.578654,-0.580192,-0.582012,-0.583818,-0.585941,-0.587986,-0.58993,-0.591774,-0.593863,-0.595908,-0.597125,-0.597842,-0.598224,-0.598634,-0.598802,-0.59704,-0.59497,-0.593633,-0.593394,-0.592416,-0.590797,-0.58896,-0.58727,-0.585546,-0.583802,-0.581966,-0.580066,-0.578193,-0.576443,-0.57457,-0.572869,-0.5714,-0.570012,-0.568828,-0.567844,-0.566956,-0.565992,-0.565057,-0.564441,-0.56388,-0.563312,-0.562755,-0.562205,-0.56166,-0.561119
-0.380828,-0.383944,-0.387023,-0.390066,-0.393071,-0.395981,-0.398619,-0.400927,-0.40305,-0.405008,-0.407029,-0.408599,-0.409947,-0.411378,-0.412665,-0.413605,-0.414036,-0.414259,-0.414327,-0.414241,-0.414068,-0.413677,-0.413081,-0.412481,-0.411839,-0.411268,-0.410814,-0.410524,-0.410434,-0.410572,-0.410962,-0.411626,-0.412602,-0.413868,-0.4155,-0.417428,-0.419666,-0.422239,-0.424999,-0.427984,-0.431162,-0.434293,-0.437472,-0.440685,-0.443846,-0.446947,-0.449938,-0.452809,-0.455369,-0.457704,-0.459957,-0.46196,-0.463696,-0.464726,-0.465714,-0.466444,-0.467051,-0.467492,-0.467719,-0.467732,-0.467634,-0.467426,-0.467142,-0.466828,-0.466604,-0.466496,-0.466427,-0.466821,-0.467416,-0.468029,-0.468596,-0.46922,-0.470528,-0.472176,-0.474203,-0.476606,-0.479106,-0.481828,-0.484831,-0.487519,-0.490099,-0.492744,-0.496792,-0.501186,-0.505564,-0.510322,-0.514143,-0.518098,-0.52225,-0.526463,-0.530564,-0.534493,-0.538569,-0.542063,-0.544952,-0.547932,-0.551452,-0.555786,-0.559943,-0.561785,-0.565481,-0.56926,-0.572939,-0.576081,-0.578853,-0.581588,-0.584233,-0.586557,-0.588744,-0.590753,-0.592475,-0.594272,-0.595537,-0.59595,-0.596379,-0.596019,-0.595669,-0.594693,-0.593958,-0.593151,-0.592198,-0.591184,-0.589993,-0.588337,-0.586608,-0.585203,-0.583964,-0.582454,-0.581347,-0.580301,-0.57906,-0.57811,-0.57722,-0.57657,-0.576022,-0.575483,-0.574924,-0.574392,-0.573881,-0.573377,-0.57288,-0.572389
-0.375082,-0.377374,-0.379639,-0.381876,-0.384084,-0.386281,-0.388618,-0.391331,-0.393992,-0.396519,-0.398973,-0.400817,-0.402312,-0.403541,-0.404139,-0.404514,-0.404716,-0.405023,-0.404853,-0.404254,-0.40392,-0.403283,-0.402559,-0.401989,-0.400977,-0.400113,-0.399563,-0.399147,-0.398949,-0.398985,-0.399279,-0.399831,-0.400677,-0.401799,-0.403229,-0.404975,-0.406935,-0.409149,-0.41157,-0.41409,-0.416666,-0.419284,-0.421866,-0.424346,-0.426767,-0.429095,-0.431197,-0.433032,-0.434816,-0.436372,-0.437531,-0.438332,-0.438997,-0.439647,-0.440118,-0.440371,-0.44039,-0.440287,-0.440056,-0.439644,-0.439143,-0.438945,-0.438835,-0.438737,-0.438684,-0.438587,-0.438793,-0.439027,-0.439305,-0.439699,-0.440113,-0.44068,-0.441684,-0.443258,-0.444925,-0.446494,-0.448129,-0.450395,-0.453042,-0.455645,-0.458093,-0.460579,-0.462995,-0.465521,-0.46926,-0.474007,-0.478398,-0.481888,-0.485545,-0.489588,-0.494311,-0.499189,-0.504713,-0.509548,-0.513698,-0.518003,-0.522647,-0.527139,-0.531632,-0.535573,-0.539807,-0.544296,-0.548087,-0.552119,-0.556127,-0.559853,-0.563241,-0.566365,-0.568892,-0.571235,-0.573416,-0.575183,-0.576609,-0.578445,-0.581941,-0.584359,-0.585201,-0.585508,-0.585315,-0.585103,-0.584318,-0.583715,-0.583128,-0.582321,-0.581526,-0.580678,-0.579804,-0.579005,-0.578042,-0.577257,-0.576668,-0.575854,-0.575284,-0.574753,-0.574218,-0.573832,-0.573516,-0.573206,-0.573044,-0.572886,-0.572731,-0.572581
-0.370044,-0.373361,-0.376632,-0.379856,-0.383031,-0.386215,-0.38893,-0.391005,-0.393058,-0.39519,-0.397265,-0.398995,-0.400431,-0.401403,-0.402067,-0.402011,-0.401985,-0.402042,-0.40201,-0.401246,-0.400233,-0.399266,-0.398364,-0.397442,-0.396222,-0.395121,-0.394204,-0.393505,-0.393003,-0.392721,-0.392661,-0.392845,-0.393275,-0.39397,-0.394935,-0.396148,-0.397568,-0.39916,-0.400913,-0.402768,-0.404621,-0.406466,-0.408277,-0.409936,-0.411327,-0.412685,-0.413963,-0.415062,-0.415979,-0.416739,-0.41735,-0.417787,-0.418037,-0.418119,-0.418068,-0.4179,-0.417629,-0.41726,-0.416958,-0.41662,-0.416369,-0.416077,-0.415686,-0.415341,-0.415044,-0.415198,-0.415607,-0.416058,-0.416399,-0.4167,-0.416909,-0.417178,-0.417567,-0.418458,-0.419442,-0.420558,-0.421619,-0.423581,-0.425144,-0.426719,-0.428908,-0.430996,-0.433332,-0.435355,-0.437372,-0.439793,-0.443534,-0.448026,-0.452974,-0.457668,-0.462263,-0.465343,-0.469871,-0.475989,-0.480929,-0.486741,-0.491403,-0.496001,-0.500682,-0.505234,-0.509768,-0.514837,-0.519166,-0.523101,-0.526822,-0.531131,-0.535589,-0.53994,-0.543228,-0.548285,-0.553773,-0.557459,-0.561318,-0.564524,-0.566359,-0.567736,-0.569266,-0.570525,-0.57144,-0.572067,-0.572084,-0.572003,-0.57174,-0.571262,-0.571108,-0.57103,-0.570758,-0.570299,-0.569792,-0.569508,-0.56928,-0.569005,-0.568713,-0.568416,-0.568366,-0.56827,-0.56813,-0.567989,-0.567974,-0.56796,-0.567947,-0.567934
-0.374572,-0.377158,-0.37971,-0.382226,-0.384706,-0.387076,-0.389371,-0.391775,-0.394064,-0.396248,-0.398044,-0.39966,-0.40083,-0.401763,-0.402237,-0.402557,-0.40229,-0.401824,-0.400731,-0.399547,-0.398338,-0.39735,-0.396327,-0.395263,-0.393961,-0.392757,-0.391705,-0.390794,-0.389744,-0.388851,-0.388246,-0.38795,-0.387869,-0.388009,-0.388373,-0.388945,-0.389716,-0.390618,-0.391559,-0.392495,-0.393559,-0.394753,-0.395931,-0.396866,-0.39769,-0.398462,-0.399056,-0.399557,-0.399958,-0.40023,-0.400373,-0.4004,-0.40032,-0.400144,-0.399873,-0.399601,-0.399274,-0.398924,-0.398598,-0.398282,-0.397901,-0.397414,-0.39693,-0.396834,-0.396886,-0.396852,-0.397059,-0.397436,-0.397601,-0.397565,-0.397663,-0.39796,-0.39841,-0.398576,-0.398779,-0.399374,-0.400394,-0.400889,-0.400805,-0.401792,-0.403404,-0.405197,-0.406931,-0.408943,-0.41095,-0.412802,-0.416023,-0.419076,-0.421888,-0.426967,-0.432179,-0.435743,-0.440995,-0.445401,-0.448974,-0.453505,-0.459694,-0.464484,-0.469337,-0.474244,-0.479143,-0.484245,-0.489586,-0.49483,-0.499609,-0.506024,-0.512518,-0.517412,-0.522409,-0.527956,-0.532908,-0.537036,-0.541302,-0.544089,-0.54653,-0.549379,-0.551436,-0.552909,-0.553853,-0.554922,-0.556232,-0.55722,-0.55787,-0.558141,-0.558491,-0.558792,-0.558849,-0.558773,-0.558649,-0.558893,-0.559094,-0.559197,-0.559267,-0.559337,-0.559616,-0.559862,-0.560085,-0.560222,-0.560346,-0.560466,-0.56058,-0.560689
-0.382822,-0.384456,-0.386074,-0.387673,-0.389252,-0.390981,-0.392816,-0.395603,-0.398613,-0.400198,-0.401604,-0.403078,-0.403977,-0.404699,-0.405006,-0.404914,-0.404538,-0.404188,-0.403587,-0.402654,-0.401629,-0.400204,-0.39858,-0.396728,-0.39434,-0.392229,-0.390833,-0.38956,-0.388566,-0.38737,-0.386225,-0.385317,-0.384674,-0.384231,-0.383969,-0.383893,-0.383986,-0.384221,-0.38453,-0.384922,-0.385356,-0.385796,-0.386233,-0.386584,-0.386882,-0.387121,-0.387312,-0.387428,-0.387465,-0.387411,-0.387283,-0.387069,-0.386827,-0.386535,-0.38617,-0.385857,-0.385534,-0.385159,-0.384815,-0.384444,-0.384112,-0.383805,-0.383649,-0.383463,-0.383231,-0.383069,-0.383051,-0.383026,-0.382976,-0.382952,-0.383386,-0.383829,-0.383799,-0.383739,-0.384153,-0.384655,-0.385062,-0.38555,-0.385927,-0.385913,-0.385845,-0.386223,-0.387894,-0.389534,-0.390796,-0.392927,-0.395161,-0.39729,-0.399934,-0.403825,-0.407444,-0.411296,-0.416674,-0.421377,-0.424198,-0.427212,-0.430909,-0.435774,-0.440805,-0.446347,-0.451342,-0.456555,-0.462439,-0.468408,-0.474206,-0.481248,-0.488182,-0.494161,-0.49891,-0.504727,-0.50999,-0.514057,-0.518807,-0.521643,-0.523849,-0.527462,-0.530688,-0.533229,-0.535478,-0.537606,-0.539086,-0.540282,-0.541402,-0.542315,-0.543461,-0.544138,-0.544613,-0.545017,-0.54537,-0.545905,-0.546497,-0.547004,-0.547367,-0.5477,-0.54814,-0.548581,-0.549039,-0.549518,-0.549859,-0.550184,-0.550492,-0.550784
-0.390102,-0.392094,-0.394063,-0.39601,-0.397932,-0.399795,-0.401642,-0.402709,-0.403683,-0.404564,-0.405452,-0.406789,-0.407667,-0.408333,-0.408401,-0.407989,-0.40762,-0.406436,-0.404935,-0.403081,-0.40249,-0.401537,-0.399841,-0.398181,-0.396042,-0.393646,-0.391439,-0.389702,-0.387817,-0.386085,-0.384533,-0.383179,-0.381996,-0.381011,-0.380184,-0.379514,-0.378988,-0.378615,-0.378376,-0.378236,-0.378157,-0.378111,-0.378073,-0.378025,-0.377965,-0.37788,-0.377756,-0.377597,-0.377382,-0.377129,-0.376884,-0.376583,-0.376273,-0.375952,-0.375577,-0.375185,-0.37493,-0.374638,-0.37432,-0.374025,-0.373741,-0.373531,-0.373285,-0.372951,-0.372728,-0.372652,-0.372886,-0.372826,-0.372671,-0.372671,-0.372687,-0.372577,-0.372486,-0.372541,-0.372397,-0.372436,-0.372922,-0.37331,-0.373542,-0.373726,-0.374012,-0.3744,-0.37475,-0.375118,-0.376724,-0.378251,-0.379451,-0.38141,-0.383678,-0.384939,-0.386684,-0.389282,-0.390644,-0.394604,-0.399263,-0.403275,-0.407908,-0.412138,-0.416387,-0.421115,-0.427044,-0.4332,-0.439593,-0.445855,-0.452139,-0.457946,-0.463043,-0.469277,-0.474763,-0.479955,-0.485408,-0.490467,-0.495323,-0.502229,-0.507407,-0.511295,-0.512701,-0.515287,-0.518713,-0.521228,-0.523109,-0.524669,-0.525981,-0.527094,-0.528309,-0.529362,-0.530244,-0.530931,-0.531617,-0.532449,-0.533482,-0.534345,-0.535031,-0.535515,-0.536012,-0.536675,-0.537308,-0.537896,-0.538444,-0.538951,-0.539421,-0.539853
-0.403495,-0.404347,-0.405191,-0.406027,-0.406854,-0.407642,-0.408171,-0.409214,-0.410253,-0.41067,-0.411063,-0.411883,-0.412186,-0.412284,-0.411578,-0.411382,-0.411103,-0.41034,-0.409446,-0.408261,-0.405882,-0.40344,-0.401413,-0.399394,-0.397155,-0.395004,-0.392703,-0.390381,-0.388111,-0.385915,-0.383898,-0.382128,-0.380507,-0.379034,-0.377722,-0.376604,-0.375661,-0.374807,-0.374088,-0.373497,-0.37297,-0.372501,-0.372161,-0.371834,-0.371497,-0.371155,-0.37079,-0.370488,-0.370174,-0.369806,-0.369444,-0.369182,-0.368885,-0.368537,-0.368228,-0.368022,-0.36775,-0.367422,-0.367207,-0.36701,-0.36682,-0.366613,-0.366538,-0.366452,-0.36627,-0.365992,-0.365725,-0.365597,-0.365587,-0.3654,-0.365117,-0.364939,-0.36499,-0.364768,-0.364435,-0.364475,-0.364795,-0.365049,-0.365375,-0.366109,-0.366356,-0.366365,-0.366394,-0.367083,-0.367727,-0.368311,-0.369663,-0.371215,-0.372191,-0.372907,-0.374273,-0.376216,-0.37824,-0.380483,-0.383918,-0.38775,-0.391547,-0.395445,-0.399568,-0.404862,-0.410236,-0.415389,-0.422014,-0.428434,-0.434595,-0.440822,-0.447247,-0.453214,-0.458868,-0.465742,-0.473203,-0.478276,-0.483408,-0.487389,-0.491302,-0.495136,-0.498195,-0.501021,-0.504011,-0.507158,-0.509512,-0.511315,-0.512735,-0.513969,-0.515391,-0.516863,-0.518013,-0.51898,-0.520029,-0.521082,-0.522003,-0.52291,-0.523814,-0.524551,-0.525126,-0.525692,-0.526255,-0.526763,-0.527225,-0.527642,-0.528015,-0.528345
-0.416904,-0.417107,-0.417309,-0.417509,-0.417707,-0.417876,-0.417781,-0.418126,-0.418562,-0.418293,-0.417992,-0.418315,-0.418229,-0.417914,-0.41687,-0.416236,-0.415198,-0.41366,-0.41204,-0.410444,-0.408729,-0.406853,-0.404432,-0.402331,-0.399695,-0.397066,-0.394482,-0.391938,-0.389465,-0.386897,-0.384539,-0.382421,-0.38024,-0.378194,-0.376546,-0.375036,-0.373654,-0.372441,-0.371329,-0.370309,-0.369527,-0.368836,-0.368198,-0.367646,-0.36713,-0.366607,-0.366151,-0.365706,-0.36527,-0.364934,-0.364549,-0.364234,-0.363869,-0.363494,-0.363266,-0.36305,-0.362824,-0.362617,-0.362407,-0.362227,-0.362088,-0.361903,-0.361752,-0.361728,-0.361685,-0.361383,-0.361143,-0.36111,-0.36104,-0.360965,-0.360878,-0.360891,-0.360862,-0.360817,-0.360813,-0.36091,-0.360941,-0.361118,-0.361429,-0.361898,-0.362191,-0.362272,-0.362636,-0.362922,-0.363092,-0.363621,-0.36473,-0.365731,-0.366595,-0.367658,-0.369016,-0.370349,-0.371657,-0.37318,-0.3755,-0.378098,-0.381621,-0.384788,-0.38794,-0.392683,-0.398082,-0.40313,-0.408758,-0.414414,-0.420266,-0.425866,-0.431515,-0.438185,-0.443923,-0.449247,-0.455268,-0.460534,-0.464904,-0.46894,-0.473258,-0.478256,-0.482835,-0.486122,-0.488786,-0.49133,-0.493772,-0.496398,-0.498859,-0.500996,-0.502541,-0.503971,-0.505602,-0.50686,-0.507976,-0.509078,-0.510141,-0.511024,-0.511855,-0.512655,-0.513349,-0.513955,-0.514457,-0.514906,-0.515345,-0.515731,-0.516047,-0.516297,-0.51648
-0.429433,-0.429101,-0.428772,-0.428445,-0.428121,-0.427772,-0.426997,-0.42659,-0.42625,-0.425419,-0.424475,-0.424109,-0.42364,-0.422463,-0.42134,-0.420501,-0.419729,-0.418853,-0.417492,-0.415029,-0.412466,-0.410079,-0.407894,-0.404798,-0.401551,-0.398833,-0.396149,-0.393463,-0.390617,-0.387786,-0.385161,-0.382676,-0.3804,-0.377968,-0.375888,-0.374125,-0.372535,-0.370946,-0.369569,-0.368307,-0.3672,-0.366289,-0.365444,-0.364653,-0.363966,-0.363378,-0.362792,-0.362294,-0.361914,-0.361521,-0.361157,-0.360845,-0.360508,-0.360135,-0.359903,-0.35968,-0.359459,-0.359264,-0.359148,-0.358991,-0.358826,-0.358769,-0.358695,-0.358727,-0.358755,-0.358752,-0.358723,-0.358782,-0.35895,-0.359094,-0.359143,-0.359133,-0.359212,-0.359449,-0.359655,-0.359823,-0.35994,-0.360142,-0.360378,-0.360924,-0.361374,-0.362042,-0.362642,-0.36318,-0.36375,-0.364368,-0.364834,-0.365413,-0.366743,-0.36821,-0.369544,-0.371239,-0.373035,-0.375038,-0.377326,-0.379754,-0.382121,-0.385264,-0.388996,-0.392798,-0.396627,-0.401951,-0.407438,-0.412886,-0.417552,-0.422876,-0.428218,-0.433319,-0.438119,-0.444043,-0.449277,-0.453618,-0.457759,-0.4623,-0.466724,-0.471093,-0.475173,-0.478842,-0.481959,-0.484419,-0.486847,-0.489183,-0.491668,-0.493745,-0.495229,-0.496517,-0.497821,-0.499161,-0.500319,-0.501308,-0.502191,-0.503053,-0.503859,-0.504567,-0.505142,-0.505617,-0.505985,-0.506216,-0.506401,-0.506532,-0.506587,-0.506572,-0.506488
-0.442578,-0.441658,-0.440744,-0.439835,-0.438931,-0.437828,-0.436414,-0.435447,-0.434452,-0.433255,-0.432047,-0.431258,-0.429549,-0.427951,-0.426663,-0.42449,-0.42225,-0.421128,-0.419365,-0.417701,-0.416122,-0.41373,-0.41098,-0.408173,-0.405082,-0.401946,-0.398803,-0.395968,-0.393147,-0.389903,-0.386832,-0.384279,-0.381804,-0.378945,-0.376214,-0.374231,-0.372401,-0.370654,-0.369001,-0.367489,-0.366223,-0.36505,-0.36398,-0.363118,-0.362314,-0.361582,-0.361032,-0.360526,-0.360019,-0.359655,-0.359317,-0.358984,-0.358656,-0.35845,-0.358265,-0.358049,-0.357902,-0.3578,-0.357684,-0.357589,-0.357545,-0.357488,-0.357569,-0.357668,-0.357779,-0.358034,-0.358265,-0.358442,-0.35856,-0.358872,-0.359151,-0.359412,-0.359683,-0.359899,-0.360464,-0.361075,-0.361689,-0.362241,-0.362712,-0.363098,-0.363819,-0.364651,-0.36548,-0.366471,-0.367452,-0.368338,-0.369106,-0.370114,-0.371356,-0.372663,-0.374283,-0.376388,-0.378678,-0.380866,-0.383152,-0.385765,-0.388808,-0.391943,-0.395066,-0.398463,-0.402447,-0.406512,-0.410568,-0.414966,-0.419623,-0.424605,-0.429513,-0.434346,-0.439557,-0.444599,-0.448942,-0.453485,-0.458156,-0.461993,-0.465557,-0.469285,-0.47304,-0.476777,-0.479729,-0.48218,-0.484697,-0.486884,-0.488835,-0.490646,-0.49205,-0.493317,-0.494462,-0.495729,-0.496846,-0.497827,-0.498664,-0.499343,-0.499853,-0.500284,-0.500601,-0.50081,-0.500935,-0.500977,-0.500917,-0.500769,-0.500535,-0.50022,-0.499829
-0.455222,-0.453608,-0.451999,-0.450398,-0.448804,-0.447279,-0.44574,-0.444262,-0.442892,-0.441497,-0.43996,-0.4386,-0.436938,-0.435301,-0.433013,-0.430796,-0.428798,-0.426377,-0.424093,-0.421841,-0.419544,-0.4172,-0.4148,-0.412012,-0.40856,-0.405106,-0.40167,-0.398433,-0.395274,-0.392402,-0.389705,-0.386682,-0.383655,-0.380712,-0.377927,-0.375407,-0.373169,-0.371135,-0.369248,-0.367542,-0.366051,-0.364722,-0.363579,-0.36257,-0.361664,-0.360948,-0.360285,-0.359702,-0.359249,-0.358825,-0.358452,-0.358178,-0.357915,-0.35776,-0.357614,-0.357515,-0.357417,-0.357382,-0.357344,-0.357313,-0.357326,-0.357441,-0.357649,-0.357883,-0.358147,-0.35837,-0.358807,-0.359283,-0.359716,-0.36016,-0.360903,-0.361607,-0.362257,-0.362742,-0.363182,-0.364057,-0.365115,-0.366037,-0.366783,-0.36761,-0.368492,-0.369285,-0.370408,-0.371599,-0.372767,-0.3744,-0.375978,-0.377482,-0.379002,-0.380535,-0.38239,-0.384261,-0.386225,-0.38863,-0.391629,-0.394582,-0.397575,-0.400892,-0.40461,-0.408375,-0.412305,-0.416222,-0.420651,-0.425063,-0.429423,-0.433749,-0.438097,-0.442734,-0.447317,-0.451394,-0.455767,-0.460231,-0.463597,-0.466506,-0.470185,-0.473588,-0.476679,-0.479847,-0.482388,-0.484898,-0.486997,-0.488391,-0.489878,-0.491708,-0.493662,-0.494851,-0.496075,-0.497095,-0.497965,-0.498661,-0.499213,-0.499642,-0.499939,-0.500177,-0.500273,-0.500225,-0.500065,-0.4998,-0.499414,-0.498911,-0.498318,-0.497641,-0.496885
-0.467522,-0.465315,-0.463113,-0.460918,-0.45873,-0.45699,-0.455236,-0.453307,-0.451809,-0.45026,-0.448306,-0.446135,-0.443659,-0.440967,-0.438413,-0.436575,-0.434454,-0.432252,-0.429904,-0.426435,-0.423524,-0.420632,-0.417556,-0.415052,-0.412639,-0.409967,-0.406739,-0.403358,-0.399972,-0.396615,-0.393305,-0.390023,-0.386652,-0.383418,-0.380357,-0.377595,-0.374996,-0.372649,-0.37055,-0.368554,-0.366851,-0.365468,-0.364173,-0.362962,-0.361992,-0.36118,-0.360439,-0.359889,-0.359409,-0.358989,-0.358673,-0.358404,-0.3582,-0.358005,-0.357914,-0.357939,-0.35794,-0.357927,-0.357912,-0.358102,-0.358344,-0.35859,-0.358838,-0.35925,-0.35975,-0.360333,-0.360967,-0.361605,-0.362335,-0.363082,-0.363888,-0.364984,-0.366184,-0.366773,-0.367444,-0.368626,-0.369785,-0.37094,-0.372316,-0.373636,-0.374809,-0.376026,-0.377289,-0.378496,-0.380139,-0.381789,-0.38391,-0.38605,-0.388119,-0.38998,-0.392091,-0.394533,-0.396948,-0.399648,-0.40246,-0.405413,-0.408789,-0.412657,-0.416478,-0.420425,-0.424623,-0.429005,-0.433405,-0.437892,-0.44236,-0.447026,-0.451279,-0.455475,-0.45984,-0.463991,-0.468053,-0.472017,-0.475925,-0.479439,-0.48162,-0.48378,-0.486004,-0.488552,-0.491329,-0.49387,-0.496119,-0.498343,-0.499866,-0.501106,-0.502145,-0.503121,-0.503703,-0.504373,-0.504938,-0.505414,-0.505761,-0.506043,-0.506191,-0.506169,-0.505994,-0.505696,-0.505278,-0.504746,-0.504088,-0.503335,-0.502503,-0.501597,-0.50062
-0.479265,-0.477093,-0.474923,-0.472757,-0.470594,-0.468248,-0.465894,-0.463573,-0.460514,-0.456989,-0.454302,-0.45235,-0.45026,-0.448121,-0.445819,-0.443049,-0.440245,-0.438353,-0.435854,-0.432967,-0.429629,-0.426352,-0.423281,-0.42021,-0.41694,-0.41389,-0.410629,-0.407233,-0.404177,-0.401169,-0.397652,-0.394152,-0.390708,-0.387353,-0.384098,-0.381121,-0.37837,-0.375793,-0.373414,-0.371343,-0.369452,-0.367676,-0.366196,-0.364857,-0.363583,-0.362635,-0.361973,-0.361338,-0.360763,-0.360428,-0.360098,-0.35977,-0.359579,-0.359532,-0.359489,-0.359516,-0.359654,-0.359955,-0.360252,-0.36054,-0.360868,-0.361318,-0.361792,-0.362445,-0.36311,-0.363742,-0.364645,-0.365713,-0.366902,-0.367954,-0.368996,-0.370028,-0.371055,-0.372282,-0.373692,-0.375086,-0.376406,-0.377652,-0.378907,-0.380635,-0.382535,-0.384258,-0.385974,-0.387593,-0.389186,-0.390702,-0.392812,-0.394826,-0.397167,-0.399661,-0.402209,-0.404974,-0.407741,-0.41078,-0.414051,-0.417292,-0.420886,-0.424685,-0.428621,-0.433017,-0.437704,-0.442368,-0.447242,-0.452383,-0.457357,-0.46209,-0.46647,-0.470807,-0.475031,-0.479117,-0.483207,-0.486641,-0.48956,-0.493127,-0.496658,-0.501181,-0.503746,-0.505517,-0.507118,-0.508932,-0.510493,-0.512244,-0.513083,-0.513888,-0.514931,-0.515885,-0.516585,-0.517003,-0.517337,-0.517607,-0.517844,-0.517916,-0.517873,-0.517708,-0.517401,-0.516934,-0.516372,-0.515629,-0.514739,-0.513579,-0.512299,-0.510902,-0.50939
-0.4941,-0.49114,-0.48818,-0.485221,-0.482263,-0.47933,-0.476513,-0.473858,-0.471191,-0.468511,-0.465321,-0.462075,-0.458809,-0.456209,-0.453743,-0.450939,-0.448224,-0.44546,-0.442488,-0.439657,-0.436733,-0.433215,-0.43012,-0.426931,-0.423663,-0.420167,-0.416616,-0.412666,-0.409218,-0.405768,-0.402092,-0.398473,-0.394919,-0.391845,-0.388711,-0.385544,-0.382452,-0.379733,-0.377274,-0.374906,-0.372879,-0.371101,-0.369399,-0.367835,-0.366718,-0.365653,-0.364777,-0.364108,-0.363478,-0.362971,-0.362691,-0.362492,-0.362346,-0.362299,-0.362357,-0.362489,-0.362783,-0.363117,-0.363661,-0.364172,-0.364791,-0.365629,-0.366466,-0.367232,-0.36816,-0.369269,-0.370477,-0.371695,-0.37304,-0.374483,-0.376076,-0.377348,-0.378767,-0.380324,-0.381826,-0.383339,-0.384965,-0.386491,-0.388217,-0.390169,-0.391999,-0.394012,-0.39596,-0.3978,-0.399619,-0.401579,-0.403537,-0.405843,-0.408597,-0.411284,-0.414133,-0.417158,-0.420231,-0.42366,-0.427102,-0.430699,-0.434809,-0.438883,-0.443132,-0.448047,-0.452957,-0.457774,-0.462427,-0.467437,-0.472439,-0.477445,-0.482418,-0.486836,-0.491194,-0.495745,-0.500721,-0.505526,-0.509706,-0.513214,-0.516101,-0.518267,-0.52076,-0.522472,-0.523572,-0.525245,-0.526455,-0.527431,-0.527932,-0.528235,-0.528825,-0.52919,-0.52943,-0.529672,-0.529862,-0.52997,-0.529958,-0.529885,-0.529662,-0.529335,-0.528882,-0.528033,-0.527191,-0.526142,-0.52473,-0.523209,-0.521587,-0.519869
-0.510539,-0.507337,-0.504132,-0.500922,-0.49771,-0.494472,-0.490887,-0.487285,-0.483548,-0.479977,-0.476403,-0.473081,-0.469792,-0.466386,-0.463238,-0.460199,-0.457457,-0.455003,-0.452477,-0.449759,-0.446433,-0.442874,-0.439456,-0.436269,-0.432933,-0.429512,-0.426024,-0.422359,-0.41801,-0.413636,-0.409917,-0.406694,-0.403436,-0.40021,-0.39691,-0.393576,-0.390268,-0.387032,-0.38424,-0.381694,-0.379288,-0.377243,-0.375513,-0.373856,-0.372521,-0.371505,-0.370549,-0.369768,-0.36922,-0.368813,-0.368523,-0.368306,-0.368397,-0.368505,-0.368625,-0.368748,-0.369072,-0.369607,-0.370303,-0.371236,-0.372225,-0.373133,-0.374194,-0.375338,-0.376611,-0.377801,-0.37923,-0.380555,-0.381796,-0.383304,-0.38552,-0.387539,-0.389265,-0.390866,-0.392606,-0.394539,-0.396362,-0.398177,-0.400053,-0.401895,-0.403683,-0.405399,-0.407294,-0.409539,-0.411832,-0.413882,-0.415891,-0.418334,-0.421011,-0.423677,-0.42662,-0.429755,-0.432874,-0.436405,-0.439974,-0.443762,-0.447901,-0.45201,-0.4564,-0.46099,-0.465592,-0.470441,-0.475172,-0.479868,-0.48471,-0.49014,-0.495473,-0.500499,-0.505019,-0.509758,-0.51456,-0.519185,-0.522654,-0.525903,-0.528974,-0.531846,-0.533808,-0.535831,-0.537883,-0.539465,-0.540205,-0.540849,-0.541424,-0.54187,-0.542194,-0.542453,-0.542597,-0.542652,-0.542658,-0.542609,-0.542522,-0.542298,-0.541896,-0.541384,-0.540728,-0.540051,-0.539344,-0.538322,-0.53724,-0.536103,-0.534916
-0.530887,-0.526931,-0.522967,-0.518992,-0.515009,-0.510923,-0.506862,-0.503071,-0.499185,-0.49537,-0.491588,-0.487731,-0.484061,-0.480725,-0.477342,-0.473848,-0.470386,-0.466818,-0.462763,-0.459364,-0.456307,-0.453209,-0.449965,-0.446933,-0.443642,-0.440037,-0.436275,-0.432679,-0.42901,-0.425197,-0.421431,-0.417759,-0.414029,-0.410226,-0.406651,-0.403152,-0.400129,-0.397116,-0.394302,-0.391629,-0.38907,-0.3866,-0.384492,-0.38276,-0.38112,-0.379876,-0.378911,-0.378106,-0.377578,-0.377181,-0.377048,-0.377078,-0.377142,-0.377287,-0.377679,-0.37808,-0.378633,-0.379239,-0.379867,-0.38115,-0.382479,-0.383522,-0.384485,-0.385928,-0.387376,-0.388897,-0.390456,-0.391844,-0.393497,-0.395223,-0.396975,-0.398582,-0.400219,-0.401933,-0.40396,-0.405822,-0.407687,-0.409521,-0.41136,-0.413225,-0.415322,-0.417399,-0.419482,-0.421501,-0.423499,-0.425649,-0.427774,-0.430096,-0.432641,-0.435168,-0.438092,-0.44114,-0.444191,-0.447604,-0.451144,-0.454866,-0.458868,-0.462855,-0.467239,-0.47179,-0.476325,-0.481192,-0.48615,-0.491091,-0.496378,-0.501114,-0.506098,-0.511068,-0.515755,-0.520264,-0.524237,-0.527992,-0.5317,-0.534782,-0.537656,-0.540312,-0.542619,-0.544531,-0.546241,-0.547594,-0.548586,-0.549297,-0.549839,-0.550197,-0.550474,-0.550629,-0.550671,-0.550632,-0.550538,-0.550454,-0.550369,-0.550269,-0.550107,-0.549878,-0.549746,-0.549533,-0.548981,-0.548397,-0.547782,-0.547138
-0.55315,-0.548734,-0.544302,-0.539854,-0.535389,-0.530741,-0.526081,-0.52181,-0.517476,-0.513127,-0.509156,-0.505718,-0.502159,-0.49851,-0.494612,-0.49058,-0.48639,-0.481882,-0.477422,-0.473565,-0.469666,-0.46602,-0.462329,-0.45859,-0.454844,-0.451773,-0.448635,-0.445644,-0.441927,-0.43813,-0.4356,-0.433138,-0.428249,-0.423198,-0.419663,-0.416197,-0.41291,-0.409873,-0.406752,-0.403687,-0.400872,-0.398626,-0.396603,-0.394692,-0.393037,-0.391727,-0.39072,-0.38989,-0.389417,-0.389184,-0.388985,-0.389122,-0.389407,-0.389687,-0.390001,-0.390841,-0.391806,-0.392759,-0.393659,-0.39456,-0.395521,-0.39669,-0.397913,-0.399167,-0.400538,-0.401984,-0.403449,-0.404884,-0.406322,-0.407822,-0.40919,-0.410517,-0.411919,-0.413767,-0.415673,-0.41784,-0.419645,-0.421484,-0.42333,-0.425181,-0.427268,-0.429506,-0.431512,-0.433086,-0.434625,-0.43689,-0.439173,-0.441482,-0.443942,-0.446378,-0.449083,-0.451867,-0.454631,-0.457801,-0.461124,-0.464582,-0.468495,-0.472392,-0.476466,-0.480727,-0.484617,-0.488892,-0.493272,-0.497608,-0.502144,-0.506719,-0.511231,-0.515609,-0.519853,-0.523791,-0.527401,-0.530836,-0.534235,-0.537248,-0.539977,-0.542452,-0.544439,-0.546294,-0.547864,-0.549053,-0.549818,-0.550412,-0.550835,-0.55107,-0.551169,-0.551164,-0.551054,-0.550998,-0.550953,-0.550783,-0.550761,-0.550716,-0.550616,-0.550559,-0.550589,-0.550617,-0.550646,-0.550678,-0.550711
-0.579628,-0.574552,-0.569452,-0.564329,-0.559183,-0.55401,-0.548818,-0.543632,-0.538394,-0.533141,-0.528164,-0.523605,-0.519043,-0.514304,-0.509271,-0.504952,-0.50114,-0.497644,-0.494244,-0.491202,-0.487477,-0.483778,-0.479955,-0.476217,-0.472509,-0.468659,-0.464972,-0.46205,-0.459012,-0.455819,-0.452363,-0.448103,-0.444014,-0.439915,-0.436102,-0.432776,-0.429654,-0.426418,-0.423213,-0.420373,-0.417917,-0.415625,-0.413753,-0.412184,-0.410625,-0.409337,-0.408507,-0.407894,-0.407396,-0.407449,-0.407537,-0.407624,-0.407934,-0.408634,-0.409323,-0.410118,-0.410991,-0.411859,-0.412736,-0.413572,-0.41461,-0.415672,-0.416786,-0.418034,-0.419295,-0.420581,-0.421888,-0.423185,-0.424529,-0.42603,-0.427466,-0.428974,-0.430628,-0.432466,-0.4339,-0.435201,-0.436609,-0.437957,-0.439483,-0.441042,-0.442504,-0.444646,-0.446415,-0.44815,-0.449941,-0.451844,-0.453931,-0.455802,-0.457493,-0.459667,-0.462103,-0.464462,-0.46683,-0.469597,-0.472476,-0.475784,-0.479166,-0.482722,-0.486137,-0.489511,-0.492931,-0.496812,-0.500615,-0.504432,-0.508309,-0.512142,-0.515821,-0.519373,-0.52287,-0.526232,-0.529296,-0.532159,-0.534825,-0.537276,-0.539533,-0.541506,-0.543048,-0.54432,-0.545223,-0.54585,-0.546303,-0.546583,-0.546669,-0.546638,-0.546528,-0.546348,-0.546121,-0.545845,-0.545757,-0.545883,-0.546051,-0.546397,-0.546706,-0.546667,-0.546626,-0.546582,-0.546535
-0.60295,-0.597572,-0.592166,-0.586731,-0.581268,-0.575889,-0.570488,-0.565126,-0.559919,-0.554696,-0.549441,-0.54444,-0.538518,-0.533234,-0.52734,-0.521194,-0.516516,-0.512255,-0.509036,-0.50609,-0.502363,-0.498339,-0.494305,-0.490541,-0.487672,-0.48476,-0.481606,-0.478137,-0.474615,-0.471477,-0.466601,-0.463383,-0.460416,-0.45791,-0.455568,-0.451866,-0.447707,-0.44422,-0.441407,-0.438788,-0.437363,-0.436034,-0.434375,-0.433072,-0.431882,-0.430964,-0.430697,-0.430535,-0.430409,-0.430571,-0.43089,-0.431181,-0.431633,-0.432271,-0.432859,-0.433254,-0.433932,-0.434763,-0.435587,-0.436311,-0.43706,-0.437949,-0.438875,-0.439807,-0.440742,-0.441715,-0.442722,-0.443746,-0.444841,-0.446105,-0.447631,-0.449047,-0.450229,-0.451436,-0.452125,-0.453287,-0.454844,-0.456052,-0.457161,-0.457995,-0.458829,-0.459952,-0.461442,-0.462877,-0.464239,-0.466326,-0.468115,-0.469754,-0.471161,-0.473081,-0.474829,-0.47658,-0.478675,-0.480812,-0.483764,-0.486736,-0.488767,-0.4908,-0.494063,-0.497533,-0.500834,-0.504091,-0.507053,-0.51017,-0.513197,-0.516146,-0.518976,-0.521796,-0.524786,-0.527448,-0.529765,-0.531777,-0.533342,-0.534801,-0.535907,-0.53681,-0.537502,-0.537904,-0.538127,-0.538251,-0.538246,-0.538133,-0.538028,-0.537892,-0.537735,-0.537518,-0.537457,-0.537456,-0.537638,-0.538088,-0.538594,-0.539135,-0.53971,-0.540317
-0.622304,-0.616363,-0.61038,-0.604355,-0.598287,-0.592315,-0.586411,-0.580966,-0.575401,-0.569494,-0.56354,-0.558006,-0.552953,-0.548383,-0.543857,-0.539316,-0.534762,-0.530174,-0.52556,-0.520935,-0.51681,-0.513011,-0.509833,-0.506456,-0.503159,-0.500091,-0.496732,-0.493377,-0.490675,-0.488586,-0.486336,-0.482951,-0.48094,-0.478834,-0.476648,-0.475095,-0.47376,-0.471807,-0.469847,-0.468664,-0.467085,-0.465451,-0.464241,-0.463364,-0.462464,-0.461957,-0.46207,-0.462232,-0.462398,-0.462637,-0.46308,-0.463473,-0.463806,-0.464012,-0.464206,-0.464504,-0.464843,-0.465159,-0.465459,-0.465777,-0.466118,-0.466492,-0.466933,-0.467411,-0.467906,-0.468433,-0.468948,-0.46952,-0.47007,-0.470675,-0.471412,-0.472166,-0.473008,-0.474149,-0.475475,-0.476465,-0.477311,-0.478123,-0.479041,-0.479807,-0.480457,-0.481368,-0.482159,-0.482937,-0.484077,-0.485218,-0.48636,-0.487689,-0.489112,-0.490534,-0.491775,-0.493457,-0.495111,-0.49704,-0.499077,-0.500943,-0.502802,-0.504559,-0.507009,-0.509978,-0.512857,-0.51508,-0.51725,-0.519349,-0.521644,-0.523884,-0.525968,-0.52787,-0.529936,-0.531581,-0.532936,-0.534071,-0.535038,-0.535729,-0.536239,-0.536616,-0.53685,-0.53695,-0.536945,-0.536866,-0.536718,-0.536534,-0.536429,-0.536315,-0.536338,-0.536463,-0.536618,-0.536997,-0.537407,-0.537846,-0.538317
-0.628496,-0.622937,-0.617341,-0.611708,-0.606037,-0.600373,-0.594681,-0.588975,-0.58332,-0.577732,-0.572417,-0.567182,-0.562075,-0.556972,-0.551988,-0.54712,-0.542334,-0.538304,-0.533859,-0.530037,-0.52711,-0.524024,-0.521353,-0.518891,-0.515809,-0.51353,-0.51186,-0.509182,-0.506767,-0.505394,-0.504244,-0.502878,-0.501735,-0.50072,-0.499677,-0.498904,-0.498539,-0.498081,-0.497237,-0.496919,-0.496823,-0.496839,-0.496857,-0.496993,-0.497048,-0.497138,-0.49718,-0.497148,-0.497085,-0.497036,-0.497155,-0.497232,-0.497243,-0.497214,-0.497149,-0.497074,-0.496992,-0.496885,-0.496741,-0.49667,-0.49664,-0.496611,-0.496616,-0.496659,-0.496746,-0.496915,-0.497285,-0.497551,-0.497762,-0.49801,-0.498401,-0.498875,-0.499284,-0.499579,-0.499959,-0.500418,-0.501007,-0.501489,-0.50192,-0.502379,-0.502739,-0.503068,-0.503633,-0.504052,-0.504458,-0.505362,-0.505911,-0.5064,-0.507365,-0.508402,-0.509466,-0.510851,-0.512229,-0.513605,-0.515239,-0.516856,-0.518419,-0.519886,-0.521418,-0.523209,-0.525046,-0.52671,-0.52831,-0.52993,-0.531462,-0.532934,-0.534281,-0.535481,-0.536374,-0.537152,-0.537815,-0.538351,-0.538696,-0.538921,-0.539057,-0.539106,-0.539083,-0.539017,-0.538908,-0.538801,-0.538726,-0.538654,-0.538785,-0.538966,-0.539166,-0.539386,-0.539625
-0.621464,-0.616503,-0.611504,-0.606469,-0.601398,-0.596387,-0.591344,-0.586128,-0.581013,-0.576047,-0.571176,-0.566336,-0.561796,-0.5576,-0.554174,-0.550783,-0.547533,-0.544337,-0.541324,-0.538546,-0.536232,-0.533398,-0.531192,-0.530158,-0.529343,-0.52852,-0.527867,-0.527189,-0.52613,-0.525981,-0.525583,-0.52506,-0.5256,-0.526082,-0.526512,-0.526822,-0.526933,-0.527101,-0.527653,-0.528483,-0.529142,-0.52913,-0.528961,-0.528768,-0.528765,-0.528725,-0.52872,-0.528696,-0.528652,-0.528518,-0.528287,-0.52806,-0.527899,-0.527933,-0.52795,-0.527805,-0.527567,-0.527279,-0.526886,-0.526523,-0.526252,-0.526023,-0.525803,-0.525628,-0.525504,-0.52545,-0.52544,-0.525479,-0.525577,-0.525691,-0.5258,-0.525964,-0.526078,-0.526184,-0.526402,-0.526513,-0.526604,-0.526811,-0.526872,-0.526873,-0.526881,-0.526899,-0.52683,-0.526936,-0.527028,-0.527184,-0.527529,-0.527871,-0.528452,-0.528952,-0.529705,-0.530684,-0.531341,-0.532291,-0.533264,-0.534329,-0.535411,-0.536504,-0.537818,-0.539053,-0.540202,-0.541384,-0.542492,-0.543452,-0.544502,-0.545427,-0.546169,-0.546817,-0.547288,-0.547652,-0.547952,-0.548179,-0.548296,-0.548356,-0.548361,-0.548327,-0.548285,-0.548235,-0.548218,-0.548256,-0.5483,-0.548351,-0.548408
-0.610902,-0.606967,-0.602999,-0.599002,-0.594976,-0.590985,-0.587039,-0.5829,-0.579153,-0.575412,-0.57169,-0.567943,-0.564199,-0.560097,-0.556297,-0.553617,-0.551327,-0.549657,-0.548423,-0.54741,-0.547061,-0.546479,-0.545673,-0.543998,-0.542355,-0.543639,-0.545075,-0.546093,-0.546779,-0.547367,-0.548148,-0.549387,-0.550422,-0.551247,-0.551847,-0.552124,-0.552313,-0.552367,-0.552318,-0.552287,-0.55232,-0.552339,-0.55232,-0.552285,-0.552217,-0.552272,-0.552431,-0.552615,-0.552786,-0.552649,-0.552496,-0.552496,-0.552044,-0.551581,-0.551285,-0.551034,-0.551002,-0.550804,-0.550609,-0.550422,-0.550207,-0.550034,-0.549895,-0.549791,-0.549723,-0.54969,-0.549688,-0.54969,-0.549707,-0.549737,-0.549755,-0.549681,-0.5496,-0.54947,-0.549144,-0.548746,-0.548612,-0.548552,-0.548463,-0.548198,-0.547834,-0.547329,-0.546992,-0.546931,-0.546783,-0.546763,-0.546785,-0.54682,-0.547227,-0.54769,-0.548075,-0.548571,-0.549203,-0.55002,-0.550874,-0.551717,-0.552494,-0.553142,-0.553944,-0.554756,-0.555414,-0.556215,-0.55688,-0.557391,-0.557956,-0.558381,-0.558711,-0.558998,-0.559236,-0.55941,-0.559503,-0.559546,-0.559554,-0.559539,-0.55953,-0.559514,-0.559494,-0.559469
-0.597845,-0.594776,-0.59168,-0.58856,-0.585417,-0.58226,-0.579473,-0.576873,-0.574311,-0.571214,-0.567802,-0.56456,-0.562245,-0.56012,-0.558073,-0.556906,-0.556323,-0.55577,-0.555663,-0.55585,-0.556011,-0.557564,-0.55938,-0.561006,-0.562081,-0.563437,-0.564906,-0.566596,-0.567221,-0.567474,-0.56768,-0.567852,-0.568279,-0.56842,-0.568395,-0.568417,-0.568414,-0.568427,-0.568438,-0.56845,-0.568687,-0.568961,-0.56924,-0.569433,-0.56963,-0.569825,-0.569924,-0.570026,-0.570277,-0.570643,-0.570769,-0.570654,-0.57055,-0.570456,-0.570562,-0.570677,-0.570645,-0.570577,-0.570604,-0.570727,-0.570864,-0.570853,-0.570887,-0.570916,-0.57093,-0.570925,-0.570877,-0.570787,-0.570635,-0.570339,-0.570116,-0.569797,-0.569315,-0.568758,-0.568129,-0.567781,-0.567206,-0.566478,-0.565858,-0.565323,-0.565106,-0.564887,-0.564599,-0.564308,-0.564171,-0.564142,-0.564218,-0.564364,-0.564681,-0.564941,-0.565196,-0.565749,-0.566197,-0.566619,-0.567324,-0.567883,-0.568354,-0.568925,-0.569425,-0.569853,-0.57029,-0.570598,-0.570883,-0.571154,-0.571359,-0.571505,-0.571582,-0.571618,-0.57164,-0.571647,-0.571639
-0.587851,-0.585818,-0.583775,-0.581723,-0.579663,-0.577645,-0.575675,-0.573425,-0.571618,-0.570663,-0.570351,-0.569998,-0.56901,-0.568253,-0.567756,-0.567367,-0.566915,-0.568685,-0.570245,-0.571816,-0.573375,-0.574728,-0.575621,-0.576286,-0.576852,-0.57716,-0.577793,-0.577877,-0.577936,-0.577986,-0.577989,-0.578005,-0.578069,-0.578184,-0.578431,-0.578798,-0.579148,-0.57946,-0.579758,-0.580134,-0.580479,-0.580943,-0.581444,-0.582189,-0.582754,-0.583342,-0.583926,-0.584384,-0.584994,-0.585619,-0.585931,-0.586223,-0.586561,-0.58694,-0.587268,-0.587579,-0.587867,-0.588073,-0.588187,-0.588294,-0.588407,-0.588462,-0.588466,-0.588403,-0.588245,-0.587991,-0.587706,-0.587208,-0.586702,-0.586155,-0.585489,-0.584725,-0.584003,-0.583239,-0.582615,-0.582032,-0.581496,-0.581008,-0.580529,-0.580132,-0.579733,-0.5794,-0.57926,-0.579179,-0.579176,-0.579174,-0.579276,-0.57941,-0.57966,-0.579978,-0.580285,-0.580681,-0.58097,-0.581245,-0.581573,-0.58188,-0.582126,-0.582463,-0.582724,-0.582887,-0.583044,-0.58318,-0.583294,-0.583386
-0.57641,-0.576805,-0.577199,-0.577592,-0.577983,-0.5783,-0.578309,-0.57886,-0.579112,-0.579955,-0.580635,-0.581702,-0.583109,-0.583898,-0.584469,-0.584901,-0.585171,-0.584826,-0.584471,-0.584058,-0.584313,-0.584553,-0.584637,-0.584614,-0.584607,-0.584609,-0.584686,-0.584861,-0.585075,-0.585409,-0.585931,-0.586367,-0.587077,-0.587925,-0.58881,-0.589851,-0.590845,-0.59185,-0.592869,-0.593875,-0.594742,-0.595629,-0.596613,-0.597466,-0.598375,-0.599116,-0.599734,-0.600461,-0.60117,-0.601763,-0.60228,-0.602752,-0.603116,-0.603502,-0.603866,-0.604028,-0.604128,-0.60415,-0.604087,-0.603937,-0.60369,-0.603337,-0.60289,-0.602265,-0.601554,-0.601039,-0.600306,-0.599159,-0.598539,-0.598011,-0.59747,-0.596821,-0.596128,-0.595509,-0.594996,-0.594499,-0.594265,-0.594089,-0.593923,-0.593684,-0.593531,-0.593533,-0.593598,-0.593665,-0.593686,-0.593711,-0.593813,-0.594004,-0.594273,-0.594295,-0.594503,-0.594698,-0.594879,-0.595044
-0.603826,-0.604386,-0.604931,-0.605463,-0.605979,-0.606956,-0.607432,-0.607894,-0.609083,-0.610102,-0.610776,-0.611259,-0.611616,-0.611399,-0.611158,-0.611009,-0.610803,-0.61054,-0.610284,-0.610132,-0.610124,-0.610213,-0.610478,-0.610767,-0.611178,-0.611766,-0.612383,-0.61317,-0.614177,-0.615256,-0.616501,-0.617683,-0.618792,-0.619807,-0.620772,-0.621745,-0.622926,-0.624312,-0.625552,-0.626466,-0.627347,-0.628209,-0.628984,-0.629724,-0.63039,-0.63098,-0.631499,-0.632025,-0.632454,-0.632703,-0.632832,-0.63288,-0.632839,-0.632709,-0.632489,-0.632181
-0.615478,-0.615657,-0.615825,-0.615983,-0.61613,-0.616469,-0.616346,-0.616327,-0.616184,-0.615908,-0.615711,-0.615235,-0.614765,-0.614475,-0.614303,-0.614256,-0.614337,-0.61458,-0.614972,-0.615417,-0.616055,-0.616816,-0.617612,-0.618622,-0.619731,-0.620935,-0.622222,-0.623371,-0.624539,-0.625836,-0.626993,-0.628102,-0.629194,-0.630223,-0.631176,-0.632069,-0.6328,-0.633438,-0.634011,-0.634512,-0.634939,-0.635291
-0.624097,-0.623241,-0.622471,-0.621789,-0.621195,-0.620583,-0.620077,-0.619638,-0.619277,-0.619011,-0.618866,-0.618826,-0.618915,-0.619146,-0.619482,-0.619919,-0.620494,-0.621229,-0.622065,-0.622925,-0.623916,-0.624985,-0.626151,-0.627103,-0.6279,-0.628626,-0.629348,-0.630064,-0.630772
