0.835188,0.832806,0.830395,0.827954,0.825483,0.823646,0.821186,0.818967,0.816761,0.814163,0.811872,0.809629,0.807859,0.806208,0.804756,0.802744,0.800629,0.798536,0.796271,0.794038,0.791918,0.789356,0.786684,0.783976,0.781563,0.779166,0.776885,0.774599,0.772225,0.770012,0.767716,0.765556,0.763121,0.761193,0.759263,0.75745,0.755937,0.754164,0.752844,0.751966,0.751529,0.750475,0.74942,0.748363,0.747303
0.857743,0.854972,0.852143,0.849254,0.846306,0.84343,0.840895,0.838776,0.837,0.835219,0.833183,0.830933,0.828686,0.826467,0.824634,0.823008,0.821475,0.819581,0.817491,0.815431,0.812934,0.810037,0.807166,0.804489,0.801788,0.799133,0.79626,0.793304,0.790381,0.787183,0.783972,0.780786,0.778137,0.775164,0.772176,0.769283,0.76634,0.763206,0.760275,0.757495,0.755061,0.752858,0.750276,0.748871,0.747406,0.746031,0.744899,0.744617,0.744338,0.744141,0.744081,0.744624,0.744608,0.74569,0.747032,0.748499,0.750478,0.752624,0.755839,0.759258,0.761717,0.76422,0.76816,0.772806,0.777409,0.78197,0.786488
0.88003,0.877141,0.874167,0.871105,0.867955,0.864993,0.862873,0.860259,0.857733,0.855821,0.853218,0.850521,0.847911,0.845365,0.843195,0.841196,0.838617,0.836055,0.833743,0.831365,0.829003,0.826763,0.824572,0.82163,0.818674,0.81575,0.812925,0.810364,0.807817,0.804617,0.801162,0.797718,0.794218,0.790557,0.787162,0.783385,0.779405,0.775994,0.772607,0.76937,0.765737,0.761741,0.757848,0.754347,0.750893,0.747502,0.744462,0.742189,0.73959,0.73811,0.736677,0.734885,0.733804,0.732727,0.73162,0.731849,0.732079,0.732857,0.734094,0.735462,0.737281,0.739185,0.741958,0.745405,0.748672,0.752422,0.75603,0.760321,0.764598,0.769101,0.773793,0.778535,0.784542,0.790692,0.796517,0.802706,0.808812,0.814351,0.819121,0.824017,0.830829,0.836792,0.842273,0.847726,0.852964,0.858182,0.863434,0.868589,0.873646,0.878606
0.896811,0.894564,0.89222,0.889778,0.887238,0.884478,0.881567,0.878696,0.875829,0.872921,0.870063,0.867477,0.865158,0.862501,0.860088,0.857541,0.854998,0.8524,0.849608,0.845984,0.842743,0.840436,0.837942,0.835568,0.833434,0.830944,0.827978,0.824977,0.821836,0.818693,0.815527,0.812352,0.808513,0.804873,0.800947,0.796837,0.792839,0.78907,0.785126,0.781169,0.776685,0.77199,0.76764,0.763708,0.759646,0.754936,0.750237,0.746335,0.74241,0.73836,0.734214,0.730494,0.728191,0.725542,0.722815,0.720431,0.71911,0.717688,0.717072,0.716712,0.716843,0.716969,0.717462,0.719076,0.720757,0.722609,0.725043,0.727885,0.73129,0.736234,0.741159,0.746591,0.75261,0.758224,0.763738,0.769672,0.775546,0.78165,0.787719,0.793712,0.799625,0.805802,0.81188,0.817867,0.82506,0.831765,0.838348,0.84433,0.849793,0.855134,0.860489,0.865776,0.870601,0.874867,0.878779,0.883552,0.88821,0.892234,0.896167,0.89995,0.902171,0.904326,0.905475,0.90533,0.905277,0.904999,0.905024,0.904591,0.904159,0.903727,0.903296
0.912072,0.909973,0.907751,0.905404,0.902929,0.900443,0.897191,0.893646,0.890177,0.887551,0.885122,0.882341,0.879035,0.875894,0.873627,0.87028,0.867412,0.864576,0.861784,0.858809,0.855778,0.853251,0.850402,0.846945,0.843853,0.840795,0.838238,0.835611,0.832192,0.829079,0.826134,0.823086,0.819873,0.816436,0.812906,0.809004,0.804899,0.800742,0.796512,0.792039,0.787271,0.782468,0.778036,0.773302,0.76828,0.763252,0.758205,0.752853,0.747805,0.74281,0.737811,0.732949,0.727811,0.723399,0.719103,0.714806,0.710875,0.707434,0.704,0.700592,0.698567,0.696564,0.694984,0.69432,0.693676,0.694025,0.695885,0.69781,0.700094,0.703122,0.706147,0.708789,0.714424,0.719575,0.724162,0.728724,0.733944,0.739829,0.74551,0.751451,0.759173,0.766804,0.774317,0.781731,0.788952,0.796065,0.803047,0.810525,0.81731,0.824009,0.830723,0.837223,0.843372,0.849337,0.854914,0.860529,0.865951,0.871263,0.875751,0.880457,0.885084,0.889119,0.891768,0.894205,0.896398,0.897278,0.897558,0.897385,0.896667,0.8963,0.89569,0.893752,0.891664,0.887961,0.883735,0.878604,0.872405,0.866186,0.859329,0.854895,0.849723,0.844176,0.838552,0.83285,0.827071
0.904201,0.90401,0.903813,0.903608,0.903397,0.903347,0.903206,0.90273,0.900989,0.899098,0.896477,0.893626,0.890265,0.887133,0.883761,0.880437,0.877356,0.874224,0.871265,0.868415,0.865424,0.862218,0.858961,0.855972,0.853119,0.850345,0.847547,0.844301,0.841254,0.838216,0.833576,0.83005,0.826778,0.823227,0.819794,0.816374,0.81267,0.808655,0.804669,0.800483,0.795998,0.79148,0.78657,0.781468,0.776387,0.771129,0.765711,0.760487,0.75501,0.749457,0.743412,0.737361,0.7321,0.72612,0.720175,0.71396,0.708709,0.703794,0.698633,0.69418,0.689728,0.685328,0.681524,0.677909,0.674405,0.672901,0.670967,0.669974,0.669416,0.66893,0.670188,0.671583,0.67305,0.676556,0.680348,0.684056,0.687903,0.69205,0.696798,0.702763,0.708522,0.717718,0.725354,0.732847,0.74027,0.747131,0.755514,0.763791,0.772008,0.779979,0.787446,0.794733,0.802078,0.80918,0.816716,0.824255,0.831172,0.837559,0.843184,0.848757,0.854276,0.859014,0.863663,0.869037,0.874293,0.878464,0.880208,0.881923,0.882701,0.883132,0.883515,0.882451,0.881005,0.879558,0.878519,0.876372,0.873349,0.868619,0.86333,0.857698,0.852263,0.846539,0.839043,0.831454,0.823802,0.815353,0.807091,0.798457,0.790345,0.782118,0.772696,0.763116,0.753372,0.743461
0.875079,0.876987,0.878887,0.88078,0.882671,0.884259,0.885689,0.886529,0.887362,0.888215,0.889126,0.888707,0.887116,0.88532,0.884588,0.882161,0.879734,0.87783,0.875388,0.872743,0.869143,0.865057,0.862332,0.860003,0.856785,0.852657,0.849444,0.847441,0.843976,0.839268,0.835551,0.832616,0.82955,0.825738,0.82197,0.818449,0.814915,0.811384,0.807912,0.803522,0.799135,0.794115,0.7886,0.783728,0.778821,0.773839,0.768762,0.763405,0.757567,0.751446,0.745249,0.738957,0.732311,0.725399,0.718406,0.71172,0.705133,0.698268,0.691652,0.684941,0.678591,0.672842,0.666276,0.660945,0.656569,0.652234,0.648084,0.644318,0.640635,0.638163,0.636186,0.634327,0.633921,0.634342,0.635048,0.637029,0.638727,0.640537,0.644887,0.649814,0.655221,0.661074,0.667645,0.674892,0.683014,0.691313,0.699446,0.708074,0.716447,0.724734,0.733683,0.742866,0.75191,0.760766,0.767894,0.776385,0.784419,0.792274,0.800034,0.807627,0.814484,0.820352,0.826105,0.831742,0.837244,0.841172,0.84404,0.846898,0.849407,0.851646,0.854414,0.856779,0.856794,0.857116,0.856339,0.854695,0.853129,0.850677,0.846956,0.840739,0.835313,0.831308,0.827142,0.821775,0.815135,0.807437,0.798875,0.790088,0.781623,0.773489,0.765354,0.757526,0.7497,0.741213,0.731581,0.722434,0.714938,0.707358,0.699694,0.691944
0.840692,0.842359,0.844022,0.845682,0.847336,0.849019,0.850861,0.85307,0.855197,0.856963,0.858639,0.859553,0.859556,0.859552,0.859059,0.858852,0.858754,0.858655,0.858483,0.85772,0.856547,0.854691,0.851955,0.848662,0.846363,0.843944,0.840833,0.837594,0.834581,0.831804,0.829166,0.826119,0.822868,0.819809,0.816905,0.813308,0.809434,0.806342,0.803259,0.799355,0.794669,0.789566,0.78477,0.780323,0.775648,0.770118,0.764695,0.759531,0.753887,0.747497,0.741205,0.734802,0.727989,0.720905,0.71373,0.70648,0.699135,0.691703,0.684397,0.677749,0.671049,0.663216,0.654748,0.646329,0.638385,0.63131,0.623764,0.616958,0.612796,0.607943,0.602698,0.599351,0.59601,0.59311,0.590905,0.588865,0.588539,0.589686,0.590902,0.592597,0.595461,0.598094,0.603636,0.608991,0.614564,0.622166,0.629802,0.636936,0.644401,0.652667,0.662275,0.671932,0.681172,0.690528,0.701145,0.711864,0.720983,0.730125,0.739278,0.749094,0.75744,0.765231,0.772418,0.778771,0.786026,0.791134,0.796121,0.802074,0.808157,0.812405,0.814415,0.816301,0.817351,0.817384,0.817019,0.815192,0.813991,0.81197,0.808889,0.806163,0.800578,0.796077,0.791698,0.788211,0.782973,0.777343,0.771508,0.766012,0.760126,0.752562,0.745401,0.737901,0.730184,0.722692,0.715626,0.706681,0.6977,0.692198,0.685271,0.678285,0.671323,0.664383,0.657381,0.650315,0.643185
0.788485,0.791027,0.793533,0.796005,0.798446,0.800696,0.803145,0.805945,0.808716,0.810708,0.811717,0.812679,0.813576,0.813922,0.814233,0.81452,0.815222,0.815775,0.816091,0.816165,0.81631,0.816275,0.815719,0.81519,0.81547,0.814128,0.812682,0.81194,0.810219,0.807853,0.805604,0.803623,0.80168,0.799708,0.79705,0.793862,0.790426,0.786619,0.783058,0.779475,0.775527,0.771481,0.767329,0.762712,0.757721,0.752198,0.746035,0.741523,0.736871,0.730664,0.724014,0.717184,0.710411,0.703593,0.696096,0.689215,0.682457,0.675621,0.666298,0.656507,0.646825,0.637615,0.628071,0.6198,0.610757,0.602098,0.594228,0.586298,0.578385,0.57097,0.563286,0.555615,0.547959,0.542691,0.538021,0.53489,0.532685,0.530689,0.529088,0.529825,0.530639,0.531711,0.5359,0.540167,0.545083,0.549786,0.554675,0.560833,0.568168,0.575168,0.583317,0.593357,0.602798,0.612818,0.623146,0.632857,0.643672,0.654335,0.66485,0.675014,0.684474,0.693716,0.702669,0.711199,0.719128,0.727531,0.735376,0.740714,0.745496,0.749759,0.752018,0.755399,0.758266,0.758197,0.758035,0.756994,0.755204,0.753285,0.751229,0.749065,0.746499,0.742769,0.738739,0.734737,0.729933,0.725258,0.719844,0.712683,0.708467,0.702966,0.697585,0.692217,0.686556,0.680497,0.676515,0.669492,0.663451,0.660093,0.654497,0.648777,0.644018,0.639118,0.634146,0.629098,0.62493,0.620733,0.616509,0.612256
0.733033,0.735708,0.738347,0.740951,0.743522,0.746606,0.749306,0.750564,0.751586,0.752279,0.753151,0.753952,0.75455,0.754625,0.754005,0.753804,0.754307,0.754733,0.755611,0.756709,0.758645,0.76143,0.761414,0.759876,0.760967,0.762514,0.76288,0.762756,0.762432,0.76207,0.761871,0.760847,0.759008,0.756887,0.753889,0.752106,0.751246,0.749251,0.747207,0.744928,0.742403,0.73881,0.734914,0.730568,0.726121,0.721641,0.717135,0.712024,0.705978,0.699772,0.693511,0.68663,0.679517,0.672326,0.664801,0.656518,0.647904,0.639018,0.629929,0.62072,0.611424,0.601855,0.592165,0.58184,0.571333,0.560755,0.550668,0.541517,0.532381,0.523858,0.514165,0.504591,0.49771,0.492093,0.487391,0.47955,0.471418,0.465015,0.460945,0.456697,0.452835,0.454399,0.455604,0.456401,0.459393,0.462794,0.466914,0.475314,0.483986,0.490732,0.495011,0.499952,0.508602,0.517957,0.527528,0.53677,0.545919,0.556319,0.566965,0.578224,0.588526,0.600459,0.611383,0.620097,0.628643,0.635069,0.641313,0.648125,0.654742,0.661122,0.666258,0.671237,0.675,0.67498,0.674844,0.674208,0.672604,0.671012,0.668109,0.664846,0.662747,0.659847,0.656664,0.653539,0.650241,0.647215,0.643487,0.639791,0.636149,0.633501,0.631589,0.62907,0.625984,0.623089,0.620351,0.618353,0.617808,0.615107,0.612141,0.609179,0.606292,0.602367,0.598518,0.597504,0.594004,0.59052,0.588432,0.586332,0.584221,0.582099
0.672025,0.674344,0.676643,0.678922,0.681183,0.682643,0.684079,0.685692,0.685876,0.685815,0.685728,0.6856,0.685328,0.684755,0.684116,0.682696,0.680664,0.680295,0.678364,0.676346,0.674203,0.674705,0.67598,0.679074,0.682324,0.684737,0.686885,0.688019,0.689276,0.690055,0.690286,0.690567,0.690687,0.691084,0.691434,0.691764,0.691194,0.690054,0.688874,0.686628,0.683539,0.680809,0.678154,0.674888,0.671768,0.668033,0.663978,0.658822,0.652836,0.647247,0.640661,0.634265,0.627961,0.620109,0.611819,0.602842,0.593568,0.584184,0.574432,0.563454,0.552587,0.541783,0.531307,0.520284,0.509115,0.497848,0.486498,0.474815,0.462663,0.450995,0.439925,0.428975,0.418531,0.411305,0.404325,0.397591,0.389877,0.384296,0.378619,0.37395,0.369721,0.366687,0.365701,0.364149,0.363961,0.365603,0.369236,0.373514,0.377951,0.382688,0.389506,0.398478,0.408106,0.416508,0.425477,0.435314,0.445042,0.454608,0.46431,0.473955,0.48352,0.493467,0.50323,0.513244,0.522577,0.531636,0.541563,0.546068,0.555493,0.560623,0.561122,0.56374,0.564569,0.565027,0.566034,0.565904,0.56445,0.561939,0.559145,0.558009,0.558788,0.559159,0.558714,0.558181,0.558613,0.557647,0.556781,0.556425,0.55627,0.556675,0.556145,0.555486,0.555685,0.556036,0.557261,0.558051,0.558923,0.558482,0.557903,0.557329,0.557253,0.557268,0.5573,0.557358,0.557878,0.557143,0.556445,0.555744,0.555039,0.554332
0.612017,0.613201,0.614377,0.615546,0.616709,0.617386,0.618102,0.618565,0.618479,0.618241,0.616684,0.615869,0.614799,0.613819,0.612738,0.611007,0.60925,0.608382,0.609038,0.608551,0.606428,0.604057,0.602054,0.600331,0.598599,0.598402,0.599259,0.59886,0.600211,0.603888,0.608674,0.612059,0.613234,0.614342,0.615464,0.61686,0.618272,0.618839,0.61897,0.61822,0.616998,0.614572,0.612142,0.609958,0.607728,0.604455,0.600131,0.595933,0.591173,0.585097,0.578872,0.570587,0.560998,0.552398,0.544914,0.538056,0.529889,0.520645,0.511397,0.500433,0.488378,0.476113,0.46438,0.452763,0.441144,0.429448,0.417093,0.404625,0.391904,0.379108,0.366839,0.355192,0.343772,0.332687,0.322311,0.312387,0.303561,0.296182,0.289469,0.283236,0.279598,0.277593,0.27521,0.272058,0.269915,0.26708,0.26505,0.267782,0.271786,0.275596,0.28098,0.286887,0.292821,0.298564,0.304993,0.312458,0.320132,0.328769,0.336641,0.343927,0.352786,0.36235,0.370355,0.377207,0.38301,0.390687,0.393935,0.397019,0.39959,0.406717,0.414907,0.418455,0.423286,0.427741,0.431112,0.434832,0.437478,0.43975,0.441892,0.442684,0.443603,0.444388,0.447124,0.44976,0.454521,0.458998,0.463419,0.467515,0.471059,0.475595,0.479029,0.482031,0.485516,0.489297,0.49342,0.495922,0.499108,0.504129,0.507919,0.510997,0.513863,0.516777,0.519295,0.521283,0.523278,0.525283,0.526788,0.528393,0.530001,0.531613,0.533228
0.551125,0.550779,0.550434,0.550089,0.549745,0.549025,0.548042,0.54695,0.545737,0.544513,0.543607,0.542777,0.541954,0.539272,0.536089,0.532995,0.5306,0.528255,0.525607,0.522782,0.520221,0.518242,0.518078,0.518191,0.518522,0.518624,0.518716,0.520046,0.521432,0.523424,0.523645,0.524613,0.525787,0.526608,0.527343,0.528641,0.530207,0.530743,0.529808,0.531151,0.532503,0.532934,0.531183,0.52913,0.526511,0.524089,0.520604,0.516323,0.511344,0.505651,0.499911,0.49334,0.486633,0.479591,0.469964,0.460241,0.449902,0.439516,0.427818,0.415737,0.403582,0.392303,0.381182,0.368034,0.355007,0.342543,0.329284,0.31628,0.303781,0.291846,0.280072,0.26851,0.25689,0.245493,0.235708,0.226506,0.21761,0.210601,0.204661,0.199218,0.193976,0.188825,0.183673,0.179777,0.179928,0.179288,0.183605,0.185683,0.184967,0.185381,0.187725,0.190731,0.193825,0.19766,0.202201,0.207329,0.21343,0.219831,0.226314,0.233393,0.240758,0.248061,0.254073,0.257722,0.261264,0.268096,0.27403,0.279779,0.28383,0.286385,0.288761,0.290983,0.294603,0.300146,0.305601,0.311361,0.317069,0.322267,0.327311,0.335094,0.34005,0.346409,0.354972,0.360821,0.366214,0.376111,0.384009,0.391625,0.398967,0.407616,0.415196,0.425494,0.4322,0.439543,0.447348,0.453852,0.460204,0.466583,0.471299,0.47631,0.480319,0.484194,0.489498,0.49469,0.499552,0.502548,0.506424,0.510298,0.514169,0.51804
0.484573,0.482769,0.480965,0.479162,0.477358,0.476705,0.476042,0.4741,0.472158,0.46974,0.467028,0.464409,0.461771,0.458912,0.456202,0.453938,0.451793,0.448731,0.446258,0.443373,0.440832,0.438647,0.43647,0.435088,0.434106,0.433676,0.432284,0.431063,0.431159,0.432843,0.435187,0.436987,0.438918,0.439224,0.43786,0.436492,0.437748,0.439097,0.439143,0.437223,0.43707,0.438373,0.439769,0.43763,0.435352,0.43256,0.429189,0.425354,0.421109,0.415734,0.410194,0.404595,0.397125,0.38637,0.375637,0.366469,0.357455,0.345887,0.335046,0.324149,0.3133,0.302458,0.290951,0.278506,0.265727,0.253016,0.240447,0.228596,0.215614,0.202555,0.190003,0.179174,0.168925,0.15927,0.149769,0.140877,0.132456,0.12515,0.119195,0.113789,0.109229,0.106054,0.103383,0.10088,0.0961662,0.0904928,0.0915918,0.0976702,0.0987087,0.0984613,0.100516,0.102365,0.104557,0.107774,0.111799,0.116318,0.119832,0.123142,0.126525,0.12972,0.134032,0.138417,0.142249,0.146657,0.151238,0.15613,0.160282,0.164229,0.168837,0.173614,0.180841,0.186998,0.191184,0.19809,0.205903,0.213903,0.222302,0.23247,0.242251,0.252053,0.263744,0.275992,0.288223,0.300465,0.311928,0.323304,0.335094,0.346367,0.357529,0.368296,0.37886,0.389213,0.399368,0.409869,0.418507,0.426669,0.435959,0.442777,0.449623,0.456551,0.464447,0.470964,0.47731,0.48192,0.487226,0.492521,0.497804,0.503075,0.508334
0.421076,0.41868,0.416281,0.413878,0.411473,0.409074,0.406423,0.402996,0.399946,0.396517,0.392744,0.390084,0.386956,0.384253,0.3808,0.37643,0.371978,0.369458,0.3673,0.364843,0.36146,0.358166,0.355266,0.352517,0.349637,0.347189,0.346353,0.344977,0.343606,0.343056,0.343484,0.343979,0.344529,0.344792,0.345837,0.346955,0.348085,0.346081,0.343519,0.342162,0.338658,0.334413,0.330274,0.329724,0.329343,0.328922,0.326109,0.323038,0.317119,0.310874,0.306481,0.300281,0.293373,0.28723,0.279251,0.271232,0.262763,0.253461,0.244121,0.233787,0.223036,0.212346,0.201196,0.190206,0.178824,0.166473,0.154646,0.143527,0.13361,0.123899,0.112911,0.10223,0.0924127,0.0849114,0.077347,0.0702017,0.0637844,0.0575767,0.0522071,0.0490079,0.0463031,0.0444268,0.0429777,0.0421125,0.0415691,0.0406851,0.0401991,0.0398723,0.0386454,0.0387341,0.0398771,0.0406073,0.042424,0.0442165,0.0454233,0.0467899,0.0493273,0.0517206,0.0543906,0.0586755,0.0625398,0.065312,0.0685992,0.0728585,0.0773098,0.0821326,0.0873848,0.0931497,0.0993074,0.105485,0.113011,0.121365,0.129688,0.140642,0.151469,0.162236,0.173809,0.186572,0.199068,0.212481,0.226831,0.240552,0.254441,0.269174,0.282723,0.296951,0.312193,0.323714,0.336544,0.349418,0.361558,0.373966,0.386416,0.398719,0.408638,0.419336,0.429969,0.439511,0.448296,0.455539,0.462963,0.470061,0.475339,0.480625,0.486123,0.491604,0.497069,0.502519
0.369448,0.365769,0.362087,0.358402,0.354712,0.351683,0.348086,0.344311,0.341295,0.337173,0.333226,0.329738,0.326384,0.322815,0.318689,0.314527,0.310266,0.306235,0.302166,0.297908,0.293783,0.290445,0.287677,0.285255,0.283014,0.280506,0.277127,0.273123,0.269679,0.266331,0.264583,0.264379,0.264451,0.26071,0.257364,0.255724,0.253147,0.250963,0.249318,0.24845,0.246767,0.244555,0.242013,0.238837,0.23571,0.232332,0.23023,0.228178,0.224671,0.221157,0.217623,0.21187,0.20535,0.201137,0.194774,0.187238,0.181011,0.172841,0.164128,0.155621,0.146653,0.137979,0.128946,0.11858,0.109033,0.0985585,0.0881144,0.0784714,0.0697648,0.0615916,0.054637,0.0484893,0.0415348,0.0348501,0.0285988,0.0234064,0.0186244,0.0160066,0.0117803,0.00986798,0.0089553,0.00858391,0.00794585,0.0078481,0.00755268,0.00701563,0.00686967,0.00847065,0.0108693,0.0113852,0.0112155,0.0112373,0.0131239,0.0137006,0.0139666,0.0158868,0.0179348,0.0200119,0.0226378,0.0252496,0.028749,0.0323952,0.0377608,0.0433125,0.0497613,0.0571649,0.0643985,0.0715981,0.0781039,0.0875368,0.0976726,0.107868,0.119711,0.131894,0.144281,0.157288,0.171715,0.186957,0.201515,0.215921,0.23069,0.245466,0.260277,0.275687,0.292196,0.30868,0.32311,0.337772,0.352329,0.364761,0.377475,0.390397,0.402046,0.413242,0.424339,0.434856,0.443769,0.452487,0.460186,0.467584,0.474892,0.480753,0.486346,0.491919,0.497473,0.503008
0.331975,0.328517,0.325057,0.321595,0.318128,0.314664,0.31204,0.308188,0.302225,0.296984,0.293495,0.289429,0.283765,0.279415,0.275352,0.271083,0.266453,0.261932,0.257448,0.25284,0.248204,0.243795,0.239799,0.236145,0.230997,0.224985,0.22157,0.218905,0.215469,0.212046,0.206679,0.201461,0.197858,0.194897,0.19179,0.188224,0.186241,0.183725,0.181771,0.179612,0.176641,0.175701,0.174138,0.172412,0.172079,0.170529,0.169126,0.167282,0.165216,0.163377,0.160977,0.158762,0.155915,0.150721,0.148047,0.144774,0.138259,0.131823,0.127511,0.120049,0.112194,0.104343,0.0964486,0.0875596,0.0788479,0.069547,0.0601109,0.0509306,0.0430552,0.0355645,0.0286077,0.0219572,0.0180272,0.0162528,0.0146311,0.0136403,0.0131637,0.0116539,0.0107682,0.0102142,0.00983171,0.00994491,0.0101684,0.0102923,0.0117887,0.0112471,0.0128992,0.0145241,0.0148453,0.0152495,0.0158539,0.0162143,0.0169508,0.0189131,0.0201018,0.0220807,0.024324,0.0274555,0.0308458,0.0344311,0.0376693,0.0416571,0.0457175,0.0513717,0.0569794,0.0627509,0.0701134,0.0784664,0.0870374,0.0982041,0.109644,0.120618,0.131663,0.143908,0.157543,0.17199,0.186737,0.201664,0.216666,0.232374,0.248237,0.264159,0.280164,0.295558,0.311071,0.326579,0.341281,0.35496,0.368453,0.381054,0.394101,0.407229,0.418386,0.428703,0.438543,0.44795,0.456534,0.464466,0.47232,0.479225,0.485617,0.49197,0.498292,0.504585,0.510849
0.324779,0.320426,0.316066,0.3117,0.307324,0.30301,0.298026,0.292654,0.288499,0.283354,0.2791,0.273663,0.267889,0.262617,0.2575,0.252443,0.247776,0.242304,0.236912,0.231422,0.225101,0.219777,0.215165,0.210483,0.20484,0.199657,0.195625,0.19113,0.185037,0.180764,0.17693,0.1733,0.170134,0.167103,0.163029,0.159448,0.157128,0.156209,0.15544,0.154679,0.15492,0.154735,0.154852,0.155666,0.156134,0.157141,0.157155,0.158339,0.158654,0.157361,0.156126,0.155274,0.154111,0.153147,0.152175,0.14792,0.145048,0.141448,0.136633,0.130093,0.125262,0.118437,0.109818,0.102113,0.0972715,0.0924258,0.0851093,0.0791275,0.0738406,0.0688965,0.0641435,0.0602158,0.0569101,0.0535718,0.0513273,0.0504987,0.0497325,0.0490042,0.0488933,0.048868,0.0499156,0.0513887,0.052177,0.0528742,0.0536594,0.0535622,0.053454,0.0550064,0.0572029,0.0593677,0.0612573,0.0637029,0.0662008,0.0685488,0.0696925,0.0708486,0.07296,0.0747735,0.0768682,0.0791684,0.0821973,0.0860588,0.0899139,0.0945177,0.0997812,0.105496,0.111438,0.118792,0.127533,0.136829,0.146517,0.156721,0.168329,0.180612,0.193376,0.206577,0.220586,0.234772,0.249523,0.264373,0.278787,0.293558,0.307466,0.321777,0.337299,0.352979,0.366735,0.379874,0.392897,0.405406,0.417699,0.428709,0.439093,0.448933,0.457476,0.465971,0.474205,0.481572,0.488885,0.495407,0.500436,0.505444,0.510429,0.515392
0.325731,0.319741,0.313731,0.307701,0.30165,0.296069,0.292015,0.288195,0.282854,0.276883,0.271256,0.266256,0.261842,0.256963,0.250783,0.2444,0.238136,0.232765,0.228147,0.222483,0.215634,0.210184,0.20699,0.205231,0.200616,0.195155,0.190158,0.185581,0.18252,0.17996,0.176722,0.173765,0.172942,0.171689,0.170949,0.171403,0.172783,0.174776,0.176177,0.177937,0.180349,0.183421,0.186787,0.190332,0.194499,0.199099,0.204217,0.207209,0.210048,0.212521,0.215322,0.217784,0.218299,0.221489,0.221008,0.221126,0.221562,0.2203,0.219643,0.218092,0.217195,0.213635,0.210422,0.207862,0.202901,0.198457,0.19408,0.190167,0.185329,0.180313,0.175636,0.172819,0.17,0.167465,0.165324,0.163466,0.161959,0.158861,0.157107,0.156014,0.154359,0.152186,0.14997,0.148389,0.147938,0.147863,0.147819,0.148295,0.149008,0.149799,0.150639,0.15138,0.152093,0.153309,0.155212,0.15618,0.156709,0.157209,0.159155,0.161621,0.164093,0.164908,0.16598,0.168115,0.171465,0.175143,0.179867,0.184901,0.190339,0.196549,0.204174,0.212662,0.221705,0.232024,0.242861,0.254283,0.266331,0.278732,0.291152,0.302741,0.315416,0.329226,0.343606,0.357256,0.369019,0.380622,0.392055,0.403538,0.415827,0.427966,0.438567,0.448502,0.457879,0.466536,0.474541,0.481554,0.488628,0.495869,0.500648,0.505501,0.510333,0.515143,0.519932
0.295772,0.291275,0.286765,0.282239,0.277698,0.272635,0.267612,0.263841,0.25909,0.254563,0.250274,0.246194,0.242225,0.237626,0.233174,0.22888,0.223662,0.219679,0.216437,0.209857,0.205203,0.205538,0.204966,0.201827,0.199942,0.200833,0.202465,0.202058,0.202665,0.204342,0.206227,0.208774,0.212897,0.216629,0.220964,0.226459,0.232451,0.239262,0.246716,0.254497,0.262277,0.269918,0.278153,0.285827,0.293635,0.302624,0.311388,0.320263,0.327129,0.334808,0.343387,0.350485,0.355842,0.36143,0.367591,0.374156,0.38052,0.38664,0.392054,0.395715,0.398695,0.401572,0.403682,0.403901,0.403927,0.407218,0.407977,0.409003,0.4102,0.409892,0.405921,0.401093,0.396059,0.389636,0.380767,0.37476,0.367959,0.359903,0.352655,0.34698,0.340625,0.333758,0.326383,0.31812,0.309927,0.302612,0.29811,0.294941,0.291936,0.289315,0.28784,0.286126,0.283807,0.282454,0.281066,0.279643,0.279088,0.276175,0.273726,0.272838,0.273104,0.273087,0.272789,0.272364,0.271259,0.271949,0.273572,0.27535,0.277624,0.27996,0.282743,0.28505,0.288685,0.292453,0.297064,0.302572,0.309838,0.318248,0.326038,0.334045,0.343703,0.354411,0.36503,0.373622,0.38192,0.391161,0.400884,0.410802,0.420861,0.430898,0.439635,0.448408,0.457002,0.464251,0.470571,0.47687,0.483126,0.488339,0.492687,0.497006,0.501306,0.505588,0.509853
0.291795,0.287107,0.282405,0.277688,0.272953,0.268557,0.2642,0.259096,0.25394,0.24912,0.245891,0.242893,0.239756,0.236703,0.234022,0.230762,0.227846,0.225753,0.224263,0.223191,0.222503,0.222931,0.224797,0.227178,0.228914,0.231191,0.235435,0.24032,0.244942,0.251052,0.257732,0.265112,0.273451,0.282222,0.291484,0.301564,0.312308,0.323644,0.33497,0.346674,0.358886,0.370637,0.382342,0.393823,0.405151,0.416336,0.427016,0.437854,0.448378,0.458433,0.468215,0.477157,0.486538,0.496073,0.505882,0.513761,0.520674,0.526154,0.532989,0.539375,0.545019,0.549087,0.551308,0.553827,0.556979,0.55778,0.557069,0.556358,0.553815,0.550385,0.546996,0.543807,0.540809,0.535205,0.52878,0.522434,0.515583,0.507949,0.499521,0.490543,0.480877,0.47084,0.461214,0.45359,0.446517,0.43928,0.431972,0.426099,0.420646,0.41524,0.410727,0.406398,0.402008,0.398801,0.395853,0.392355,0.389134,0.386005,0.383788,0.381158,0.378534,0.375421,0.372383,0.36945,0.366614,0.36332,0.359999,0.357953,0.356705,0.356014,0.355244,0.354911,0.358503,0.362879,0.365826,0.366378,0.368784,0.373001,0.378073,0.383011,0.38834,0.394029,0.400357,0.407272,0.414481,0.42162,0.429723,0.437487,0.44455,0.451554,0.457791,0.463186,0.468249,0.473931,0.479596,0.483409,0.486972,0.490666,0.494333,0.497986,0.501625,0.50525
0.315625,0.310675,0.3057,0.300702,0.295677,0.290713,0.286113,0.281988,0.27809,0.27438,0.2704,0.267164,0.264239,0.260948,0.257792,0.255326,0.254107,0.253423,0.253196,0.253517,0.254232,0.256078,0.259337,0.263232,0.268352,0.27425,0.280893,0.288096,0.295368,0.304684,0.314411,0.324767,0.336002,0.34766,0.360223,0.373001,0.386049,0.399503,0.412669,0.425893,0.439214,0.451844,0.464378,0.476936,0.489278,0.501422,0.513217,0.524671,0.535112,0.545036,0.555281,0.565295,0.575047,0.581633,0.588887,0.595224,0.601835,0.60863,0.615124,0.61895,0.622585,0.626188,0.629379,0.632017,0.633521,0.634131,0.634473,0.632771,0.630444,0.62823,0.626328,0.624375,0.620534,0.615959,0.610609,0.604536,0.598472,0.592121,0.585367,0.579552,0.574194,0.568947,0.561257,0.553255,0.545607,0.537621,0.531462,0.52533,0.519123,0.51303,0.507277,0.501915,0.496483,0.491924,0.488225,0.484464,0.480068,0.474676,0.469494,0.467195,0.462529,0.457691,0.452894,0.448718,0.444957,0.441162,0.437399,0.434002,0.430708,0.427577,0.424794,0.421771,0.419549,0.41879,0.41796,0.418695,0.419439,0.421639,0.423386,0.425413,0.427943,0.43078,0.434287,0.43942,0.445049,0.449871,0.454364,0.460163,0.464645,0.46911,0.474676,0.479106,0.48343,0.4867,0.489544,0.492428,0.49549,0.498451,0.501346,0.504231,0.507106,0.509972
0.345498,0.341942,0.33837,0.334778,0.331168,0.327502,0.32351,0.318739,0.313899,0.309118,0.304267,0.300438,0.297167,0.29432,0.292853,0.291872,0.291307,0.290378,0.290941,0.293128,0.294489,0.297439,0.301316,0.304934,0.312834,0.321445,0.329023,0.338154,0.347861,0.358467,0.370186,0.382281,0.395134,0.408221,0.42177,0.43575,0.449396,0.463188,0.477007,0.490492,0.503716,0.516875,0.529758,0.542151,0.554372,0.566338,0.577472,0.587614,0.598073,0.607963,0.616121,0.622494,0.62869,0.636274,0.644065,0.651745,0.656407,0.660701,0.665066,0.670042,0.674505,0.675907,0.676574,0.677092,0.677335,0.677739,0.676971,0.676172,0.675291,0.674111,0.672939,0.671415,0.668848,0.665,0.661095,0.657578,0.654078,0.649431,0.644218,0.63928,0.634808,0.63043,0.626332,0.622213,0.616362,0.609225,0.602886,0.598051,0.593177,0.587976,0.582083,0.576156,0.569582,0.563926,0.559146,0.554243,0.548994,0.543935,0.538868,0.534403,0.529566,0.524372,0.519925,0.515118,0.510248,0.505622,0.501309,0.497217,0.493799,0.490521,0.487351,0.484683,0.482444,0.479438,0.473425,0.469043,0.467437,0.46682,0.46723,0.467703,0.469559,0.47106,0.472603,0.474845,0.477172,0.479797,0.482651,0.485398,0.488888,0.491868,0.494208,0.49761,0.500093,0.502506,0.505028,0.506909,0.508498,0.510094,0.510945,0.511795,0.512644,0.51349
0.387713,0.382753,0.377761,0.372737,0.367677,0.362479,0.357932,0.354357,0.350705,0.346773,0.342781,0.339297,0.336256,0.334084,0.332508,0.332653,0.332721,0.332554,0.332657,0.335347,0.339273,0.343433,0.347803,0.352943,0.360999,0.369896,0.37938,0.389265,0.399958,0.411108,0.423514,0.436384,0.449413,0.462811,0.47653,0.490322,0.503946,0.517396,0.530907,0.544365,0.557327,0.57004,0.582557,0.594188,0.604174,0.614257,0.624219,0.633405,0.641828,0.649804,0.657574,0.66495,0.671546,0.677125,0.682554,0.687319,0.6917,0.695867,0.698484,0.700897,0.70242,0.703961,0.705783,0.707212,0.708326,0.707799,0.706504,0.705166,0.704206,0.703402,0.70287,0.702216,0.701317,0.699346,0.697267,0.695008,0.692959,0.689316,0.686532,0.683839,0.680235,0.67693,0.67337,0.670414,0.667589,0.664338,0.659507,0.653899,0.647905,0.642371,0.637082,0.633629,0.628669,0.622081,0.616847,0.61076,0.605926,0.601186,0.596368,0.59167,0.586959,0.581631,0.577014,0.572749,0.56864,0.563773,0.558609,0.553422,0.549386,0.542951,0.535665,0.530545,0.524917,0.519995,0.517037,0.514711,0.511999,0.50966,0.507873,0.506581,0.506545,0.50673,0.507363,0.508581,0.508993,0.509217,0.510038,0.511499,0.513206,0.514207,0.515057,0.516139,0.517335,0.518612,0.518834,0.519281,0.519956,0.520659,0.520732,0.520806,0.52088,0.520953
0.419703,0.415932,0.412138,0.40832,0.404477,0.400727,0.397009,0.393015,0.389099,0.385228,0.381917,0.378804,0.37644,0.374451,0.373381,0.372609,0.373297,0.37458,0.377812,0.381571,0.385727,0.389442,0.393725,0.398765,0.405917,0.413728,0.421987,0.430898,0.444071,0.458791,0.472877,0.484761,0.496878,0.509638,0.522648,0.535786,0.549282,0.562381,0.574389,0.58524,0.596807,0.609404,0.621931,0.632158,0.641598,0.651069,0.65914,0.666906,0.674465,0.681436,0.687689,0.693744,0.698789,0.703512,0.708004,0.71123,0.714262,0.716898,0.718969,0.720703,0.722547,0.724656,0.726558,0.726901,0.726726,0.726833,0.726233,0.725198,0.72477,0.724859,0.72463,0.723972,0.723017,0.722681,0.722289,0.721187,0.719373,0.718529,0.718668,0.717125,0.714707,0.71212,0.709716,0.707032,0.704451,0.702159,0.698302,0.694762,0.691609,0.686072,0.68053,0.676838,0.671501,0.6671,0.663585,0.659186,0.653221,0.648631,0.643991,0.639293,0.634575,0.629616,0.624356,0.619105,0.614228,0.607514,0.600496,0.595021,0.589217,0.582505,0.576254,0.570816,0.564935,0.560917,0.557234,0.552726,0.549309,0.54674,0.54501,0.542948,0.540276,0.538142,0.536653,0.535997,0.535098,0.534277,0.534111,0.534343,0.534746,0.53391,0.533184,0.532792,0.532506,0.532211,0.530967,0.529818,0.528729,0.528033,0.52737,0.526708,0.526047,0.525387
0.447935,0.445624,0.443301,0.440967,0.43862,0.435999,0.433152,0.428705,0.423741,0.421037,0.418551,0.415841,0.414118,0.412671,0.412021,0.412227,0.413113,0.413985,0.415583,0.418238,0.421386,0.426172,0.432182,0.439805,0.450818,0.461782,0.470026,0.478659,0.486469,0.497632,0.51057,0.523491,0.535655,0.547932,0.560727,0.573536,0.586159,0.598377,0.608935,0.619669,0.630471,0.641173,0.65197,0.6611,0.669392,0.676802,0.68413,0.690905,0.697628,0.70384,0.708982,0.714082,0.718054,0.721686,0.725295,0.727845,0.730078,0.732331,0.73414,0.735883,0.737285,0.738465,0.739012,0.739623,0.740328,0.74079,0.740839,0.740903,0.741023,0.741078,0.740128,0.739202,0.739263,0.739378,0.738624,0.737753,0.737076,0.736299,0.735723,0.735743,0.735838,0.735327,0.733147,0.731088,0.729563,0.727076,0.724554,0.722225,0.719415,0.715383,0.711721,0.707912,0.702697,0.69822,0.695586,0.69282,0.689472,0.685099,0.680588,0.675604,0.671085,0.666319,0.660859,0.65521,0.649597,0.642584,0.635448,0.629076,0.623837,0.617166,0.610874,0.605802,0.599595,0.595713,0.592549,0.587092,0.581957,0.577696,0.573724,0.569757,0.56684,0.564341,0.561852,0.559694,0.556803,0.554989,0.553632,0.552402,0.551263,0.549414,0.547235,0.545246,0.543731,0.542257,0.540189,0.537987,0.535566,0.532883,0.530864,0.528846,0.526829,0.524812
0.47457,0.471853,0.469121,0.466374,0.46361,0.460878,0.458105,0.456466,0.454927,0.453494,0.452005,0.449683,0.448101,0.446853,0.44672,0.447564,0.448357,0.451047,0.454657,0.459401,0.46101,0.463821,0.469228,0.474959,0.483016,0.492899,0.50296,0.511818,0.52269,0.534031,0.545675,0.55738,0.569242,0.580837,0.59248,0.604124,0.615883,0.627139,0.637619,0.647593,0.657472,0.666735,0.675274,0.683438,0.690438,0.697276,0.704008,0.709969,0.71575,0.720866,0.724715,0.728538,0.731789,0.734627,0.737476,0.740047,0.741515,0.743011,0.744475,0.745712,0.746806,0.747551,0.748366,0.749398,0.75004,0.750247,0.749645,0.749793,0.750149,0.75015,0.750114,0.750334,0.750508,0.750407,0.750656,0.750593,0.749821,0.74923,0.748891,0.748632,0.748247,0.747744,0.747306,0.746864,0.744998,0.743282,0.741978,0.739912,0.737585,0.736328,0.734636,0.732178,0.730928,0.727362,0.723236,0.719733,0.715724,0.712088,0.708445,0.70439,0.699273,0.693896,0.688214,0.682526,0.676665,0.67109,0.66605,0.659674,0.653858,0.648141,0.641886,0.635823,0.629733,0.620601,0.613368,0.607628,0.605448,0.601217,0.59527,0.590625,0.586924,0.583655,0.580723,0.57808,0.575004,0.572162,0.569617,0.567487,0.565204,0.562217,0.558209,0.554594,0.551498,0.549156,0.546567,0.542837,0.538976,0.535097,0.531193,0.527286,0.523374,0.519458
0.490764,0.489634,0.488499,0.487359,0.486214,0.485106,0.484348,0.482822,0.481263,0.480622,0.48,0.478659,0.478148,0.477976,0.47926,0.479628,0.480179,0.48176,0.483708,0.486427,0.492202,0.498481,0.504032,0.509953,0.517007,0.524313,0.532797,0.542141,0.552176,0.562894,0.573808,0.584497,0.595444,0.606569,0.617677,0.628343,0.638543,0.649038,0.659046,0.668357,0.677602,0.686501,0.693298,0.700033,0.706874,0.713342,0.71961,0.724226,0.728529,0.732986,0.736817,0.739234,0.741645,0.744135,0.746093,0.747267,0.748672,0.75021,0.751128,0.751901,0.75259,0.753288,0.753523,0.753778,0.754282,0.755011,0.755673,0.755973,0.755996,0.756393,0.756966,0.75731,0.757215,0.757607,0.758166,0.758102,0.757608,0.757234,0.75677,0.755764,0.755439,0.755428,0.755393,0.754579,0.753845,0.753203,0.751761,0.750154,0.749173,0.748475,0.74718,0.745385,0.743558,0.741577,0.738595,0.735315,0.732098,0.72882,0.725365,0.720917,0.716366,0.711953,0.706178,0.700459,0.694832,0.688982,0.68275,0.676755,0.670858,0.663374,0.654844,0.648754,0.642272,0.636993,0.631544,0.625929,0.62121,0.616599,0.611419,0.605604,0.600959,0.597162,0.593968,0.591002,0.587329,0.583221,0.579748,0.576578,0.572839,0.568743,0.564825,0.560591,0.555935,0.551745,0.548149,0.544248,0.539975,0.535723,0.531445,0.527162,0.522874,0.51858
0.505335,0.505075,0.504813,0.504551,0.504288,0.50406,0.504191,0.50371,0.503088,0.503481,0.503931,0.503434,0.503572,0.504082,0.505834,0.506935,0.508805,0.511685,0.514843,0.518091,0.521755,0.525982,0.531763,0.53708,0.544163,0.551643,0.559456,0.567667,0.576238,0.585851,0.595418,0.604798,0.615385,0.626262,0.635857,0.645518,0.655194,0.664459,0.673693,0.682833,0.690358,0.697491,0.704461,0.710745,0.716727,0.722742,0.72782,0.732513,0.736819,0.739896,0.743199,0.745672,0.748294,0.750731,0.752072,0.753234,0.754343,0.755273,0.756145,0.756833,0.757331,0.757946,0.758416,0.758486,0.758604,0.759388,0.759978,0.760055,0.760209,0.760369,0.760546,0.760519,0.760574,0.760652,0.76066,0.760502,0.760454,0.760188,0.75974,0.759088,0.758696,0.758592,0.758139,0.757796,0.7576,0.757008,0.755804,0.754749,0.753864,0.752807,0.751493,0.750237,0.749034,0.747665,0.745619,0.743368,0.740352,0.737666,0.735011,0.731019,0.726452,0.722147,0.717286,0.712317,0.707063,0.701903,0.696543,0.689989,0.684136,0.678491,0.671833,0.66575,0.660478,0.655391,0.649685,0.642716,0.635943,0.630775,0.626321,0.62179,0.617153,0.611811,0.606435,0.601402,0.597468,0.593522,0.588613,0.584469,0.580435,0.576033,0.571314,0.566928,0.562284,0.557203,0.55217,0.547156,0.542404,0.537528,0.531956,0.526118,0.520268,0.514406,0.508529
0.517445,0.517854,0.518264,0.518675,0.519088,0.519537,0.520551,0.52109,0.521549,0.522692,0.524018,0.524542,0.525232,0.527014,0.528759,0.530104,0.531384,0.532887,0.535313,0.53987,0.544798,0.54959,0.554191,0.561056,0.568625,0.575305,0.582283,0.589693,0.598049,0.606922,0.615726,0.624661,0.633439,0.643502,0.652726,0.661144,0.669345,0.678204,0.686475,0.694635,0.702288,0.708968,0.715479,0.72181,0.727443,0.732307,0.737126,0.741135,0.744094,0.747031,0.749619,0.751702,0.753811,0.755981,0.757227,0.758333,0.759346,0.760173,0.760628,0.761207,0.761775,0.761955,0.762179,0.762087,0.762013,0.76202,0.762091,0.761955,0.761583,0.76128,0.761182,0.761202,0.761054,0.760635,0.760283,0.760009,0.759826,0.75952,0.759178,0.758414,0.757806,0.756934,0.756178,0.755524,0.754853,0.754148,0.753633,0.753012,0.751623,0.750131,0.748809,0.747171,0.745476,0.743626,0.741552,0.739386,0.737301,0.734558,0.731314,0.72801,0.724673,0.719993,0.715105,0.710169,0.70586,0.700831,0.695647,0.690544,0.685576,0.679198,0.673318,0.668223,0.663138,0.657288,0.651285,0.645024,0.638824,0.632895,0.627521,0.622987,0.618184,0.613205,0.607469,0.602261,0.598211,0.594373,0.590112,0.585259,0.580569,0.576044,0.571438,0.566241,0.560541,0.554582,0.548728,0.542738,0.536833,0.531947,0.526388,0.520025,0.513646,0.507251,0.500836
0.52797,0.529064,0.53016,0.531259,0.532361,0.533719,0.535476,0.536691,0.537958,0.539508,0.541099,0.542158,0.544509,0.54676,0.548621,0.551855,0.555285,0.557051,0.559919,0.562704,0.565433,0.56973,0.574877,0.580369,0.586707,0.593447,0.60054,0.607281,0.614368,0.622996,0.63165,0.639302,0.647226,0.656984,0.666899,0.674571,0.682139,0.689836,0.697593,0.705136,0.711845,0.718444,0.724794,0.730144,0.735314,0.740137,0.7438,0.747186,0.750546,0.752898,0.755011,0.757005,0.758856,0.759951,0.760871,0.761878,0.762514,0.762926,0.763367,0.763703,0.763851,0.764031,0.76379,0.763511,0.763213,0.762564,0.762004,0.761594,0.761333,0.760672,0.760105,0.759595,0.759089,0.758702,0.757724,0.756708,0.755726,0.754873,0.754171,0.753617,0.752615,0.751497,0.750418,0.749169,0.747972,0.746924,0.746046,0.744924,0.743579,0.742197,0.740522,0.73839,0.736117,0.733987,0.731801,0.729344,0.726517,0.723635,0.72078,0.717686,0.71405,0.710316,0.706554,0.702415,0.697951,0.693063,0.688118,0.683099,0.677501,0.671875,0.66683,0.661316,0.655367,0.650229,0.645201,0.639639,0.63369,0.627373,0.622035,0.617282,0.612023,0.607071,0.602263,0.597376,0.593217,0.589075,0.584908,0.579699,0.57442,0.568989,0.563417,0.557829,0.552493,0.5466,0.54071,0.535145,0.529566,0.523239,0.516471,0.510086,0.50369,0.497282,0.490861
0.536456,0.538305,0.540158,0.542013,0.543872,0.545663,0.547486,0.549254,0.550911,0.552622,0.554537,0.556258,0.558402,0.560552,0.563622,0.566661,0.569471,0.572975,0.576383,0.579854,0.583511,0.587366,0.591444,0.596353,0.602665,0.609239,0.61607,0.622819,0.629747,0.63639,0.642987,0.650811,0.659087,0.667583,0.676079,0.684218,0.691894,0.699305,0.706597,0.713585,0.720058,0.726148,0.731674,0.736799,0.741594,0.745521,0.74926,0.752604,0.755224,0.757667,0.759773,0.761271,0.762656,0.763431,0.764121,0.76456,0.764972,0.765111,0.76525,0.76536,0.765315,0.764958,0.764338,0.763677,0.762967,0.762396,0.761325,0.760208,0.759236,0.758279,0.756737,0.75533,0.754077,0.753177,0.752391,0.750881,0.749118,0.747635,0.746479,0.745239,0.743963,0.742854,0.741328,0.739756,0.738256,0.736218,0.734301,0.732524,0.730776,0.729059,0.72703,0.725025,0.722959,0.720469,0.717407,0.71443,0.711447,0.708173,0.704528,0.700848,0.697006,0.693162,0.68878,0.684357,0.679912,0.675407,0.670763,0.665665,0.660457,0.655655,0.650297,0.644581,0.640069,0.63598,0.630523,0.625176,0.62001,0.614351,0.609488,0.604318,0.599643,0.596274,0.592345,0.587,0.580609,0.576229,0.571087,0.566135,0.561151,0.556329,0.551541,0.546649,0.541851,0.535451,0.528633,0.521774,0.515566,0.509355,0.502684,0.495672,0.488646,0.481602,0.474539
0.54386,0.546299,0.54874,0.551183,0.553629,0.555585,0.55757,0.559772,0.561497,0.563299,0.5656,0.568189,0.571185,0.574492,0.577684,0.580027,0.582796,0.585742,0.58897,0.593876,0.598106,0.602437,0.607192,0.611197,0.615202,0.619811,0.625609,0.631935,0.63855,0.645409,0.652497,0.659872,0.667836,0.675876,0.683888,0.691522,0.699111,0.706363,0.713237,0.720164,0.726419,0.731804,0.737136,0.742371,0.746762,0.750588,0.754202,0.756953,0.759408,0.761581,0.76321,0.76458,0.765591,0.766516,0.766931,0.766821,0.766817,0.766866,0.766924,0.766263,0.765465,0.764689,0.763943,0.762757,0.761379,0.75984,0.758234,0.756685,0.754979,0.753302,0.751557,0.749264,0.746839,0.745695,0.744439,0.7423,0.74027,0.73831,0.736045,0.733938,0.732128,0.730307,0.728477,0.726779,0.724526,0.722323,0.719558,0.716837,0.714269,0.712016,0.70952,0.706693,0.70395,0.700933,0.697831,0.694607,0.690952,0.686788,0.682693,0.678474,0.673989,0.669296,0.664552,0.659666,0.654728,0.64947,0.644564,0.639591,0.634252,0.628996,0.623656,0.618229,0.612629,0.607333,0.603868,0.600231,0.596248,0.59136,0.585617,0.579924,0.574432,0.568454,0.56393,0.559833,0.555988,0.551882,0.549058,0.545218,0.541244,0.536942,0.532606,0.527027,0.520429,0.513733,0.507228,0.501039,0.494839,0.488564,0.482024,0.475435,0.468836,0.462225,0.455599
0.552437,0.55475,0.557063,0.559377,0.561691,0.56421,0.566747,0.569264,0.572604,0.576482,0.579461,0.581649,0.584021,0.58648,0.589166,0.592456,0.595851,0.598192,0.601364,0.605116,0.609566,0.614053,0.618379,0.622839,0.62775,0.63249,0.637749,0.643445,0.648787,0.654285,0.661008,0.667992,0.675169,0.682482,0.689919,0.697065,0.704024,0.710911,0.717627,0.723815,0.729795,0.735739,0.740969,0.745959,0.750947,0.754834,0.757678,0.760522,0.763172,0.764746,0.766314,0.767861,0.76875,0.76896,0.769151,0.769035,0.768478,0.767312,0.766213,0.765194,0.764084,0.762623,0.76115,0.759202,0.757292,0.75555,0.753146,0.750404,0.747457,0.744943,0.742541,0.740246,0.738039,0.735484,0.732637,0.729903,0.727395,0.725103,0.722873,0.719897,0.716727,0.713936,0.711236,0.708756,0.706379,0.704171,0.701168,0.698366,0.695183,0.691864,0.688545,0.685016,0.68155,0.677808,0.673835,0.669947,0.66567,0.66117,0.656515,0.651313,0.645755,0.6402,0.63436,0.62814,0.622045,0.616147,0.610576,0.604916,0.599237,0.593554,0.587648,0.582489,0.577919,0.572062,0.565953,0.557609,0.552546,0.548785,0.545117,0.540592,0.536343,0.531086,0.528309,0.525328,0.520938,0.516265,0.512168,0.509168,0.506065,0.502584,0.497435,0.492585,0.489469,0.485408,0.480601,0.475067,0.469534,0.463196,0.456495,0.448688,0.440879,0.433064,0.42524
0.555759,0.558813,0.561865,0.564914,0.567962,0.570987,0.573897,0.576647,0.579423,0.58223,0.585595,0.589047,0.592555,0.59538,0.598097,0.601236,0.604324,0.60753,0.611047,0.614472,0.618097,0.622572,0.626616,0.630906,0.635437,0.64044,0.645692,0.651739,0.657214,0.662913,0.669236,0.675725,0.682378,0.688394,0.694833,0.701666,0.708684,0.715186,0.721394,0.727706,0.733405,0.738677,0.743993,0.749129,0.753,0.756913,0.760306,0.763028,0.765694,0.767901,0.769132,0.770018,0.770666,0.770868,0.770621,0.770075,0.768895,0.767606,0.765577,0.763744,0.761605,0.758804,0.756101,0.753717,0.750923,0.747696,0.744286,0.740952,0.737385,0.733676,0.729711,0.726659,0.723366,0.719872,0.716607,0.713424,0.710102,0.707075,0.703748,0.700082,0.696741,0.693169,0.689814,0.686737,0.683783,0.680683,0.677655,0.674159,0.670055,0.666119,0.662017,0.657738,0.653464,0.64877,0.644123,0.639321,0.633878,0.6285,0.62289,0.616372,0.609808,0.603308,0.596969,0.590071,0.583094,0.575999,0.568811,0.562273,0.555636,0.548457,0.54026,0.531939,0.524283,0.517464,0.511495,0.506738,0.500892,0.496588,0.493605,0.488619,0.484603,0.480945,0.478813,0.477336,0.473959,0.471455,0.469406,0.466653,0.463434,0.459674,0.455579,0.453274,0.449654,0.445945,0.441917,0.435663,0.430269,0.424251,0.416854,0.409461,0.402065,0.394663
0.558531,0.561742,0.564947,0.568147,0.571343,0.574559,0.578118,0.581694,0.585411,0.588973,0.592556,0.595907,0.599255,0.602756,0.60603,0.609235,0.612174,0.614851,0.617661,0.620747,0.624607,0.628829,0.632981,0.636957,0.64124,0.645765,0.65053,0.655706,0.66206,0.668672,0.674502,0.679765,0.685318,0.691061,0.697201,0.703694,0.710448,0.717385,0.72368,0.729727,0.73575,0.741154,0.745988,0.75089,0.755065,0.758432,0.761779,0.764651,0.766762,0.768388,0.769579,0.77049,0.770104,0.769648,0.769142,0.768637,0.76733,0.765225,0.762553,0.759062,0.755449,0.752225,0.748563,0.744732,0.740589,0.736843,0.732467,0.728525,0.724937,0.720697,0.714617,0.709218,0.704748,0.700751,0.696559,0.692061,0.687952,0.683985,0.679993,0.676177,0.672567,0.669194,0.665573,0.661402,0.657258,0.653652,0.650205,0.646099,0.641674,0.637332,0.632607,0.627647,0.622785,0.617357,0.611937,0.606241,0.600059,0.59394,0.587396,0.580521,0.573576,0.566179,0.558876,0.551527,0.543824,0.53501,0.526136,0.517526,0.509526,0.500804,0.491551,0.482162,0.47473,0.467365,0.45997,0.452564,0.447118,0.441008,0.434175,0.428276,0.425169,0.422086,0.418889,0.415946,0.413313,0.410534,0.40823,0.406564,0.403773,0.401892,0.400297,0.397569,0.393913,0.39018,0.386153,0.382514,0.379082,0.374493,0.369919,0.365354,0.360797
0.555423,0.559306,0.563179,0.567041,0.570895,0.574834,0.578738,0.582379,0.586112,0.589784,0.593436,0.597176,0.600757,0.60404,0.607404,0.610922,0.614458,0.61816,0.622436,0.626079,0.629417,0.632868,0.636561,0.640099,0.644049,0.6485,0.653288,0.65801,0.662988,0.668338,0.673813,0.679357,0.685216,0.691437,0.697535,0.703773,0.709412,0.715314,0.721103,0.726892,0.732727,0.738664,0.744014,0.748671,0.753349,0.757116,0.76022,0.762959,0.764857,0.766352,0.766871,0.766749,0.766486,0.765874,0.764209,0.762512,0.760167,0.757621,0.755021,0.749756,0.744365,0.740219,0.736502,0.731078,0.725784,0.720374,0.714987,0.710329,0.704921,0.699406,0.693924,0.689019,0.684163,0.679237,0.673598,0.668604,0.663783,0.659218,0.654805,0.650477,0.645752,0.641188,0.636716,0.632482,0.628401,0.624125,0.620008,0.615608,0.610875,0.606243,0.600947,0.59549,0.59009,0.584121,0.577998,0.571616,0.564792,0.558004,0.550521,0.542692,0.534806,0.526234,0.517373,0.508405,0.498625,0.489682,0.480021,0.470069,0.460308,0.450482,0.441374,0.43229,0.422776,0.414366,0.405984,0.397634,0.389731,0.382505,0.375256,0.368717,0.363173,0.358485,0.354141,0.350476,0.346516,0.342807,0.339701,0.337217,0.335117,0.333967,0.333136,0.332365,0.331318,0.330039,0.329383,0.328412,0.326096,0.323796,0.321509,0.319234
0.547442,0.551746,0.556034,0.560307,0.564565,0.568969,0.573361,0.577374,0.581443,0.585529,0.589267,0.592515,0.595896,0.599382,0.603132,0.607046,0.611157,0.615636,0.62013,0.624079,0.628145,0.632024,0.636032,0.640184,0.644443,0.648026,0.651795,0.655495,0.660242,0.66525,0.668708,0.672209,0.679451,0.687203,0.692842,0.698617,0.704339,0.70987,0.715821,0.721937,0.727833,0.73279,0.737518,0.742263,0.746638,0.750332,0.753367,0.756042,0.757665,0.758516,0.759286,0.75873,0.757525,0.756305,0.754912,0.751099,0.746625,0.74212,0.737827,0.733504,0.728914,0.723379,0.717688,0.711977,0.705879,0.699607,0.69343,0.687573,0.68192,0.676253,0.671295,0.666687,0.66201,0.656046,0.650055,0.643393,0.637979,0.632614,0.627393,0.622334,0.616832,0.611136,0.6062,0.602448,0.598886,0.59376,0.5887,0.583681,0.578435,0.573326,0.567729,0.562028,0.556426,0.550062,0.543451,0.536623,0.528927,0.521265,0.513218,0.504716,0.496855,0.48808,0.478936,0.469718,0.459878,0.449723,0.439427,0.429094,0.418657,0.408488,0.398645,0.388696,0.378176,0.368168,0.358375,0.348698,0.340129,0.33114,0.322392,0.314575,0.308473,0.302512,0.296814,0.292005,0.287867,0.283819,0.279918,0.278878,0.278324,0.276781,0.27661,0.276332,0.275784,0.275505,0.275637,0.275752,0.275867,0.27598,0.276093
0.531477,0.536416,0.541337,0.546239,0.551122,0.555992,0.560849,0.565676,0.570534,0.575397,0.580003,0.584228,0.588469,0.592893,0.597618,0.601702,0.605344,0.608725,0.612062,0.615093,0.618874,0.622698,0.626732,0.630763,0.634859,0.639226,0.643531,0.647053,0.650843,0.654966,0.659581,0.665457,0.671263,0.677261,0.683032,0.688276,0.693436,0.69906,0.704928,0.710411,0.715417,0.720364,0.724645,0.728463,0.732515,0.736098,0.73858,0.740556,0.742295,0.742091,0.741736,0.741358,0.739925,0.736454,0.732822,0.72841,0.723398,0.71834,0.713249,0.708457,0.702545,0.696497,0.690133,0.682991,0.675824,0.668665,0.661642,0.654992,0.648456,0.641516,0.635176,0.628785,0.622011,0.614705,0.609215,0.604452,0.599508,0.594951,0.589946,0.584981,0.580486,0.574131,0.569084,0.564319,0.559565,0.55465,0.54937,0.544726,0.54061,0.535401,0.529635,0.524102,0.518595,0.512199,0.505587,0.49802,0.490305,0.482189,0.474363,0.466559,0.45853,0.449223,0.439877,0.430253,0.420213,0.409996,0.399868,0.389717,0.379263,0.368649,0.358337,0.347988,0.337559,0.327096,0.31644,0.305955,0.296543,0.287392,0.279493,0.27254,0.265685,0.258949,0.25398,0.249779,0.246275,0.243066,0.24024,0.237602,0.23692,0.237749,0.238722,0.240518,0.241973,0.241806,0.241641,0.241477,0.241315
0.506691,0.511997,0.517282,0.522547,0.527793,0.532918,0.538026,0.543069,0.547942,0.552815,0.557712,0.562372,0.567901,0.572842,0.578377,0.584177,0.588628,0.592733,0.595882,0.598816,0.602597,0.606752,0.610999,0.615047,0.61821,0.621515,0.625202,0.629384,0.633765,0.637793,0.644267,0.648677,0.652898,0.656606,0.660224,0.666204,0.673213,0.679364,0.684584,0.689728,0.692701,0.695675,0.699666,0.703031,0.706354,0.709138,0.71002,0.710611,0.71112,0.710398,0.708819,0.707223,0.704482,0.700199,0.69587,0.692803,0.687271,0.680246,0.673157,0.666962,0.660667,0.653299,0.645668,0.638029,0.630465,0.622778,0.615139,0.607818,0.600484,0.592538,0.583446,0.575418,0.569078,0.56297,0.559716,0.554531,0.547892,0.542947,0.538594,0.535464,0.532474,0.528616,0.523687,0.519105,0.514916,0.50868,0.50347,0.498801,0.494869,0.489568,0.484785,0.480031,0.474369,0.468619,0.460663,0.452618,0.44711,0.441607,0.432734,0.423174,0.413872,0.404413,0.395515,0.385807,0.376018,0.366096,0.35615,0.345728,0.33394,0.322586,0.311753,0.301301,0.29216,0.282414,0.273792,0.265335,0.257191,0.250866,0.24561,0.239741,0.234081,0.229342,0.227021,0.22501,0.223231,0.221247,0.22077,0.220765,0.221847,0.224281,0.226795,0.229288,0.231762,0.234216
0.465738,0.47186,0.477953,0.484019,0.490057,0.495937,0.501696,0.506967,0.512324,0.517985,0.523679,0.528971,0.533815,0.538214,0.542593,0.547021,0.551504,0.556077,0.56074,0.565488,0.569796,0.57384,0.577297,0.58106,0.584831,0.588439,0.592506,0.596696,0.600187,0.602992,0.606136,0.611069,0.61412,0.617468,0.621106,0.623822,0.626289,0.630113,0.634188,0.63681,0.640573,0.644764,0.648129,0.650803,0.653848,0.655773,0.655279,0.654472,0.653513,0.651917,0.648441,0.644796,0.641129,0.638437,0.635518,0.630384,0.623897,0.617512,0.611444,0.605158,0.598675,0.591949,0.584415,0.576651,0.568994,0.561361,0.554633,0.548062,0.54255,0.537163,0.531196,0.52558,0.519808,0.512549,0.504668,0.499179,0.494788,0.490831,0.486588,0.483224,0.480513,0.476875,0.473851,0.471003,0.46697,0.463053,0.459235,0.454883,0.450304,0.445787,0.441895,0.436651,0.431523,0.425546,0.41921,0.413373,0.407514,0.401927,0.39401,0.384168,0.374299,0.366412,0.358414,0.350356,0.341127,0.331633,0.322251,0.313065,0.302192,0.29261,0.283766,0.27534,0.266985,0.259854,0.253285,0.246858,0.240812,0.235516,0.231274,0.227405,0.223709,0.220604,0.219243,0.218065,0.218268,0.219221,0.220288,0.222646,0.224988,0.227313,0.229623
0.416734,0.422736,0.428718,0.43468,0.440624,0.446507,0.452363,0.458185,0.463909,0.469535,0.474873,0.480135,0.485286,0.490458,0.495537,0.500532,0.505489,0.509716,0.514457,0.518611,0.521866,0.525388,0.528517,0.531484,0.535307,0.538222,0.540431,0.544109,0.547558,0.549607,0.551412,0.553669,0.555664,0.557538,0.559582,0.561199,0.562018,0.563122,0.565338,0.566245,0.566547,0.56649,0.566419,0.565789,0.565494,0.564885,0.564526,0.564877,0.565773,0.566755,0.56315,0.55838,0.555225,0.550726,0.545743,0.541366,0.536915,0.531014,0.522995,0.518384,0.515272,0.509218,0.503262,0.497152,0.491216,0.484116,0.472336,0.465888,0.461977,0.458336,0.453477,0.448337,0.444401,0.441894,0.439009,0.435885,0.432224,0.429465,0.427174,0.424876,0.423169,0.421691,0.419244,0.417495,0.415861,0.41231,0.410217,0.408403,0.404886,0.40116,0.397361,0.392415,0.387464,0.382477,0.376479,0.370458,0.364547,0.358902,0.352878,0.345627,0.337889,0.330544,0.323091,0.315075,0.306976,0.298584,0.290205,0.281942,0.275032,0.268146,0.261281,0.25454,0.249035,0.244105,0.239333,0.234966,0.231467,0.228662,0.225995,0.224123,0.223093,0.222285,0.223559,0.225113,0.226658,0.228194,0.229722
0.353966,0.359739,0.365491,0.371222,0.376936,0.382532,0.388117,0.393848,0.399428,0.404818,0.410093,0.415341,0.420285,0.424891,0.428692,0.432508,0.436226,0.439948,0.443526,0.446898,0.449778,0.453409,0.456326,0.457744,0.45891,0.460142,0.461168,0.462286,0.464131,0.464402,0.465182,0.466277,0.465063,0.463894,0.462759,0.461865,0.461508,0.460905,0.458635,0.454614,0.450738,0.450841,0.452434,0.454925,0.454947,0.456384,0.456876,0.454268,0.452504,0.449307,0.445265,0.441964,0.439857,0.440274,0.440487,0.438655,0.435595,0.431766,0.42633,0.420991,0.416572,0.412285,0.407358,0.402441,0.397711,0.394162,0.390743,0.387122,0.38329,0.380462,0.378493,0.376142,0.374807,0.373739,0.371829,0.370961,0.370323,0.368996,0.368636,0.368628,0.368587,0.368497,0.368828,0.368341,0.367932,0.367258,0.365797,0.364378,0.361989,0.359953,0.356887,0.352881,0.35018,0.346227,0.342133,0.337579,0.332857,0.327951,0.321833,0.315817,0.309923,0.303489,0.297052,0.291053,0.283913,0.276978,0.270747,0.26454,0.259317,0.254532,0.249656,0.244816,0.241173,0.23765,0.23449,0.232048,0.230541,0.229381,0.229074,0.229618,0.23016,0.2307,0.231238
0.286945,0.291917,0.29687,0.301805,0.306727,0.311569,0.316326,0.321291,0.325768,0.330229,0.334672,0.339162,0.343684,0.348694,0.353402,0.356785,0.359746,0.361962,0.363648,0.365079,0.36559,0.366478,0.367761,0.37056,0.373453,0.371045,0.368163,0.365953,0.364338,0.362827,0.360629,0.356763,0.353167,0.349934,0.347237,0.345778,0.344567,0.344131,0.344669,0.345144,0.344261,0.342665,0.341099,0.340074,0.338893,0.339609,0.341373,0.343167,0.344687,0.343548,0.342326,0.34231,0.338779,0.335167,0.332818,0.330775,0.330498,0.328705,0.326832,0.324902,0.322501,0.320313,0.318241,0.316251,0.314422,0.312897,0.312422,0.312196,0.311516,0.310737,0.310392,0.31147,0.312419,0.313708,0.316545,0.319602,0.32053,0.320919,0.32145,0.322947,0.324893,0.327467,0.329114,0.329398,0.330086,0.330174,0.330075,0.329922,0.32811,0.326043,0.324306,0.322052,0.31914,0.315298,0.311185,0.306993,0.302972,0.299473,0.294905,0.289995,0.285753,0.280171,0.275141,0.270906,0.265692,0.261287,0.257347,0.25329,0.249154,0.245172,0.24209,0.239533,0.237495,0.235818,0.235352,0.234887,0.234424,0.233962
0.211846,0.216118,0.220375,0.224618,0.228851,0.233074,0.236785,0.240244,0.243653,0.247785,0.252358,0.256749,0.259937,0.262934,0.265905,0.267653,0.268559,0.269457,0.269637,0.269303,0.268998,0.265839,0.261841,0.257933,0.255099,0.251136,0.246348,0.240117,0.237509,0.236301,0.235162,0.234032,0.230426,0.228813,0.229269,0.228459,0.226891,0.227326,0.227535,0.227711,0.23037,0.233015,0.235418,0.236934,0.238369,0.239699,0.240343,0.240985,0.242517,0.244751,0.245528,0.244813,0.244145,0.243531,0.244258,0.245103,0.244845,0.244248,0.244512,0.245916,0.247778,0.247605,0.248351,0.249333,0.250305,0.251669,0.254054,0.256392,0.259063,0.263071,0.265507,0.268514,0.272516,0.276686,0.28098,0.283172,0.286564,0.2906,0.293864,0.29658,0.297648,0.298712,0.300094,0.301481,0.30213,0.302269,0.301904,0.301206,0.299654,0.298361,0.297069,0.294188,0.291784,0.289432,0.285308,0.281859,0.278767,0.274752,0.270966,0.267436,0.26347,0.26035,0.257082,0.253472,0.250244,0.247378,0.245427,0.244152,0.24288,0.241609,0.240342
0.126372,0.129525,0.132675,0.135823,0.138971,0.142051,0.145057,0.1485,0.151283,0.152771,0.153266,0.153842,0.155507,0.156838,0.157756,0.158516,0.159465,0.155453,0.151595,0.147318,0.142603,0.137998,0.134531,0.131544,0.128559,0.12663,0.121646,0.120808,0.119967,0.118814,0.118641,0.120562,0.122628,0.124795,0.128141,0.132163,0.135448,0.138034,0.140244,0.142796,0.144977,0.147741,0.150611,0.154759,0.157851,0.161036,0.164204,0.166722,0.170155,0.173798,0.175707,0.177573,0.179866,0.18263,0.185253,0.188047,0.191025,0.193559,0.195301,0.197467,0.200799,0.203997,0.207392,0.21147,0.216262,0.221248,0.225333,0.231023,0.235834,0.24036,0.245288,0.250444,0.254955,0.259447,0.262937,0.266088,0.268896,0.271398,0.273815,0.275789,0.277762,0.279393,0.28008,0.280479,0.280494,0.280508,0.279977,0.279273,0.277915,0.276126,0.274331,0.271903,0.27004,0.268163,0.265768,0.263359,0.261286,0.258157,0.25547,0.253599,0.25153,0.249463,0.247398,0.245335
0.0417615,0.0410648,0.0403676,0.0396697,0.0389705,0.038394,0.0383803,0.037335,0.0368422,0.0351123,0.0336439,0.0311921,0.0277061,0.0255794,0.023876,0.0224342,0.021403,0.0229187,0.0247277,0.0272321,0.0253245,0.0230265,0.0218976,0.0224185,0.0227072,0.0233338,0.0263093,0.0301763,0.0335444,0.0376601,0.0430159,0.0468817,0.0524184,0.0584296,0.0642148,0.07059,0.0763994,0.0820756,0.0877209,0.0932354,0.0979681,0.102805,0.108209,0.112973,0.118167,0.122565,0.1264,0.131191,0.136211,0.140803,0.14523,0.14977,0.153824,0.159005,0.165312,0.169414,0.173869,0.178673,0.183401,0.188298,0.19344,0.198858,0.204305,0.210616,0.216776,0.220711,0.225806,0.233115,0.236774,0.239754,0.242694,0.246123,0.249702,0.252849,0.255427,0.257905,0.259067,0.259943,0.260774,0.261986,0.262768,0.262756,0.262412,0.262046,0.261923,0.261778,0.261154,0.259934,0.258119,0.257972,0.256389,0.254807,0.253226,0.251645
-0.0585951,-0.0597651,-0.0609445,-0.0621338,-0.0633334,-0.0657154,-0.0669365,-0.0681946,-0.0717034,-0.0750013,-0.0774353,-0.0794201,-0.0811228,-0.0798973,-0.0782754,-0.0770374,-0.074818,-0.0708733,-0.0649626,-0.0579933,-0.0541236,-0.0490568,-0.0413704,-0.0356116,-0.029359,-0.0220729,-0.0155294,-0.00822852,0.000188278,0.0084886,0.0174403,0.0255145,0.0327995,0.0392878,0.0453372,0.0513703,0.0586751,0.0673264,0.0752312,0.0812263,0.0872087,0.0933573,0.0992409,0.105304,0.111296,0.117226,0.123209,0.130476,0.138045,0.144224,0.149512,0.155076,0.160729,0.166381,0.172034,0.177688
-0.125323,-0.125813,-0.12631,-0.126814,-0.127323,-0.128641,-0.128096,-0.128007,-0.127168,-0.125213,-0.123477,-0.117985,-0.110623,-0.103901,-0.0967003,-0.0892306,-0.0813947,-0.0722695,-0.0628585,-0.0549509,-0.0458893,-0.0366853,-0.028262,-0.0186661,-0.00896557,0.000878405,0.0108826,0.0195054,0.0280826,0.0375302,0.0459748,0.0541065,0.0622347,0.0701176,0.0777575,0.0853833,0.0921496,0.0986433,0.105156,0.111672,0.118192,0.124717
-0.138289,-0.13438,-0.130423,-0.126416,-0.122358,-0.11739,-0.112376,-0.106828,-0.100652,-0.0938828,-0.0870941,-0.0790554,-0.070004,-0.0601928,-0.0509964,-0.0421757,-0.0328637,-0.0227121,-0.0124765,-0.00291566,0.00732971,0.0178681,0.0290751,0.0381453,0.0456913,0.0525709,0.0594397,0.0662987,0.0731485
