20.5951,20.4337,20.3628,20.1108,19.9153,19.7151,19.5407,19.3966,19.059,18.9763,18.9057,18.2684,18.2416,18.2174,17.9068,17.5065,17.4559,16.8251,16.773,16.462,16.1933,16.1698,15.8726,15.6197,15.5738,15.0946,14.5263,14.4667,14.2122,13.8793,13.8379,13.7906,13.3519,13.2919,13.2206,12.726,12.5953,12.4386,12.1469,11.9208,11.7369,11.5225,11.2554,11.1455,10.8352,10.7889,10.55
21.4888,21.2503,21.0672,20.9491,20.5727,20.4573,20.3079,19.9438,19.7268,19.6189,19.2479,19.0095,18.711,18.2398,18.2391,18.2363,17.5316,17.393,16.9266,16.8837,16.5608,16.2625,16.2326,15.6297,15.5889,14.8267,14.7798,14.7242,13.8969,13.8423,13.2621,13.2551,12.7543,12.5727,12.1707,11.8538,11.6031,11.2533,10.7526,10.7015,10.6489,10.2264,9.91627,9.79346,9.73124,9.21543,9.14447,9.05724,8.65787,8.51423,8.20675,8.10703,7.97298,7.70658,7.45682,7.29487,7.05472,6.74812,6.70268,6.48288
21.9791,21.7072,21.5913,21.3306,21.2233,21.1547,20.968,20.6598,20.4629,20.1984,19.6122,19.4302,19.2713,18.8936,18.5951,18.3146,17.792,17.7196,17.1192,16.9938,16.3904,16.3208,15.9578,15.7411,15.7012,15.135,14.9937,14.5286,13.905,13.8628,13.7994,13.1679,12.7502,12.7087,12.6693,12.2087,11.9551,11.6484,11.0995,10.974,10.2861,10.2477,10.2385,9.72072,9.63617,9.19172,9.01924,8.54391,8.38198,7.93566,7.8537,7.6715,7.30845,7.10099,6.84701,6.52442,6.23577,6.1192,5.66439,5.5552,5.5344,5.5091,4.91878,4.89839,4.8725,4.35434,4.05255,3.97537,3.87579,3.44461,3.3063,3.12371,2.8483,2.62266,2.32511,2.23352,1.95131
22.2415,22.0873,21.967,21.761,21.7015,21.6662,21.5734,21.1908,21.142,20.7001,20.2904,20.245,20.1851,19.8575,19.606,19.3188,18.9229,18.6676,18.2844,17.9551,17.7457,17.259,17.1481,17.052,16.4548,16.2562,15.8976,15.4727,15.306,15.2024,14.5555,14.5134,14.0975,13.916,13.8915,13.3736,13.2275,12.8746,12.3929,12.2702,12.2027,11.7032,11.2885,11.0681,10.676,10.4889,10.2131,9.78247,9.74523,9.08695,8.97363,8.46921,8.22865,7.74609,7.67077,7.34484,7.07889,7.01803,6.75761,6.42816,6.34814,5.69789,5.61748,4.81442,4.79834,4.74205,4.11247,3.92922,3.39011,3.3476,3.22329,2.7533,2.60328,2.18755,1.81167,1.57701,1.14095,1.00009,0.959667,0.911449,0.364437,0.309452,0.240961,-0.25014,-0.328445,-0.43301,-0.795837,-1.06406,-1.25727,-1.53152,-1.85331,-1.95715,-2.2713,-2.44938
22.3553,22.3026,22.244,22.132,22.0757,21.8366,21.8002,21.7187,21.492,21.3659,21.0402,21.0299,21.0188,20.6793,20.4473,20.2479,19.971,19.8335,19.722,19.4225,19.1093,18.986,18.8179,18.2702,17.9876,17.525,17.3967,17.0644,16.892,16.8118,16.4132,16.131,15.8565,15.4042,15.2552,14.5314,14.4852,14.4083,13.8306,13.4045,13.2128,13.0952,12.6503,12.546,12.4234,12.0306,11.9201,11.3673,11.1079,10.5207,10.3406,9.79429,9.68553,9.65355,9.41859,9.01538,8.96269,8.82354,8.45085,8.23093,7.71475,7.44691,7.10138,7.00354,6.45457,6.37724,5.98418,5.69865,5.63578,4.93399,4.79969,4.78636,4.0388,3.95653,3.80059,3.33089,2.92659,2.75287,2.37491,2.13404,2.05685,1.39808,1.27936,1.16991,0.491497,0.467896,0.452708,-0.137796,-0.276651,-0.694707,-0.980731,-1.08262,-1.72503,-1.78866,-2.35381,-2.77161,-2.95336,-3.02385,-3.11074,-3.67548,-3.8629,-4.27583,-4.39068,-4.55368,-4.82773,-4.99722,-5.10052,-5.44215
22.3304,22.3136,22.2841,22.2067,22.1856,22.0745,21.9657,21.8197,21.723,21.5011,21.4968,21.4893,21.1919,21.0985,20.7771,20.6608,20.605,20.2478,19.9024,19.8477,19.7737,19.4077,19.1688,18.8512,18.6511,18.3059,18.0365,17.7104,17.3574,17.2532,16.7847,16.5899,16.5685,16.4592,16.0058,15.8879,15.4,15.3119,15.2925,14.7334,14.5747,13.992,13.9515,13.9326,13.3488,13.2662,12.918,12.6451,12.3951,12.0616,11.7906,11.368,11.1713,10.599,10.34,9.77967,9.69551,9.50422,9.14972,9.0288,8.44159,8.38533,7.75729,7.44982,6.91627,6.48494,6.30646,5.96336,5.77805,5.56272,5.01037,4.86692,4.77579,4.17209,4.06721,3.63907,3.4839,3.42967,2.9231,2.47209,2.30821,2.02911,1.61468,1.4235,0.873139,0.264805,0.24286,0.222868,-0.378646,-0.999899,-1.10081,-1.85381,-1.95487,-2.1817,-2.60108,-2.99748,-3.35067,-3.82426,-4.00169,-4.61215,-4.6839,-4.70626,-5.38879,-5.44704,-5.73404,-6.00483,-6.56018,-6.7502,-6.99346,-7.04472
22.1774,22.1294,22.0988,22.0264,21.8573,21.8551,21.8534,21.6001,21.4643,21.3428,21.1607,21.0599,20.9653,20.7376,20.4184,20.348,20.3017,19.9578,19.8292,19.521,19.4441,19.3785,19.0249,18.7837,18.6273,18.2672,18.1998,17.7415,17.3806,17.1886,16.4425,16.3414,16.0173,15.909,15.8791,15.4512,15.3343,14.8277,14.7387,14.2208,14.0149,13.2968,13.2102,13.0102,12.4024,12.2318,11.7026,11.6213,11.1421,10.8182,10.4526,9.88236,9.65015,9.10643,9.05864,8.8051,8.4,8.33046,7.71935,7.58785,6.96896,6.69005,6.18936,5.937,5.48403,5.39756,5.17394,4.85344,4.72844,4.20942,4.01584,3.67097,3.34401,3.12951,2.93999,2.5049,1.89556,1.8825,1.86728,1.24054,0.806506,0.780417,0.701811,0.0139008,-0.13948,-0.477238,-0.76783,-0.919123,-1.4021,-1.93978,-2.15532,-2.49801,-2.96827,-3.52453,-3.72468,-4.1553,-4.3738,-4.43527,-5.00913,-5.18382,-5.72616,-6.31236,-6.49074,-6.95303,-7.20869,-7.43208,-7.61206,-8.02283,-8.05381,-8.0788
21.9342,21.8769,21.8417,21.7805,21.692,21.6579,21.5425,21.4572,21.3546,21.1739,21.1374,21.0867,20.8926,20.7485,20.6163,20.4242,20.2524,20.0886,19.9659,19.8085,19.6734,19.5692,19.3655,19.0392,19.0366,18.6756,18.1676,18.1558,18.1361,17.6455,17.4557,17.1089,16.6451,16.4576,15.9075,15.7725,15.7513,15.3287,15.2882,15.2794,14.8321,14.5198,14.1667,13.7166,13.4319,12.8181,12.6975,12.3873,11.9278,11.5359,11.324,11.1199,10.7494,10.4358,10.1162,9.74272,9.31593,9.07916,8.42625,8.40303,8.30976,7.66891,7.56664,7.26488,6.93775,6.62311,6.3553,6.22509,5.71593,5.31774,5.16929,4.6959,4.47831,4.12034,3.79778,3.66078,3.26552,3.11779,2.6059,2.39205,2.07412,1.67138,1.50632,1.35218,0.705384,0.31131,0.10403,-0.477757,-0.568676,-0.745629,-1.08765,-1.53649,-1.63236,-2.22373,-2.34396,-2.51304,-3.04454,-3.29042,-3.85449,-3.92689,-4.22697,-4.64569,-4.75809,-5.28454,-5.6559,-5.94026,-6.1644,-6.75986,-6.95962,-7.4722,-7.92055,-8.02751,-8.0808,-8.27939,-8.67306,-8.81864
21.6267,21.595,21.5302,21.4543,21.429,21.396,21.296,21.2539,21.1189,21.0865,21.0686,21.0039,20.8316,20.6233,20.5938,20.5765,20.3201,20.1333,19.9145,19.5705,19.4047,19.0066,18.8331,18.4203,18.2091,17.7335,17.6246,17.3782,17.1564,17.0553,16.3866,16.1138,15.8153,15.5195,15.2601,15.0739,14.8455,14.5709,14.3144,14.0505,13.5785,13.2071,12.8507,12.2507,12.164,11.8984,11.4978,11.3753,10.9398,10.7471,10.4191,10.3172,10.2121,9.80799,9.59699,9.16191,8.79812,8.49063,7.93011,7.89907,7.87864,7.12829,6.78869,6.4349,5.97306,5.84115,5.77261,5.1649,4.81063,4.46958,4.20108,3.86828,3.44097,3.29944,3.21626,2.68807,2.56867,2.23761,2.00837,1.9316,1.4133,1.33847,0.873316,0.718868,0.213352,-0.174134,-0.433556,-0.705332,-1.08807,-1.19827,-1.72764,-1.7708,-2.41636,-2.47037,-3.17168,-3.28038,-3.43569,-3.91747,-4.29205,-4.46708,-4.97712,-5.00079,-5.51705,-5.80243,-6.04616,-6.54529,-6.64373,-6.80349,-7.47328,-7.56946,-8.11647,-8.47772,-8.70733,-9.20149,-9.41189
21.2817,21.2053,21.0568,21.0305,20.9836,20.8677,20.8315,20.6918,20.6859,20.4509,20.3437,20.2251,19.9805,19.9747,19.9643,19.7428,19.5527,19.4562,19.2395,19.0313,18.7766,18.477,18.2739,18.0153,17.819,17.5765,17.2486,16.9472,16.5487,16.3413,15.9648,15.7983,15.6289,15.1953,14.5148,14.4858,14.478,14.4649,13.6798,13.6216,12.9332,12.7388,12.1947,11.9783,11.4582,11.4021,11.1369,10.8108,10.7664,10.0824,9.96226,9.41584,9.22766,9.17105,8.58791,8.23365,7.92073,7.56004,7.29958,7.16992,6.51646,6.1378,5.87721,5.42153,5.15222,4.63455,4.58047,4.53447,4.06145,3.90257,3.56606,3.41271,3.27735,2.92729,2.60758,2.44351,2.34014,1.99265,1.80994,1.67347,1.3522,1.24743,0.720073,0.683788,0.192539,0.114027,0.0453568,-0.549248,-0.572652,-0.618446,-1.25223,-1.50778,-1.88719,-2.22099,-2.60481,-2.95155,-3.52023,-3.58077,-3.63057,-4.18635,-4.67451,-4.90643,-5.18587,-5.63167,-6.07015,-6.37583,-6.53317,-6.82407,-7.5504,-7.64267,-8.1403,-8.39525,-8.94926,-9.29829,-9.56011,-9.73124,-9.91571
20.9097,20.8006,20.6446,20.5866,20.4132,20.359,20.3473,20.3188,20.1674,19.9917,19.9916,19.9913,19.7415,19.6051,19.5115,19.2196,19.1941,19.1231,18.8896,18.7448,18.4602,18.38,18.0435,17.9922,17.9826,17.8498,17.478,17.4535,17.4231,16.6647,16.5463,16.0541,15.8502,15.441,15.2518,15.0842,14.6682,14.3732,14.1368,13.7455,13.5411,13.1013,12.9064,12.421,12.2196,11.4821,11.4178,11.2947,10.7073,10.4298,10.0602,9.53907,9.29426,8.97751,8.64393,8.31793,8.02185,7.20473,7.13763,6.941,6.60216,6.48066,5.91748,5.69378,5.3405,5.16497,4.95847,4.59151,4.05508,3.8247,3.5837,3.25654,3.07896,2.55256,2.33592,1.65897,1.63031,1.56287,1.04391,0.886493,0.557269,0.257124,0.079426,-0.260028,-0.370801,-0.619589,-0.892437,-1.20974,-1.63873,-1.89127,-2.07292,-2.61799,-2.65912,-2.68598,-3.17768,-3.73668,-3.81251,-3.8773,-4.46704,-5.00239,-5.13954,-5.32432,-5.82729,-6.2529,-6.46909,-6.70613,-7.12384,-7.80709,-8.00364,-8.08479,-8.79693,-9.09896,-9.59703,-9.92035,-9.97017,-10.1485,-10.3265,-10.3614
20.5073,20.3751,20.3076,20.2277,20.1355,19.9303,19.9038,19.7914,19.7088,19.6848,19.5164,19.3225,19.2991,19.2742,18.9952,18.7971,18.7751,18.7587,18.5711,18.4519,18.4354,18.3847,18.0122,17.889,17.6236,17.5083,17.194,17.0189,16.9443,16.3943,16.2485,15.8541,15.7748,15.7375,15.2311,15.0533,14.7057,14.2421,14.0476,13.9264,13.3979,13.1153,12.764,12.3063,12.2243,12.0017,11.5761,11.2959,10.8784,10.2268,10.1682,10.1347,9.43123,9.19669,8.76063,8.31739,8.17932,7.69932,7.45804,6.93152,6.67323,6.01582,5.99241,5.98012,5.39217,4.99384,4.83194,4.35188,4.30815,3.7648,3.74571,3.74493,3.73755,3.20026,3.11601,2.68174,2.50803,2.09403,1.78988,1.4299,0.987983,0.761841,0.356128,0.250226,-0.343569,-0.466588,-0.507369,-0.910357,-1.31345,-1.43658,-2.05105,-2.05806,-2.23999,-2.72936,-2.74516,-2.76317,-3.40366,-3.64425,-4.05108,-4.1925,-4.45574,-4.94423,-5.3756,-5.50586,-5.60086,-5.93612,-6.33114,-6.5478,-6.78732,-7.19669,-7.53759,-7.99792,-8.05257,-8.07809,-8.61951,-8.83882,-9.48958,-9.68821,-10.1863,-10.2572,-10.4893,-10.7709
20.0679,19.9479,19.8609,19.8034,19.613,19.4968,19.4646,19.1902,19.1593,18.9025,18.839,18.6176,18.5996,18.5868,18.3152,18.0545,17.9353,17.827,17.5581,17.3513,17.1929,17.1037,16.7519,16.6316,16.4076,16.0115,15.6859,15.3778,15.1828,14.8158,14.5739,14.2138,13.712,13.676,13.6575,13.1872,12.8968,12.7172,12.5501,12.1323,11.5612,11.5208,11.499,11.3351,10.8678,10.8041,10.3633,10.3623,9.6443,9.42206,8.83135,8.79436,8.69047,8.13063,7.9361,7.47275,7.15297,6.75924,6.37521,6.04238,5.36766,5.34674,5.33611,4.74431,4.51854,4.23805,4.0286,3.74731,3.63331,3.58258,3.39498,3.09826,2.96747,2.39516,2.34023,2.04706,1.77099,1.722,1.12626,0.930918,0.415827,0.186134,-0.319054,-0.505325,-0.970702,-1.14723,-1.26049,-1.92367,-2.07725,-2.49051,-2.78479,-2.98255,-3.55583,-3.69148,-4.14667,-4.47416,-4.98774,-5.09507,-5.21961,-5.7112,-6.00182,-6.26606,-6.36737,-6.77739,-7.01235,-7.35701,-7.69135,-7.79811,-8.06579,-8.27233,-8.40154,-8.75188,-9.03206,-9.34034,-9.71914,-9.85126,-10.3901,-10.5635,-10.5997,-10.6753,-11.1572
19.5948,19.4494,19.3325,18.9738,18.9665,18.9133,18.671,18.6364,18.3743,18.2239,18.0858,17.8067,17.738,17.7028,17.5876,17.3628,17.1844,16.9515,16.6407,16.5509,16.3188,16.0994,15.9797,15.6158,15.3178,15.0664,14.6795,14.4476,14.1406,13.6967,13.6551,13.1655,13.0361,12.6302,12.166,12.1287,12.0828,11.588,11.1898,10.8696,10.602,10.3623,10.0224,9.81635,9.42142,9.19053,8.77931,8.43974,8.12677,7.61225,7.48633,6.97766,6.81779,6.7866,6.12281,5.97973,5.36827,5.12472,4.58873,4.44719,3.86403,3.64278,3.20081,3.17865,2.78164,2.43009,2.19365,1.79698,1.58062,1.09454,0.964973,0.903268,0.377491,0.238071,0.194612,-0.28644,-0.54965,-0.834402,-1.28551,-1.52119,-2.10874,-2.41025,-2.86511,-3.1585,-3.71303,-3.84888,-4.51728,-4.56707,-5.23227,-5.29027,-5.95827,-6.10004,-6.72209,-6.76175,-6.96812,-7.36515,-7.41235,-7.9762,-8.07579,-8.2405,-8.65031,-8.94051,-9.20266,-9.54376,-9.94084,-9.97105,-10.1177,-10.9078,-11.0793,-11.4752,-11.5302
19.1012,18.9849,18.7993,18.5125,18.4321,18.2239,18.1221,18.0989,17.8084,17.6373,17.4588,17.1225,17.0992,17.0818,16.7206,16.4283,16.35,16.2151,15.9844,15.8336,15.5387,15.164,15.069,14.9195,14.682,14.2265,14.218,14.2081,13.48,13.1273,12.7651,12.3696,12.2055,11.9634,11.6026,11.3425,11.1449,10.8028,10.588,10.5067,9.90769,9.88755,9.63037,9.33317,9.30652,8.68289,8.59451,8.43255,8.06318,7.56455,7.5172,7.37551,6.93553,6.69568,6.26809,6.0145,5.62586,5.41013,4.89856,4.84335,4.65234,4.24188,4.12993,3.53842,3.50845,2.84489,2.82699,2.80462,2.14342,1.75728,1.52146,1.08771,0.903094,0.830147,0.303036,0.234881,-0.294628,-0.341568,-0.722378,-1.13053,-1.27168,-1.65249,-1.8885,-1.97464,-2.501,-2.84719,-2.89315,-3.18959,-3.45109,-3.50024,-4.11308,-4.27707,-4.74187,-4.98945,-5.41105,-5.75114,-6.14547,-6.46548,-6.73171,-7.15743,-7.3687,-7.79505,-7.96633,-8.18086,-8.45922,-8.75361,-9.12521,-9.53384,-9.75316,-9.83182,-10.4665,-10.6617,-11.2844,-11.5697,-11.893
18.5891,18.5674,18.2461,18.0218,17.8805,17.5464,17.5459,17.5457,17.2758,17.2036,17.054,16.8543,16.5162,16.4446,16.4182,16.3294,16.0049,15.8878,15.6846,15.5108,15.2781,15.1124,14.8089,14.5841,14.4278,14.2569,13.9524,13.6302,13.4672,13.3245,12.9566,12.6322,12.5194,11.9827,11.9286,11.7941,11.409,11.2551,10.8716,10.5732,10.2269,9.91016,9.59288,9.32895,8.96473,8.80651,8.24384,8.20427,8.00179,7.55514,7.46688,6.95165,6.71516,6.44009,5.97507,5.9373,5.89944,5.4052,5.03712,4.85515,4.67602,4.21062,3.80728,3.52136,3.24542,2.98222,2.67279,2.04078,2.00221,1.98631,1.39477,1.27709,0.916469,0.627807,0.282724,0.0590152,-0.443355,-0.569224,-1.13889,-1.17121,-1.17766,-1.77218,-1.85915,-2.28526,-2.51729,-2.84318,-3.21047,-3.48938,-3.76996,-4.16066,-4.3765,-4.84185,-4.97612,-5.48046,-5.53181,-5.85959,-6.17334,-6.24559,-6.83626,-7.01897,-7.40975,-7.65724,-8.14278,-8.30441,-8.45079,-8.95114,-9.24136,-9.57595,-9.85489,-10.3887,-10.6005,-11.1379,-11.4143,-11.816,-11.9051,-12.0712,-12.2553
18.0613,17.9179,17.72,17.4652,17.2325,17.1447,16.8991,16.7983,16.7406,16.4698,16.2497,16.1977,16.146,15.8436,15.6564,15.435,15.1927,14.8096,14.7769,14.7628,14.6846,14.2646,14.1208,13.7919,13.2525,13.0922,12.9319,12.7518,12.3689,12.2748,12.1735,11.6794,11.3703,11.1262,10.6624,10.5572,10.0148,10.011,10.0102,9.44121,9.39492,8.83817,8.69136,8.23982,7.89894,7.57506,7.08694,6.86251,6.23152,6.10767,5.92498,5.50798,5.08097,4.9988,4.91017,4.50047,4.10558,3.95638,3.83837,3.42888,3.03448,2.86215,2.73653,2.19198,1.99108,1.53527,1.24536,1.02073,0.661496,0.420358,-0.231725,-0.300688,-0.325327,-0.980843,-1.37559,-1.57086,-1.78239,-2.14213,-2.34201,-2.81843,-2.94056,-3.47807,-3.55528,-3.8882,-4.10868,-4.15469,-4.644,-4.82447,-5.18062,-5.54394,-5.59139,-5.64987,-6.12717,-6.54079,-6.75452,-7.3467,-7.3539,-7.36503,-8.10181,-8.39132,-8.81974,-9.13734,-9.49774,-9.87809,-10.288,-10.6362,-11.1335,-11.3986,-11.9475,-12.1049,-12.2687,-12.625
17.5252,17.2097,17.1604,17.1052,16.6855,16.3173,16.2674,16.1956,15.8895,15.5476,15.5069,15.4744,15.0581,14.8732,14.5131,14.3254,14.1016,13.9022,13.6657,13.4742,12.7742,12.6805,12.5355,12.0902,11.5293,11.5163,11.5099,10.9627,10.8072,10.3982,10.112,9.81427,9.46088,9.2256,8.94292,8.70142,8.35856,8.28607,7.77385,7.58262,7.5357,6.83009,6.66792,6.3187,6.01212,5.7597,5.4217,5.03695,4.93273,4.7447,4.43816,4.27921,3.8019,3.68704,3.37293,3.13149,3.03172,2.5654,2.38171,1.95875,1.71185,1.34978,1.12228,0.725503,0.477881,0.239382,-0.045659,-0.358294,-0.660109,-0.86607,-1.33147,-1.48413,-1.71485,-1.96286,-2.29413,-2.36477,-2.69954,-3.12037,-3.20713,-3.30471,-3.71377,-4.04495,-4.05399,-4.06859,-4.50602,-4.68742,-5.00716,-5.39884,-5.5049,-5.64704,-6.05588,-6.50549,-6.65592,-6.82005,-7.30637,-7.81458,-7.92442,-8.0711,-8.46343,-8.75172,-9.12544,-9.41234,-9.72422,-9.96124,-10.142,-10.6652,-11.0581,-11.4349,-11.8975,-12.0452,-12.5044,-12.9032,-13.0115
16.9913,16.789,16.6615,16.4634,16.1997,15.9817,15.7531,15.4832,15.3149,15.0569,14.8156,14.6964,14.1596,14.0572,13.9035,13.6454,13.5386,13.1611,13.1274,12.6869,12.3717,12.0986,11.8242,11.4211,10.9327,10.8338,10.4671,10.282,10.2445,9.70454,9.5761,9.11565,8.98295,8.42406,8.38492,8.31996,7.92519,7.71496,7.35692,7.02724,6.68715,6.32182,6.19335,5.78551,5.64912,5.30203,5.19181,4.78468,4.64713,4.30375,3.97489,3.73617,3.20214,3.08878,2.66019,2.46113,2.41044,1.75456,1.72996,1.70352,1.0107,0.862115,0.498681,0.247229,-0.0395949,-0.428338,-0.566089,-1.18106,-1.19129,-1.2228,-1.70935,-1.91208,-2.38214,-2.75656,-2.90557,-3.18488,-3.46011,-3.81101,-4.05278,-4.17102,-4.5536,-4.95374,-5.02941,-5.14849,-5.51072,-5.72817,-6.00102,-6.48958,-6.50156,-6.65611,-7.07006,-7.08956,-7.12204,-7.75346,-8.09672,-8.21269,-8.30333,-8.79173,-9.00102,-9.4115,-9.83896,-9.87989,-9.91367,-10.3119,-10.6549,-10.9323,-11.4711,-11.8955,-12.2247,-12.5917,-12.9398,-13.3364,-13.4212
16.4675,16.3609,16.0367,15.8151,15.5544,15.2579,14.8006,14.7125,14.6374,14.2643,13.9687,13.8085,13.2421,13.1582,12.9694,12.6116,12.36,11.9432,11.836,11.3681,11.0725,10.6552,10.2931,10.0115,9.68773,9.31885,9.10398,8.97444,8.65486,8.30441,8.05065,7.91542,7.65782,7.55589,7.49792,7.18283,6.92074,6.60915,6.26562,6.19483,6.06575,5.79537,5.51294,5.27941,5.21613,5.13409,4.7462,4.44225,4.37125,3.93422,3.53019,3.34631,2.99384,2.8003,2.75688,2.24592,2.23474,1.75863,1.45166,1.32498,0.922598,0.86476,0.852705,0.267961,0.222456,-0.325279,-0.761714,-0.875487,-1.30454,-1.47745,-1.51877,-2.03001,-2.42534,-2.53502,-2.79537,-2.99109,-3.06243,-3.49501,-3.73002,-3.97483,-4.3176,-4.41719,-4.80575,-5.04557,-5.3304,-5.5267,-5.70275,-5.97564,-6.27206,-6.44673,-6.88816,-6.89382,-6.91322,-7.3734,-7.54542,-7.85793,-8.07966,-8.51293,-8.68046,-8.84286,-9.25174,-9.76043,-9.96286,-10.0916,-10.6371,-10.8669,-11.3714,-11.5476,-11.6962,-12.3602,-12.6437,-13.2801,-13.3527,-13.5101,-13.8614
15.955,15.6793,15.3697,14.9369,14.767,14.6688,14.3809,14.0574,13.9351,13.6093,13.4913,13.0994,12.942,12.4188,12.2958,11.8531,11.6922,11.3884,11.108,10.9148,10.5301,10.3383,9.86634,9.66374,9.21204,8.99385,8.48178,8.28563,7.80082,7.58909,7.07785,6.96766,6.79964,6.29231,5.96293,5.64586,5.24089,5.01721,4.64307,4.45121,4.35916,3.92608,3.62717,3.19476,2.96135,2.64575,2.44224,2.18468,1.7065,1.59507,1.04962,0.844955,0.427905,0.0725529,-0.22096,-0.698303,-0.806151,-0.920539,-1.42271,-1.88493,-2.02963,-2.26298,-2.56297,-2.62821,-3.01764,-3.24755,-3.48702,-3.85986,-3.97999,-4.41854,-4.46739,-4.47933,-4.56431,-4.98826,-5.06203,-5.34218,-5.58684,-5.63617,-6.29086,-6.39748,-6.66489,-6.99818,-7.10784,-7.34293,-7.57681,-7.95717,-8.0639,-8.17299,-8.46014,-8.93358,-8.99711,-9.04308,-9.55944,-9.85648,-10.153,-10.3615,-10.6884,-10.9236,-11.2831,-11.5469,-11.774,-11.9038,-12.3576,-12.4566,-12.5989,-13.209,-13.2993,-13.7661,-14.2674,-14.3299
15.4582,15.2899,14.9973,14.7454,14.3933,14.2719,14.1901,13.8223,13.6469,13.4351,13.2942,12.8945,12.7581,12.123,12.0381,11.881,11.4973,11.226,11.025,10.5107,10.462,10.4273,9.7859,9.68334,9.12354,9.02092,8.44023,8.36352,7.7215,7.71755,7.69513,7.07348,6.98688,6.5585,6.44622,6.05012,5.66958,5.44079,5.05166,4.73258,4.15251,4.02083,3.83457,3.35115,3.1458,2.63484,2.63031,2.0404,1.97545,1.87482,1.41794,1.04499,0.879185,0.544845,0.258596,0.141663,-0.35351,-0.409548,-0.440779,-0.875529,-1.20582,-1.42769,-1.67155,-2.03552,-2.42517,-2.54695,-2.64358,-3.01002,-3.33203,-3.47104,-3.9378,-3.9684,-3.97749,-4.45395,-4.5818,-4.93196,-5.21066,-5.5663,-5.7211,-6.04702,-6.17578,-6.33227,-6.69374,-6.96811,-7.11517,-7.38828,-7.59782,-7.71487,-8.07244,-8.44999,-8.53131,-8.57418,-8.9411,-9.32289,-9.37409,-9.43053,-9.82215,-10.1247,-10.1629,-10.5503,-10.6371,-10.9745,-11.2949,-11.482,-11.6728,-12.0036,-12.2518,-12.3801,-12.77,-12.8631,-13.382,-13.9407,-14.1319,-14.6627,-14.8289
14.9867,14.8057,14.5586,14.3825,13.9722,13.9052,13.7795,13.492,13.3371,13.0432,12.7258,12.5572,12.2884,11.9961,11.8998,11.8473,11.2863,11.2692,10.8581,10.5541,10.3965,10.3359,9.75901,9.6643,9.08653,9.02187,8.40362,8.36166,8.02639,7.72583,7.68659,7.08049,6.94262,6.48071,6.20157,5.86533,5.41641,5.29908,4.70877,4.5667,4.54555,4.4874,3.7349,3.441,2.99147,2.83213,2.56642,2.2867,2.13377,1.52331,1.44816,1.33937,0.930588,0.580814,0.349852,0.0327138,-0.274162,-0.581133,-0.888072,-1.31133,-1.37503,-1.80301,-2.20937,-2.28416,-2.70671,-2.9227,-3.24921,-3.39862,-3.79927,-3.92311,-3.96703,-4.3788,-4.59119,-4.89354,-5.22648,-5.38223,-5.91463,-5.93678,-5.98473,-6.48719,-6.62717,-7.08652,-7.1059,-7.32489,-7.52683,-7.54218,-7.58857,-8.03471,-8.33063,-8.55873,-8.89626,-9.04409,-9.07929,-9.14362,-9.46138,-9.95798,-10.0024,-10.028,-10.1075,-10.5702,-11.0087,-11.0978,-11.7134,-11.7318,-11.7614,-12.3684,-12.7371,-12.9572,-13.6892,-13.7351,-14.0214,-14.4984,-14.5663,-14.685,-15.2219,-15.3454
14.5379,14.4973,14.0545,13.5904,13.4989,13.4066,13.0215,12.7684,12.4836,12.29,11.944,11.9219,11.8168,11.5175,11.4395,11.0195,10.8784,10.4509,9.89228,9.73667,9.64021,9.07699,9.05028,8.39305,8.3574,8.04911,7.72251,7.683,7.08369,6.94652,6.44286,6.15753,5.75386,5.34107,5.27991,4.75242,4.6504,4.20863,4.10773,4.07599,3.50449,3.11994,2.87454,2.40956,2.11348,1.77016,1.38814,1.16472,0.689789,0.399707,0.0247088,-0.136618,-0.339718,-0.742806,-1.12348,-1.46667,-1.95964,-2.17091,-2.4061,-2.71467,-2.8456,-3.17698,-3.4914,-3.59826,-3.85625,-4.30385,-4.47115,-4.70502,-4.97911,-5.1296,-5.78453,-5.8063,-6.34924,-6.39802,-6.55043,-6.91976,-7.01472,-7.44008,-7.54396,-7.91631,-8.05753,-8.36031,-8.60337,-8.82815,-9.19268,-9.33157,-9.63834,-9.78148,-9.98641,-10.457,-10.5258,-10.6044,-11.0503,-11.4351,-11.5912,-11.8513,-12.1805,-12.3791,-12.7586,-13.2977,-13.442,-13.8039,-14.1512,-14.2669,-14.8857,-15.2673,-15.4611,-15.7821,-15.8743
14.112,14.02,13.6176,13.1488,13.026,12.8869,12.4931,12.2672,11.9479,11.5388,11.5241,11.5053,11.1199,10.8842,10.6358,10.1836,9.99563,9.71658,9.3574,9.07486,8.93286,8.60082,8.41745,8.35499,7.99026,7.74663,7.71808,7.07381,7.0055,6.43723,6.25073,5.73129,5.43462,4.96035,4.78962,4.29195,4.23109,4.09791,3.74506,3.55027,3.16416,2.77387,2.73052,2.10621,2.02056,1.38854,1.29502,0.581349,0.321674,-0.170119,-0.443284,-0.694821,-1.01677,-1.27975,-1.76474,-1.95477,-2.66697,-2.68788,-2.70128,-3.11909,-3.35477,-3.56268,-4.03724,-4.04644,-4.06591,-4.64084,-4.91215,-5.1348,-5.60439,-5.63093,-6.01369,-6.17096,-6.17904,-6.59863,-6.6268,-6.9741,-6.99376,-7.00618,-7.34659,-7.42795,-7.84027,-7.96319,-8.30681,-8.48198,-8.71347,-8.88097,-9.13868,-9.38286,-9.55928,-9.90695,-10.0388,-10.2476,-10.4922,-10.9454,-10.954,-10.9663,-11.4633,-11.9712,-12.0306,-12.1183,-12.5867,-12.8973,-13.1681,-13.7471,-13.8772,-13.9333,-14.5539,-15.0133,-15.2665,-15.4863,-15.8883,-16.362,-16.4099
13.7031,13.4773,13.1674,12.9808,12.6351,12.2176,12.1755,12.1395,11.5712,11.1764,11.0065,10.8953,10.4684,10.3409,10.0593,9.69224,9.52165,9.39288,8.89738,8.63051,8.42814,7.72283,7.61692,7.57588,7.07834,7.06403,6.97105,6.42631,6.34075,5.81415,5.6026,5.07076,4.73256,4.38593,3.93902,3.89566,3.83934,3.32756,3.0528,2.74533,2.31282,2.10971,1.59958,1.45009,0.766047,0.685982,0.255809,-0.139904,-0.452466,-0.828272,-1.12125,-1.39818,-1.7819,-1.93196,-2.3002,-2.81021,-2.90932,-3.02404,-3.42267,-3.65631,-3.93147,-4.42752,-4.49728,-4.56454,-5.03282,-5.32668,-5.54033,-6.01406,-6.05829,-6.14019,-6.47494,-6.88136,-6.9135,-6.95258,-7.22783,-7.34762,-7.64731,-7.68966,-7.71839,-8.22274,-8.24382,-8.27211,-8.71422,-8.904,-9.19017,-9.43805,-9.62336,-9.83579,-10.1673,-10.3498,-10.6506,-10.8882,-11.1648,-11.1668,-11.1709,-11.6999,-11.857,-12.2689,-12.3655,-12.4355,-12.9227,-13.5984,-13.6139,-13.6227,-13.6709,-14.3687,-14.5561,-15.0017,-15.5954,-15.6304,-15.6879,-16.126,-16.4163,-16.6893,-16.9422
13.3015,13.1867,12.8082,12.5556,12.2553,11.8083,11.7264,11.5773,11.1897,11.0211,10.6387,10.0017,9.96861,9.93893,9.55678,9.13592,8.98624,8.77351,8.43136,7.95606,7.8242,7.71145,7.12937,7.05435,6.43817,6.41555,6.34893,5.86406,5.70425,5.20529,5.02275,4.69078,4.18605,3.74999,3.61007,3.4442,2.96999,2.60736,2.25862,1.91058,1.5832,1.14893,0.813219,0.212542,0.0127154,-0.475579,-1.02455,-1.18012,-1.56944,-1.76514,-2.18255,-2.40291,-2.96414,-3.10598,-3.35053,-3.70186,-3.83558,-4.19598,-4.49728,-4.66326,-4.94084,-5.31591,-5.61058,-5.87587,-6.32434,-6.39127,-6.6042,-6.96373,-7.06052,-7.44466,-7.50894,-7.72641,-7.97681,-8.07128,-8.34195,-8.48322,-8.5174,-8.59849,-8.78988,-8.98098,-9.09628,-9.17083,-9.58489,-9.72203,-9.91631,-10.1611,-10.4746,-10.5629,-10.876,-10.967,-11.2502,-11.5114,-11.588,-11.6607,-12.0076,-12.1071,-12.4409,-12.6427,-12.9815,-13.2509,-13.6115,-13.8944,-14.1649,-14.3927,-14.6842,-14.8113,-15.0972,-15.434,-15.5067,-15.5811,-16.051,-16.238,-16.8102,-16.9873,-17.2003,-17.4641
12.9042,12.831,12.4707,12.2214,11.8728,11.4815,11.3484,11.0018,10.823,10.7505,10.3158,9.86787,9.73846,9.47615,9.09804,8.86914,8.58304,8.34008,8.11794,7.76383,7.61817,7.17487,7.03,6.46313,6.29673,6.06525,5.73449,5.31675,5.11407,4.54157,4.44422,4.19155,3.80439,3.66352,3.18558,2.87658,2.57713,2.23411,1.94427,1.60461,1.40576,0.991274,0.704989,0.447498,0.20622,-0.447452,-0.553767,-1.06614,-1.41382,-1.48009,-2.29978,-2.4195,-2.73424,-2.92268,-2.97443,-3.09755,-3.47835,-3.84962,-4.0207,-4.12228,-4.47793,-4.81722,-4.96891,-5.20722,-5.58334,-5.80814,-6.1839,-6.57518,-6.7076,-7.12993,-7.26639,-7.3168,-7.80749,-8.0267,-8.24635,-8.3344,-8.72525,-8.75397,-8.96441,-9.10102,-9.11546,-9.44961,-9.5081,-9.80823,-9.92561,-10.2031,-10.3378,-10.5395,-10.8262,-10.8591,-11.1091,-11.2191,-11.4394,-11.6443,-12.0339,-12.269,-12.3536,-12.5128,-12.9991,-13.6234,-13.6423,-13.6765,-14.3042,-14.5765,-14.8693,-15.2468,-15.407,-15.7211,-16.0731,-16.2337,-16.7968,-16.8243,-17.4016,-17.6073,-17.969
12.5039,12.4513,12.0811,11.8951,11.4865,11.1944,10.9708,10.4589,10.4515,10.4396,10.006,9.61199,9.47142,9.17681,8.86851,8.71646,8.33885,7.96386,7.94217,7.92046,7.22777,7.17685,6.58157,6.34916,5.88319,5.46862,5.16963,4.68037,4.51815,4.12884,3.94378,3.8703,3.32,3.05869,2.59625,2.33147,1.79561,1.69429,1.62276,1.16753,0.860433,0.448774,0.380843,-0.262874,-0.381083,-0.403726,-0.797938,-1.11472,-1.13608,-1.73371,-2.17748,-2.25663,-2.38771,-2.8197,-2.92646,-3.4931,-3.68281,-4.27451,-4.29542,-4.33178,-4.82386,-5.15494,-5.36522,-5.78359,-5.94316,-6.02324,-6.47942,-6.77854,-7.00625,-7.54688,-7.56852,-7.61933,-8.12061,-8.35033,-8.67043,-9.01825,-9.01863,-9.41841,-9.44027,-9.64616,-9.79168,-9.8228,-10.1918,-10.459,-10.6758,-10.9114,-11.2918,-11.3827,-11.4445,-11.8046,-12.0868,-12.1689,-12.6186,-12.8893,-13.165,-13.4258,-13.7503,-14.0399,-14.2505,-14.6993,-15.0673,-15.2669,-15.6503,-15.8169,-15.9364,-16.4669,-17.1327,-17.1761,-17.2013,-17.9506,-17.9653,-17.9971,-18.4533
12.0969,12.051,11.7166,11.5396,11.1149,10.8667,10.578,10.1098,10.025,9.95754,9.42075,9.33716,8.68978,8.65988,8.6216,8.06796,7.70633,7.69322,7.2371,7.20399,7.00909,6.58447,6.49454,6.03604,5.6413,5.41442,5.23698,4.7969,4.4654,4.08747,3.75202,3.50713,3.27835,2.72301,2.40044,1.82802,1.69395,1.23044,0.901345,0.833359,0.65347,0.105377,-0.158611,-0.409231,-0.935365,-1.02409,-1.26486,-1.6085,-1.73673,-2.15723,-2.43554,-2.65952,-2.90536,-3.23883,-3.47877,-3.89517,-4.34352,-4.56212,-4.84006,-5.12498,-5.31123,-5.67654,-6.17302,-6.22481,-6.33193,-6.76669,-6.9546,-7.29984,-7.73008,-7.86389,-8.16695,-8.42353,-8.54692,-9.00684,-9.41038,-9.51547,-9.58152,-10.1049,-10.1284,-10.2223,-10.6377,-10.7888,-11.2191,-11.474,-11.7436,-12.2231,-12.3229,-12.5166,-12.8757,-13.0561,-13.3379,-13.8177,-13.8415,-13.8653,-14.4335,-14.9209,-15.0666,-15.2303,-15.6279,-16.0339,-16.1026,-16.1581,-16.7024,-17.3718,-17.4605,-17.5225,-17.9331,-18.3497,-18.4723,-18.6036,-18.9133
11.6784,11.5882,11.2998,10.8985,10.7237,10.5693,10.1501,9.83576,9.66651,9.26108,9.1405,8.60203,8.56498,8.45228,7.80303,7.63253,7.13902,7.04876,6.55153,6.4557,6.0213,5.93006,5.60121,5.19377,5.08374,4.96022,4.55336,4.23173,3.7606,3.40276,2.92365,2.54961,2.02656,1.7631,1.08766,0.960472,0.696031,0.372107,0.239077,-0.022902,-0.332815,-0.707984,-0.892703,-1.26398,-1.52852,-1.6411,-2.28059,-2.30329,-2.59216,-2.94623,-2.96775,-3.01028,-3.58934,-4.06133,-4.18507,-4.33135,-4.82475,-5.35868,-5.38914,-5.40959,-5.94804,-6.29842,-6.50315,-6.91772,-7.04491,-7.09875,-7.57605,-7.84437,-8.12994,-8.718,-8.72157,-8.72951,-9.2886,-9.49643,-9.82884,-10.2192,-10.3901,-10.8872,-10.9308,-11.1136,-11.4813,-11.5895,-12.0394,-12.3329,-12.558,-13.1178,-13.135,-13.1429,-13.6736,-14.0516,-14.2445,-14.4976,-14.9191,-15.469,-15.4875,-15.5157,-15.997,-16.4137,-16.4633,-16.5134,-17.0009,-17.6705,-17.8522,-17.9365,-18.4101,-18.6894,-18.9031,-19.0798,-19.3445
11.2476,11.149,10.8826,10.6066,10.1779,10.1547,10.133,9.64993,9.36517,9.29939,8.94169,8.88411,8.55139,8.39655,8.02903,7.69451,7.62127,7.03744,6.87245,6.41209,6.2485,5.82086,5.56946,5.23132,4.89435,4.69577,4.34138,3.953,3.50295,3.13739,2.68759,2.29578,1.88133,1.38403,1.00504,0.553113,0.345937,-0.0787384,-0.223241,-0.376694,-0.749534,-1.2661,-1.28761,-1.30653,-1.90299,-2.41117,-2.41168,-2.9451,-2.94524,-3.4645,-3.54213,-3.90669,-4.34476,-4.44406,-4.55435,-5.08516,-5.48893,-5.6538,-5.90205,-6.21176,-6.38345,-6.74806,-7.14238,-7.24724,-7.66745,-7.818,-7.84365,-7.8841,-8.39374,-8.7098,-8.95914,-9.50537,-9.53186,-9.54318,-10.0937,-10.3,-10.647,-11.0117,-11.1961,-11.7172,-11.7468,-11.8414,-12.3064,-12.4677,-12.8065,-13.2099,-13.3657,-13.6605,-13.9471,-14.1224,-14.5592,-15.0009,-15.0983,-15.4926,-15.9537,-16.059,-16.1146,-16.4871,-16.7328,-16.7955,-17.3581,-17.7768,-17.9826,-18.5863,-18.615,-18.6923,-19.2325,-19.4925,-19.7412
10.7991,10.6356,10.252,10.1718,9.68428,9.65451,9.24768,8.98055,8.57057,8.4317,8.14288,7.77308,7.55711,7.33421,6.88784,6.70281,6.24782,6.04262,5.48895,5.42475,5.3052,4.74704,4.43206,4.0334,3.66398,3.29619,2.83669,2.5314,2.02075,1.69225,1.13736,0.827647,0.39635,0.0543743,-0.119494,-0.655224,-0.871429,-1.31454,-1.54342,-1.96919,-2.22513,-2.87403,-2.99187,-3.01896,-3.35629,-3.61686,-3.6496,-4.17668,-4.54372,-4.7622,-5.06221,-5.36223,-5.58959,-5.86041,-6.37606,-6.45759,-6.58173,-7.01158,-7.25189,-7.43865,-7.80931,-7.891,-8.29587,-8.33293,-8.67943,-8.87843,-9.21859,-9.57056,-9.77551,-10.2664,-10.3441,-10.3759,-10.9051,-11.1313,-11.4613,-11.8648,-12.0178,-12.4731,-12.5796,-12.6257,-13.0936,-13.4029,-13.4995,-13.8518,-14.0235,-14.2675,-14.3349,-14.8069,-15.1021,-15.1939,-15.4158,-15.8329,-16.022,-16.4615,-16.5206,-16.5793,-16.9963,-17.2745,-17.53,-17.8954,-18.1599,-18.8331,-18.8847,-18.9286,-19.5519,-19.934,-20.0986
10.3276,9.96332,9.80304,9.65976,9.29799,9.08137,8.82453,8.51044,8.02053,7.93856,7.61214,7.34424,7.00521,6.77023,6.52053,6.32585,6.04119,5.83318,5.57921,5.24424,4.9359,4.67796,4.16571,3.83278,3.43241,2.99614,2.68932,2.16772,1.92311,1.32583,1.12288,0.391506,0.34396,0.103547,-0.44333,-0.601603,-1.1935,-1.5432,-1.8937,-2.46242,-2.48792,-2.50565,-3.14913,-3.68322,-3.77679,-4.00296,-4.42049,-4.64567,-5.00735,-5.6547,-5.6872,-5.71243,-6.35696,-6.45258,-6.90495,-7.1348,-7.31603,-7.54796,-7.82103,-7.96313,-8.50305,-8.53552,-8.65105,-8.97965,-9.1019,-9.49421,-9.77144,-10.0454,-10.4422,-10.5965,-10.9796,-11.1651,-11.2419,-11.7295,-12.017,-12.2933,-12.7939,-12.8603,-12.9757,-13.4123,-13.5734,-13.7678,-14.0599,-14.2239,-14.3448,-14.631,-14.7809,-15.0618,-15.2991,-15.6335,-15.8635,-16.1266,-16.5974,-16.8437,-17.3219,-17.7203,-17.8774,-17.9994,-18.4121,-19.0313,-19.2234,-19.4016,-19.9335,-20.0714,-20.4104
9.8322,9.80448,9.48134,9.4267,9.27413,8.9866,8.86388,8.43203,8.2914,7.87949,7.59101,7.32703,7.09281,6.76048,6.51933,6.21317,6.10538,5.75897,5.68517,5.65326,5.20056,4.92901,4.73102,4.26654,4.01163,3.55817,3.16799,2.8802,2.32523,2.14159,1.42096,1.29915,0.988987,0.620273,0.486099,-0.1483,-0.249514,-0.918476,-1.22256,-1.8138,-2.16067,-2.31973,-2.76988,-2.78399,-3.25307,-3.56636,-3.80257,-4.17512,-4.66358,-4.71286,-4.73044,-5.18036,-5.49215,-5.73865,-6.32479,-6.46799,-7.04039,-7.10232,-7.32662,-7.61053,-7.69178,-8.14259,-8.49647,-8.70366,-9.17768,-9.20614,-9.21862,-9.77293,-9.97696,-10.3306,-10.6826,-10.8801,-11.3472,-11.4277,-11.623,-12.0006,-12.1578,-12.6041,-12.992,-13.2295,-13.5558,-13.7829,-14.0118,-14.1547,-14.2654,-14.5549,-14.7921,-15.0853,-15.3465,-15.6225,-15.869,-16.128,-16.5361,-16.7759,-17.1986,-17.5601,-18.0042,-18.1481,-18.3401,-18.7014,-19.0237,-19.2815,-19.6607,-19.9007,-20.1929,-20.4197,-20.6744
9.31061,9.20331,8.99168,8.72522,8.58451,8.2072,8.1514,8.09844,7.65529,7.51454,7.23526,6.94754,6.79436,6.3998,6.20656,5.7821,5.65974,5.49499,5.21751,4.90936,4.68329,4.21482,4.15225,4.02299,3.65783,3.38358,2.95938,2.49725,2.32165,1.65464,1.58834,0.936989,0.866948,0.858553,0.111718,-0.0254169,-0.645443,-0.887394,-1.43194,-1.89498,-2.22467,-2.43725,-2.72127,-3.2686,-3.3473,-3.45742,-3.9062,-4.31294,-4.36943,-4.53079,-4.85323,-5.30961,-5.34847,-5.82266,-6.22206,-6.54447,-7.05834,-7.21417,-7.68969,-7.83442,-7.87953,-8.39404,-8.60578,-8.94293,-9.40535,-9.48411,-9.6976,-10.0557,-10.191,-10.6199,-10.9319,-11.1769,-11.6334,-11.7283,-12.1347,-12.2762,-12.3119,-12.9079,-13.0177,-13.1728,-13.5312,-13.8307,-14.2312,-14.3459,-14.4277,-14.9668,-15.215,-15.551,-15.973,-16.0504,-16.1671,-16.5627,-16.8693,-17.1075,-17.4586,-17.5612,-17.6861,-18.013,-18.1591,-18.6405,-18.7659,-19.2456,-19.3103,-19.5463,-19.8137,-19.9147,-20.397,-20.6977,-20.8891
8.76143,8.51532,8.39902,8.09081,8.03304,7.75426,7.65991,7.64448,7.34865,7.21376,7.03654,6.92716,6.72987,6.55362,6.35241,6.24955,6.10472,5.95363,5.42095,5.37026,5.26524,4.99447,4.83197,4.50701,4.18599,4.00797,3.77139,3.57602,3.44793,2.97288,2.73813,2.43298,1.82604,1.75631,1.16651,1.02098,1.00479,0.327356,0.206199,-0.398178,-0.592023,-1.13642,-1.52363,-1.9323,-2.2645,-2.76979,-2.98509,-3.28065,-3.64555,-3.8453,-4.3306,-4.47872,-5.08201,-5.18092,-5.2109,-5.92384,-6.06072,-6.61462,-6.94953,-7.33513,-7.84065,-8.06237,-8.50066,-8.66662,-8.74449,-9.21073,-9.60734,-9.76733,-10.1642,-10.3434,-10.4179,-10.9137,-11.1933,-11.4779,-11.931,-12.0373,-12.4151,-12.594,-12.6481,-13.1499,-13.3301,-13.5861,-13.8336,-13.9487,-14.3546,-14.393,-14.5451,-14.7888,-14.8572,-15.2947,-15.5477,-15.825,-16.2481,-16.3079,-16.3501,-16.8241,-17.1784,-17.3548,-17.5415,-17.8134,-18.0769,-18.2944,-18.6499,-18.7574,-19.2535,-19.3292,-19.8544,-19.9606,-20.1327,-20.5492,-20.9232,-21.0527
8.17798,7.95759,7.84939,7.54099,7.46916,7.12395,7.00024,6.77071,6.33239,6.33039,6.32783,5.92034,5.62328,5.57033,5.51234,5.22437,4.92314,4.77249,4.44278,4.33067,4.27514,3.88856,3.60374,3.44636,3.12992,3.063,2.92709,2.65026,2.0039,1.97466,1.94839,1.40602,1.18086,1.16575,0.438734,0.361762,-0.228493,-0.413639,-0.925935,-1.21242,-1.67709,-2.16924,-2.39139,-3.00072,-3.09211,-3.16798,-3.80919,-4.20195,-4.56102,-5.08054,-5.29538,-5.93312,-5.9891,-6.3066,-6.65331,-6.76185,-7.36583,-7.53721,-7.86408,-8.40764,-8.74201,-8.92697,-9.28919,-9.47266,-9.64206,-10.0893,-10.5919,-10.637,-10.6634,-11.2129,-11.4709,-11.7835,-12.2429,-12.3501,-12.6771,-12.9172,-12.9877,-13.4801,-13.715,-14.0115,-14.4967,-14.5757,-14.6261,-14.8545,-15.1943,-15.301,-15.6649,-16.0143,-16.2231,-16.4135,-16.7371,-16.9508,-17.4685,-17.6489,-17.7997,-18.4077,-18.5186,-18.9548,-19.199,-19.4609,-19.7955,-20.0998,-20.2965,-20.7417,-20.7638,-20.7887,-21.162
7.55342,7.36309,7.31602,7.11268,6.93923,6.61229,6.41556,6.18859,5.81709,5.80603,5.7923,5.27163,4.88186,4.86966,4.84648,4.42356,4.26729,3.98548,3.73299,3.57076,3.34374,3.06632,2.89238,2.74743,2.17066,2.00109,1.59073,1.55394,1.10727,1.0455,0.47812,0.465803,0.464124,-0.174195,-0.272638,-0.864179,-1.04689,-1.52664,-1.91221,-2.23539,-2.68504,-2.86701,-3.12642,-3.39193,-3.68472,-3.89682,-4.03926,-4.63982,-4.98415,-5.41363,-5.88484,-6.07375,-6.45546,-6.60765,-6.66172,-6.79498,-7.41542,-7.74138,-7.88544,-8.06181,-8.63856,-8.99523,-9.19129,-9.61799,-9.74245,-9.90509,-10.3697,-10.9332,-10.9372,-10.9462,-11.5181,-11.7355,-12.0436,-12.4885,-12.6749,-13.2489,-13.2658,-13.2703,-13.8172,-14.0164,-14.3923,-14.7622,-14.969,-15.3154,-15.5308,-15.6531,-16.0126,-16.3835,-16.5194,-17.0332,-17.0396,-17.0581,-17.5211,-17.7214,-17.9803,-18.5158,-18.6136,-18.657,-19.3074,-19.3147,-19.9325,-20.1993,-20.5699,-20.7003,-20.9966,-21.2163
6.88555,6.82443,6.48096,6.30498,6.02684,5.78035,5.65209,5.45261,5.17242,5.13808,5.05457,4.76674,4.55347,4.30764,4.17992,4.11155,3.77177,3.60113,3.55818,3.10344,3.03375,2.49806,2.44783,2.38682,1.91274,1.64229,1.30097,0.990148,0.768367,0.51275,0.33886,-0.10579,-0.241993,-0.882539,-0.88841,-0.913561,-1.54064,-1.66689,-2.14825,-2.52853,-2.80536,-3.30386,-3.39552,-3.94452,-4.03638,-4.04866,-4.09597,-4.7296,-4.95141,-5.53667,-5.84595,-6.2473,-6.7597,-6.77446,-6.79776,-7.23095,-7.40365,-7.77142,-8.11667,-8.14602,-8.1889,-8.80842,-9.20574,-9.42074,-9.88601,-10.0388,-10.4667,-10.6577,-11.2329,-11.245,-11.2705,-11.8538,-12.0941,-12.3469,-12.7082,-12.735,-13.2695,-13.671,-13.7006,-13.7833,-14.1495,-14.2688,-14.744,-15.0244,-15.3279,-15.7315,-15.781,-16.1309,-16.1525,-16.4964,-16.644,-16.8996,-17.2683,-17.6436,-17.8924,-18.0715,-18.3881,-18.6737,-18.8184,-18.952,-19.4896,-19.7486,-20.0705,-20.4393,-20.6907,-21.034,-21.2136
6.17369,6.05228,5.95261,5.89232,5.57059,5.38978,5.11384,5.03957,4.94991,4.65791,4.39573,4.29366,4.14414,3.9382,3.80085,3.58122,3.26268,3.1167,2.77468,2.66655,2.13633,2.10802,2.01661,1.62119,1.50214,1.0531,0.7969,0.341364,0.18777,0.0131751,-0.413096,-0.79959,-1.14493,-1.41916,-1.6754,-2.11577,-2.15908,-2.19363,-2.6277,-3.02693,-3.25954,-3.46866,-3.87921,-4.013,-4.50771,-4.57678,-4.59872,-5.09512,-5.52193,-5.69793,-5.83886,-6.42296,-6.64271,-6.91516,-7.28107,-7.45866,-7.64403,-8.14054,-8.20282,-8.35521,-8.79827,-8.95152,-9.45435,-9.6223,-10.1209,-10.2746,-10.7675,-10.9526,-11.5794,-11.7087,-11.9273,-12.2908,-12.5489,-12.7501,-13.0105,-13.2653,-13.4435,-13.8661,-14.4047,-14.4257,-14.4379,-15.0938,-15.2612,-15.6687,-15.9606,-16.2897,-16.518,-16.9308,-17.1201,-17.2441,-17.7399,-18.2862,-18.4087,-18.6053,-18.994,-19.1772,-19.5051,-19.6785,-20.0926,-20.2757,-20.7407,-20.7541,-21.1489,-21.155
5.42017,5.28038,5.10348,4.64908,4.59661,4.4097,4.23077,4.19738,3.8741,3.64682,3.51297,3.17066,3.14962,3.13799,2.8125,2.58519,2.43954,2.14224,1.90289,1.6632,1.3032,1.21773,0.754545,0.702416,0.692673,0.058336,-0.013583,-0.628298,-0.8139,-1.38065,-1.80482,-2.05271,-2.36634,-2.72069,-2.97956,-3.24851,-3.55274,-3.85627,-4.40577,-4.50607,-4.89377,-5.14396,-5.64445,-5.6652,-5.69106,-6.04168,-6.39276,-6.6627,-7.03113,-7.2203,-7.33996,-7.77334,-8.1058,-8.38214,-8.69863,-8.98125,-9.19219,-9.67075,-9.8259,-10.3849,-10.4758,-11.0376,-11.1168,-11.6899,-11.8141,-12.3375,-12.6478,-12.8725,-13.4871,-13.5534,-13.649,-14.2041,-14.6415,-14.8145,-15.2919,-15.4301,-15.4812,-16.0245,-16.4479,-16.5976,-16.7502,-17.0805,-17.45,-17.6345,-17.8069,-18.2705,-18.7652,-18.8763,-19.0349,-19.3542,-19.8106,-19.9091,-20.0959,-20.3288,-20.3978,-20.638,-20.9074,-21.0338
4.62515,4.3533,4.29169,4.23133,3.83298,3.51414,3.4266,3.29161,3.0106,2.89694,2.61953,2.49008,2.26394,2.0047,1.84905,1.5596,1.45011,1.10346,1.03651,1.01553,0.605703,0.407748,0.137556,-0.208545,-0.337506,-0.784187,-0.994208,-1.40133,-1.65604,-2.12827,-2.29445,-2.71265,-2.93569,-3.03582,-3.5157,-4.01833,-4.09691,-4.23313,-4.73412,-5.00413,-5.40007,-5.93537,-6.04319,-6.08018,-6.6456,-6.67938,-7.12291,-7.59054,-7.68296,-7.74222,-8.2134,-8.5328,-8.75877,-9.21568,-9.33709,-9.88409,-9.97301,-10.5631,-10.676,-11.0026,-11.212,-11.3124,-11.7777,-11.882,-12.447,-12.4948,-12.7191,-13.0169,-13.1138,-13.5469,-13.8626,-14.0094,-14.1551,-14.6034,-15.0902,-15.2247,-15.6021,-15.7463,-15.7827,-16.3645,-16.5106,-16.9826,-16.9933,-17.0113,-17.5367,-17.8057,-18.1508,-18.3675,-18.7794,-19.193,-19.3414,-19.7828,-19.8291,-20.3139,-20.4145,-20.5188,-20.8446
3.77742,3.53046,3.42347,3.12574,2.93999,2.85833,2.52415,2.30213,2.23129,2.16139,1.8632,1.66473,1.45724,1.1203,0.973214,0.867198,0.510327,0.176622,0.1651,0.153898,-0.314864,-0.330748,-0.847475,-0.99377,-1.35299,-1.79678,-1.90831,-2.23493,-2.45062,-2.59413,-2.99737,-3.19585,-3.65072,-3.85312,-4.20641,-4.41426,-4.90104,-5.06055,-5.47853,-5.78897,-6.0939,-6.35647,-6.60014,-6.89631,-7.5119,-7.53564,-7.55819,-8.10442,-8.35551,-8.74082,-8.87251,-9.33669,-9.41211,-9.44099,-10.0203,-10.1217,-10.6568,-10.6952,-10.7026,-11.2192,-11.2524,-11.2974,-11.8426,-12.1718,-12.4431,-12.624,-12.9699,-13.2342,-13.7861,-13.846,-13.9095,-14.3583,-14.6308,-15.0066,-15.5847,-15.6427,-15.7215,-16.1382,-16.4985,-16.7651,-17.1033,-17.3941,-17.7145,-18.2502,-18.2518,-18.7185,-18.8316,-19.2689,-19.5903,-19.8438,-19.9319,-20.1529,-20.3949,-20.5753
2.86548,2.75253,2.47766,2.29266,2.08851,1.86884,1.6646,1.38394,1.25053,1.19369,0.767376,0.723654,0.65476,0.234426,-0.227316,-0.256174,-0.278486,-0.772865,-1.05286,-1.31654,-1.58827,-1.77114,-2.19157,-2.32189,-2.46531,-2.76876,-3.1585,-3.20701,-3.63467,-3.70724,-3.71433,-4.27134,-4.4463,-4.91462,-5.40451,-5.54392,-5.85119,-6.07714,-6.18072,-6.64758,-7.15692,-7.33272,-7.48807,-7.91253,-8.38919,-8.4437,-8.93084,-9.07088,-9.24098,-9.74802,-10.015,-10.3847,-10.7187,-10.9477,-11.4076,-11.4764,-11.5732,-12.1042,-12.4397,-12.7318,-12.9343,-13.1186,-13.6383,-13.65,-13.6651,-14.1892,-14.5015,-14.5656,-14.8875,-14.9419,-15.31,-15.6817,-15.9456,-16.3572,-16.5385,-16.7909,-17.106,-17.3507,-17.8063,-17.9167,-18.2839,-18.334,-18.3699,-18.7407,-18.9253,-19.2522,-19.5818,-19.784,-19.9852,-20.2017
1.88437,1.66714,1.49984,1.18688,1.05764,0.734704,0.683359,0.659388,0.346978,0.0442083,0.0178191,-0.0345358,-0.32444,-0.647869,-0.682258,-0.704971,-1.14049,-1.63282,-1.671,-1.69507,-2.30253,-2.45475,-2.73627,-2.99391,-3.52105,-3.53007,-3.56037,-4.14431,-4.31431,-4.66639,-5.11857,-5.12775,-5.14252,-5.77046,-6.29692,-6.36509,-6.39294,-6.46431,-7.06204,-7.55397,-7.67079,-7.73314,-8.07317,-8.30294,-8.38007,-8.83457,-9.23645,-9.30864,-9.9039,-9.90967,-10.5806,-10.6866,-11.1546,-11.4513,-11.6843,-12.0267,-12.1048,-12.1629,-12.5365,-12.9938,-13.0428,-13.1384,-13.4961,-14.0381,-14.0558,-14.0825,-14.6793,-15.1226,-15.1314,-15.1409,-15.624,-16.0819,-16.17,-16.782,-16.8572,-16.8638,-16.877,-17.393,-17.6562,-17.7534,-18.2502,-18.2558,-18.2603,-18.2674,-18.8009,-19.0622,-19.1105,-19.2304,-19.6793
0.796402,0.766355,0.447903,0.383983,0.374818,0.348979,-0.0419173,-0.142944,-0.5404,-0.572299,-0.625803,-0.98746,-1.38092,-1.44095,-1.62441,-1.95891,-2.04233,-2.51064,-2.6029,-3.18567,-3.22946,-3.23814,-3.80021,-4.03183,-4.37722,-4.72474,-4.92451,-5.36971,-5.43401,-5.66135,-5.96921,-6.03347,-6.28109,-6.76618,-6.88659,-7.42355,-7.45955,-7.49902,-7.96226,-8.17952,-8.48917,-8.82638,-9.10346,-9.53137,-9.8929,-10.1103,-10.5849,-10.7208,-11.0794,-11.294,-11.3789,-11.8336,-12.035,-12.2701,-12.3606,-12.6893,-12.7519,-13.0099,-13.1333,-13.5866,-13.622,-13.656,-14.0615,-14.2077,-14.2251,-14.7881,-14.8591,-15.2968,-15.3778,-15.7757,-15.9559,-16.3174,-16.4465,-16.4874,-16.6015,-16.9313,-17.4138,-17.4574,-17.492,-17.8381,-18.0269,-18.2803,-18.4228,-18.6761,-18.7295,-18.8449
-0.416297,-0.434726,-0.56238,-0.788021,-0.816791,-0.852469,-1.2016,-1.3849,-1.65318,-1.99628,-2.13917,-2.54318,-2.59647,-2.72008,-3.11625,-3.30395,-3.60748,-3.80734,-4.10473,-4.50623,-4.71619,-5.16725,-5.30456,-5.77412,-5.89669,-6.34477,-6.50853,-6.97785,-7.51995,-7.61883,-7.70625,-8.10455,-8.63366,-8.64261,-9.1979,-9.26166,-9.84746,-9.88553,-9.96552,-10.3244,-10.5262,-10.8451,-11.0188,-11.2893,-11.4675,-11.8007,-11.8058,-11.8162
-1.83628,-1.94,-2.27253,-2.30834,-2.31733,-2.61611,-2.76819,-3.09587,-3.42536,-3.56026,-3.91742,-3.96199,-4.01341,-4.42582,-4.5372,-5.08632,-5.1519,-5.6413,-5.80195,-6.29041,-6.50525,-6.89626,-6.96588,-7.36372,-7.85405,-8.01145,-8.089,-8.22574,-8.76553,-9.3274,-9.41613,-9.44459,-9.49598,-9.99609,-10.1765,-10.3626,-10.5594,-10.6014
-3.61432,-3.62985,-3.64117,-3.96529,-4.14937,-4.35915,-4.65599,-5.02179,-5.10757,-5.20509,-5.54058,-5.81062,-6.08101,-6.4217,-6.54547,-6.99725,-7.02913,-7.46253,-7.86158,-7.96171,-8.03014,-8.41316,-8.5865,-8.85779,-8.96949,-9.18588,-9.40377,-9.64701
