-5.68561,-5.83928,-5.90409,-6.13284,-6.30415,-6.47234,-6.6184,-6.73547,-7.00033,-7.0648,-7.11798,-7.58496,-7.60462,-7.62176,-7.83372,-8.10757,-8.1407,-8.54832,-8.58093,-8.77342,-8.94028,-8.95496,-9.13394,-9.28651,-9.31319,-9.5965,-9.92713,-9.96082,-10.1065,-10.2968,-10.3207,-10.3478,-10.596,-10.6301,-10.6703,-10.9477,-11.0212,-11.109,-11.2713,-11.3989,-11.5022,-11.6231,-11.7731,-11.8344,-12.0103,-12.0367,-12.1725
-3.877,-4.15719,-4.36603,-4.49357,-4.87963,-4.99887,-5.14431,-5.4762,-5.67541,-5.76642,-6.0796,-6.26831,-6.50417,-6.85262,-6.85318,-6.85511,-7.34548,-7.43925,-7.74351,-7.77076,-7.97256,-8.15923,-8.17773,-8.54005,-8.56465,-9.00747,-9.03518,-9.06752,-9.53563,-9.56688,-9.89145,-9.89541,-10.1728,-10.2749,-10.4968,-10.6753,-10.8143,-11.0094,-11.2933,-11.3218,-11.3519,-11.5896,-11.7671,-11.8362,-11.8718,-12.1668,-12.2073,-12.2569,-12.4856,-12.5676,-12.746,-12.8032,-12.88,-13.0334,-13.1783,-13.2734,-13.4124,-13.5891,-13.6157,-13.742
-2.28063,-2.67617,-2.84065,-3.16893,-3.30677,-3.39191,-3.60705,-3.95275,-4.15786,-4.42975,-4.97795,-5.14505,-5.27913,-5.5924,-5.82884,-6.04095,-6.4217,-6.47205,-6.87814,-6.95877,-7.34137,-7.38362,-7.60215,-7.73263,-7.75659,-8.08452,-8.16663,-8.42869,-8.77592,-8.7998,-8.83494,-9.18151,-9.41113,-9.43356,-9.45518,-9.70591,-9.84734,-10.0139,-10.3206,-10.3896,-10.7772,-10.7986,-10.8039,-11.0969,-11.1448,-11.3991,-11.4979,-11.7745,-11.8681,-12.1307,-12.1779,-12.2853,-12.4977,-12.6229,-12.7715,-12.9616,-13.1303,-13.2019,-13.4714,-13.5353,-13.5472,-13.5617,-13.9077,-13.9193,-13.934,-14.2333,-14.4078,-14.4514,-14.5073,-14.753,-14.8301,-14.9309,-15.0853,-15.2088,-15.3698,-15.4202,-15.571
-0.77517,-1.06291,-1.27792,-1.61311,-1.71233,-1.76787,-1.90105,-2.4405,-2.50198,-3.03857,-3.49451,-3.54314,-3.60378,-3.93556,-4.17311,-4.44231,-4.78521,-4.99661,-5.2965,-5.54561,-5.69632,-6.03439,-6.10949,-6.17164,-6.55536,-6.67656,-6.89419,-7.14216,-7.23935,-7.29944,-7.66249,-7.6862,-7.91388,-8.01304,-8.02602,-8.30528,-8.38328,-8.57195,-8.8316,-8.89664,-8.93265,-9.19837,-9.42691,-9.54575,-9.76192,-9.86621,-10.0184,-10.2615,-10.2828,-10.6582,-10.7236,-11.0176,-11.1574,-11.4471,-11.4911,-11.6876,-11.8468,-11.8845,-12.0437,-12.243,-12.2898,-12.6889,-12.7366,-13.2288,-13.2383,-13.2719,-13.6486,-13.7614,-14.0789,-14.1044,-14.1771,-14.4509,-14.5349,-14.7735,-14.9797,-15.1104,-15.3446,-15.42,-15.4407,-15.4652,-15.7467,-15.7739,-15.8073,-16.0484,-16.0855,-16.133,-16.299,-16.4115,-16.4911,-16.6001,-16.7226,-16.7604,-16.8724,-16.9315
0.70395,0.567694,0.431865,0.168895,0.045945,-0.424413,-0.497907,-0.645079,-1.02305,-1.22597,-1.69689,-1.7115,-1.72584,-2.1617,-2.44066,-2.66899,-2.9667,-3.11394,-3.22686,-3.51984,-3.80869,-3.92384,-4.06948,-4.52084,-4.74217,-5.0812,-5.17344,-5.39988,-5.51618,-5.56809,-5.82389,-5.99716,-6.16449,-6.42882,-6.51527,-6.91835,-6.94425,-6.98597,-7.29429,-7.52073,-7.62019,-7.6805,-7.91437,-7.96898,-8.0334,-8.23751,-8.29421,-8.58537,-8.72122,-9.03901,-9.13549,-9.43962,-9.49934,-9.51718,-9.65081,-9.87786,-9.9081,-9.99012,-10.2046,-10.3343,-10.6434,-10.8017,-11.0184,-11.0793,-11.4194,-11.469,-11.7182,-11.8978,-11.9364,-12.3836,-12.469,-12.4778,-12.9472,-13.0007,-13.0999,-13.3899,-13.6365,-13.744,-13.9723,-14.1161,-14.1605,-14.5442,-14.6103,-14.6691,-15.043,-15.056,-15.0639,-15.368,-15.4362,-15.6319,-15.7654,-15.8073,-16.0727,-16.0962,-16.3006,-16.435,-16.4932,-16.5147,-16.5396,-16.6886,-16.7387,-16.8323,-16.8602,-16.8961,-16.9518,-16.9856,-17.0035,-17.0669
2.17729,2.11869,2.01773,1.75624,1.69245,1.3674,1.06893,0.720324,0.497997,0.0559646,0.0476837,0.0350329,-0.462966,-0.618463,-1.08015,-1.24565,-1.3161,-1.76129,-2.16062,-2.22116,-2.29887,-2.67718,-2.91295,-3.20838,-3.38942,-3.67792,-3.89966,-4.14806,-4.4111,-4.48731,-4.80648,-4.93859,-4.95196,-5.02072,-5.3045,-5.37673,-5.66368,-5.7151,-5.72604,-6.03756,-6.12362,-6.4375,-6.45918,-6.46931,-6.7712,-6.8142,-6.98944,-7.12943,-7.25493,-7.42558,-7.56129,-7.77884,-7.87817,-8.17763,-8.31191,-8.61459,-8.65963,-8.76662,-8.96043,-9.02853,-9.36556,-9.39871,-9.76973,-9.95603,-10.2881,-10.5592,-10.6759,-10.8956,-11.0189,-11.1534,-11.523,-11.6178,-11.6801,-12.0758,-12.1474,-12.4306,-12.5314,-12.5659,-12.8929,-13.1805,-13.2854,-13.4617,-13.7159,-13.8276,-14.1555,-14.5036,-14.5156,-14.5261,-14.8429,-15.1458,-15.1929,-15.5024,-15.5442,-15.6277,-15.7691,-15.8906,-15.9805,-16.1108,-16.1485,-16.2844,-16.2999,-16.3044,-16.4223,-16.4331,-16.4773,-16.5151,-16.5887,-16.6115,-16.6432,-16.6488
3.53819,3.35903,3.23557,2.96623,2.32835,2.32117,2.31565,1.56879,1.23054,0.945447,0.591163,0.403241,0.248368,-0.113583,-0.574152,-0.671661,-0.731486,-1.16039,-1.30961,-1.65825,-1.74329,-1.81215,-2.1675,-2.40162,-2.54678,-2.86855,-2.9251,-3.29647,-3.57766,-3.7177,-4.23502,-4.30048,-4.50733,-4.5749,-4.59376,-4.84711,-4.91532,-5.20168,-5.2512,-5.5285,-5.63551,-6.00604,-6.04869,-6.1478,-6.44776,-6.53309,-6.79333,-6.83426,-7.06833,-7.23307,-7.41677,-7.71431,-7.83438,-8.12907,-8.15474,-8.29726,-8.52288,-8.56237,-8.91922,-8.99806,-9.37864,-9.55499,-9.87667,-10.0407,-10.3478,-10.405,-10.5573,-10.7734,-10.8617,-11.2148,-11.3521,-11.5868,-11.8154,-11.9576,-12.0849,-12.3777,-12.7866,-12.7952,-12.8054,-13.1975,-13.4748,-13.4905,-13.5363,-13.933,-14.022,-14.2062,-14.3586,-14.4312,-14.6574,-14.8751,-14.9646,-15.0816,-15.2355,-15.39,-15.4429,-15.5411,-15.5875,-15.6012,-15.7052,-15.7363,-15.8157,-15.9012,-15.9241,-15.9774,-16.0076,-16.0307,-16.0522,-16.0979,-16.1014,-16.1046
4.73189,4.51503,4.37094,4.13915,3.76481,3.64325,3.23519,2.91849,2.59,2.00801,1.91251,1.78945,1.35537,1.06969,0.833746,0.529485,0.259703,0.0292938,-0.134166,-0.336389,-0.505506,-0.628968,-0.861117,-1.22109,-1.22373,-1.58112,-2.0601,-2.07076,-2.08749,-2.49492,-2.65281,-2.91578,-3.25664,-3.38471,-3.74633,-3.83365,-3.84722,-4.10301,-4.12734,-4.13238,-4.38354,-4.55873,-4.74684,-4.98046,-5.12337,-5.42873,-5.48596,-5.63559,-5.85453,-6.04432,-6.14441,-6.24328,-6.42177,-6.57366,-6.73458,-6.92076,-7.14481,-7.26801,-7.62387,-7.63635,-7.68985,-8.05328,-8.11327,-8.29687,-8.49276,-8.69255,-8.85959,-8.94463,-9.27589,-9.54964,-9.65118,-9.97694,-10.1341,-10.3845,-10.6196,-10.7159,-10.9996,-11.1012,-11.466,-11.615,-11.8362,-12.116,-12.2249,-12.3275,-12.7468,-12.9941,-13.1174,-13.4545,-13.5031,-13.6001,-13.7754,-13.9908,-14.0367,-14.2784,-14.3269,-14.3855,-14.5535,-14.6248,-14.7842,-14.8007,-14.8669,-14.9533,-14.9747,-15.0644,-15.1238,-15.166,-15.1995,-15.2781,-15.3055,-15.3637,-15.422,-15.4339,-15.4407,-15.466,-15.5158,-15.5373
5.76409,5.65942,5.41424,5.1335,5.04215,4.90407,4.52664,4.36797,3.86706,3.75162,3.68838,3.44807,2.91161,2.32574,2.24869,2.20659,1.67381,1.32867,0.974328,0.478396,0.264347,-0.213021,-0.40582,-0.832099,-1.03945,-1.4786,-1.57446,-1.78172,-1.96334,-2.04062,-2.53704,-2.72626,-2.92174,-3.10951,-3.26948,-3.38338,-3.5121,-3.67087,-3.81237,-3.95539,-4.20175,-4.38947,-4.56305,-4.85338,-4.89397,-5.01901,-5.20442,-5.2632,-5.466,-5.55686,-5.71472,-5.76222,-5.81379,-6.00816,-6.11437,-6.3298,-6.51997,-6.67883,-6.99054,-7.00723,-7.01895,-7.44469,-7.65288,-7.86593,-8.16283,-8.24557,-8.29119,-8.69415,-8.94105,-9.17601,-9.37339,-9.60934,-9.92644,-10.0289,-10.0918,-10.4781,-10.5658,-10.8107,-10.9751,-11.0303,-11.4003,-11.4508,-11.7683,-11.8697,-12.1995,-12.4319,-12.5899,-12.7401,-12.9545,-13.0109,-13.2728,-13.2924,-13.5651,-13.5863,-13.8281,-13.8622,-13.9092,-14.0412,-14.1322,-14.1727,-14.2817,-14.2865,-14.3763,-14.4259,-14.4668,-14.5417,-14.5564,-14.5847,-14.6782,-14.694,-14.7629,-14.8173,-14.856,-14.9296,-14.9677
6.62572,6.40687,5.90329,5.82706,5.6633,5.27764,5.13994,4.6618,4.64004,3.91565,3.56656,3.25677,2.63141,2.61913,2.59733,2.15359,1.81094,1.65337,1.33611,1.04745,0.717915,0.366066,0.14125,-0.12957,-0.323869,-0.554396,-0.847314,-1.10864,-1.4261,-1.58659,-1.86265,-1.9807,-2.09531,-2.37794,-2.79747,-2.81489,-2.81926,-2.82684,-3.26047,-3.29102,-3.63873,-3.73423,-3.99235,-4.0949,-4.33686,-4.36258,-4.48539,-4.63543,-4.65582,-4.97532,-5.03144,-5.2969,-5.38732,-5.41591,-5.70719,-5.89345,-6.0566,-6.25519,-6.3961,-6.47117,-6.84789,-7.0813,-7.24059,-7.53493,-7.70787,-8.05952,-8.09581,-8.12826,-8.456,-8.567,-8.81466,-8.92433,-9.0254,-9.2776,-9.52129,-9.64176,-9.71925,-9.97604,-10.114,-10.2136,-10.4487,-10.5236,-10.9009,-10.926,-11.2517,-11.304,-11.3503,-11.7273,-11.7412,-11.7674,-12.1205,-12.2536,-12.4406,-12.5922,-12.7534,-12.8871,-13.0883,-13.1091,-13.125,-13.2809,-13.4041,-13.4633,-13.53,-13.6201,-13.7047,-13.7654,-13.7977,-13.841,-13.9698,-13.9871,-14.068,-14.1206,-14.2133,-14.2863,-14.3332,-14.3678,-14.4086
7.34649,7.07756,6.62269,6.47559,5.9587,5.80144,5.76053,5.67192,5.24112,4.7271,4.72676,4.72613,4.08337,3.72051,3.52819,2.90132,2.85569,2.73522,2.33161,2.10394,1.69889,1.59114,1.17613,1.11349,1.10295,0.958294,0.556243,0.530633,0.500846,-0.213187,-0.316361,-0.717164,-0.876557,-1.17723,-1.31429,-1.42817,-1.70125,-1.88605,-2.03023,-2.25505,-2.36987,-2.60579,-2.70945,-2.95396,-3.05378,-3.40466,-3.43507,-3.49247,-3.76079,-3.88928,-4.05827,-4.30279,-4.41698,-4.57224,-4.73345,-4.89851,-5.04615,-5.48252,-5.51832,-5.6291,-5.81778,-5.88865,-6.21581,-6.35245,-6.57565,-6.68326,-6.81675,-7.05134,-7.41139,-7.56801,-7.73907,-7.96396,-8.08902,-8.47019,-8.62459,-9.1278,-9.1483,-9.19805,-9.57428,-9.6901,-9.9205,-10.1353,-10.2548,-10.4866,-10.5592,-10.7164,-10.8802,-11.072,-11.3057,-11.4374,-11.5273,-11.7899,-11.809,-11.8211,-12.0201,-12.2336,-12.2621,-12.285,-12.4696,-12.6258,-12.6675,-12.7176,-12.8409,-12.9398,-12.9915,-13.048,-13.1355,-13.2761,-13.3204,-13.3408,-13.4874,-13.5652,-13.6719,-13.7529,-13.7639,-13.8095,-13.8546,-13.8644
7.96359,7.65726,7.50167,7.29164,7.08355,6.54958,6.49143,6.20402,5.99596,5.93027,5.5314,5.05818,5.00027,4.93687,4.3459,3.9329,3.88761,3.85245,3.51768,3.3065,3.28124,3.2057,2.64632,2.46988,2.12852,1.98424,1.6268,1.42899,1.35269,0.808761,0.676063,0.322046,0.253014,0.222216,-0.181675,-0.314643,-0.567031,-0.885015,-1.01328,-1.08878,-1.41094,-1.5716,-1.76513,-2.01271,-2.05442,-2.16865,-2.37859,-2.51301,-2.71142,-3.0184,-3.04526,-3.06088,-3.38685,-3.49819,-3.70467,-3.92228,-3.99013,-4.23086,-4.35656,-4.63739,-4.77718,-5.15083,-5.16389,-5.17115,-5.51139,-5.75577,-5.85576,-6.15612,-6.1838,-6.53381,-6.54607,-6.54657,-6.55147,-6.906,-6.96474,-7.258,-7.37951,-7.6643,-7.88311,-8.13401,-8.45397,-8.61121,-8.89966,-8.97107,-9.37943,-9.46365,-9.49124,-9.74627,-10.0006,-10.073,-10.4223,-10.4261,-10.5198,-10.7715,-10.7789,-10.787,-11.0839,-11.1836,-11.3538,-11.4126,-11.5106,-11.6876,-11.8263,-11.869,-11.9009,-11.996,-12.1064,-12.1728,-12.2456,-12.3489,-12.4476,-12.5674,-12.5827,-12.59,-12.7287,-12.7918,-12.9591,-13.0172,-13.1561,-13.1785,-13.2475,-13.3291
8.50096,8.24502,8.05779,7.92363,7.50234,7.25626,7.19495,6.59081,6.53184,5.9805,5.86152,5.41231,5.3755,5.34962,4.84339,4.39252,4.196,4.03805,3.62622,3.35263,3.13839,3.02397,2.60504,2.46433,2.22322,1.81929,1.50986,1.22756,1.0622,0.754461,0.564619,0.291765,-0.0663327,-0.0915382,-0.104081,-0.408448,-0.587909,-0.695092,-0.790779,-1.02503,-1.33066,-1.35124,-1.36246,-1.44467,-1.67695,-1.70879,-1.92321,-1.9237,-2.26549,-2.37327,-2.65922,-2.67727,-2.72883,-3.00151,-3.09893,-3.33329,-3.49885,-3.70853,-3.91862,-4.10222,-4.4889,-4.50069,-4.507,-4.85374,-4.99003,-5.16267,-5.28973,-5.466,-5.53629,-5.56888,-5.68891,-5.87616,-5.95927,-6.33111,-6.36655,-6.56079,-6.74329,-6.77716,-7.17568,-7.31235,-7.65797,-7.81803,-8.15368,-8.28114,-8.58066,-8.69339,-8.76707,-9.17089,-9.26192,-9.49888,-9.65933,-9.76651,-10.0544,-10.1238,-10.3335,-10.4905,-10.7035,-10.7509,-10.8077,-10.9986,-11.1104,-11.2076,-11.2401,-11.3898,-11.4613,-11.5839,-11.696,-11.7272,-11.811,-11.8783,-11.9211,-12.0289,-12.1094,-12.211,-12.3279,-12.3722,-12.5483,-12.6031,-12.6139,-12.6391,-12.802
8.96288,8.68769,8.4444,7.75994,7.74435,7.64293,7.18808,7.13022,6.64321,6.39219,6.14005,5.68388,5.56513,5.49965,5.31659,4.97699,4.73525,4.39955,4.00809,3.89135,3.62074,3.36842,3.24381,2.8624,2.57508,2.3361,1.99016,1.79195,1.5402,1.18894,1.15792,0.804707,0.716515,0.448099,0.155119,0.13209,0.104796,-0.177518,-0.397804,-0.567298,-0.706806,-0.82548,-0.999196,-1.09939,-1.2972,-1.4104,-1.61522,-1.78407,-1.94195,-2.20504,-2.26988,-2.53895,-2.62252,-2.63912,-2.99978,-3.07941,-3.4239,-3.56443,-3.8777,-3.96104,-4.30825,-4.44306,-4.71481,-4.72862,-4.97377,-5.19547,-5.34513,-5.5972,-5.73666,-6.05141,-6.1345,-6.17416,-6.51604,-6.6068,-6.63532,-6.94827,-7.11957,-7.30159,-7.58905,-7.73545,-8.09786,-8.28006,-8.54654,-8.71819,-9.02023,-9.09619,-9.43986,-9.4665,-9.79279,-9.82232,-10.1328,-10.201,-10.4683,-10.4866,-10.5717,-10.7363,-10.7533,-10.9798,-11.0147,-11.0731,-11.2333,-11.3334,-11.4215,-11.5529,-11.6965,-11.709,-11.7635,-12.0503,-12.1097,-12.2599,-12.2809
9.35248,9.17036,8.84886,8.37767,8.23247,7.88638,7.72126,7.68834,7.21689,6.96875,6.68215,6.1934,6.16113,6.13864,5.64469,5.27586,5.17203,5.01049,4.73725,4.57467,4.24549,3.86487,3.7663,3.62289,3.39616,2.98672,2.97932,2.97116,2.36562,2.09594,1.82645,1.54865,1.43761,1.28158,1.04824,0.89024,0.773204,0.578652,0.457195,0.411305,0.0892816,0.078352,-0.0554841,-0.209182,-0.222541,-0.539711,-0.583906,-0.667002,-0.854986,-1.11509,-1.13988,-1.21554,-1.44806,-1.57904,-1.81145,-1.95446,-2.17268,-2.29567,-2.59283,-2.62506,-2.73867,-2.97968,-3.04615,-3.40304,-3.42096,-3.82437,-3.83522,-3.84914,-4.25352,-4.49681,-4.64398,-4.9205,-5.03733,-5.08408,-5.4215,-5.46529,-5.80542,-5.83564,-6.08033,-6.34156,-6.43235,-6.67353,-6.82359,-6.87738,-7.20447,-7.42099,-7.44999,-7.62888,-7.78791,-7.81633,-8.17852,-8.26938,-8.53542,-8.66651,-8.90024,-9.07364,-9.28414,-9.44039,-9.5778,-9.77297,-9.8776,-10.0665,-10.1479,-10.2436,-10.3638,-10.4797,-10.6411,-10.8119,-10.8963,-10.9248,-11.1881,-11.2605,-11.5208,-11.6322,-11.7708
9.70633,9.6778,9.2101,8.89322,8.67583,8.19965,8.1989,8.1987,7.81941,7.73167,7.53981,7.26434,6.83718,6.74818,6.71837,6.61485,6.22267,6.08312,5.85574,5.65736,5.41135,5.23226,4.92808,4.70987,4.55976,4.40825,4.12791,3.85108,3.71329,3.60131,3.30241,3.05541,2.97103,2.58593,2.54813,2.4589,2.19993,2.10027,1.86016,1.68203,1.47801,1.29917,1.12126,0.977386,0.783438,0.697709,0.401226,0.380206,0.27333,0.0391037,-0.00747579,-0.281185,-0.409259,-0.558095,-0.816932,-0.837638,-0.859161,-1.13744,-1.35352,-1.45802,-1.5645,-1.84,-2.08385,-2.25627,-2.426,-2.58573,-2.77618,-3.16941,-3.19327,-3.20321,-3.57151,-3.64749,-3.8738,-4.0583,-4.2824,-4.42556,-4.75338,-4.83435,-5.20604,-5.22715,-5.23148,-5.61951,-5.67713,-5.95441,-6.1075,-6.3173,-6.55834,-6.73344,-6.91577,-7.15654,-7.29436,-7.57473,-7.65773,-7.95415,-7.98531,-8.17252,-8.35235,-8.39085,-8.71798,-8.81195,-9.02074,-9.14432,-9.39211,-9.46897,-9.53426,-9.78122,-9.90848,-10.0683,-10.1885,-10.4357,-10.5237,-10.7706,-10.8865,-11.0694,-11.1074,-11.1829,-11.2671
10.041,9.85335,9.61376,9.3023,8.99508,8.87124,8.56988,8.44693,8.38332,8.05526,7.8073,7.74533,7.68516,7.352,7.14322,6.91574,6.65441,6.27006,6.23601,6.22103,6.14625,5.74049,5.61632,5.31353,4.85772,4.72464,4.5989,4.45269,4.16309,4.08918,4.01491,3.65506,3.44378,3.27926,2.9824,2.91594,2.58786,2.58557,2.58508,2.25368,2.22775,1.91564,1.8362,1.59152,1.41043,1.23963,0.980612,0.863428,0.52388,0.458464,0.357615,0.129552,-0.114555,-0.160621,-0.212317,-0.44905,-0.685335,-0.7732,-0.845097,-1.09126,-1.3368,-1.44177,-1.5202,-1.86024,-1.98581,-2.27312,-2.45671,-2.60031,-2.83813,-2.99098,-3.42531,-3.4711,-3.48812,-3.92608,-4.19657,-4.32723,-4.47077,-4.71795,-4.85938,-5.18405,-5.27042,-5.63612,-5.69094,-5.91616,-6.0651,-6.09485,-6.42266,-6.53751,-6.77278,-7.00443,-7.03534,-7.07264,-7.3721,-7.61984,-7.75267,-8.09803,-8.10243,-8.10879,-8.52475,-8.67298,-8.90831,-9.06378,-9.25501,-9.4366,-9.64625,-9.80903,-10.0554,-10.1769,-10.4452,-10.5176,-10.595,-10.7692
10.3772,10.0193,9.96752,9.90937,9.42764,9.02664,8.96577,8.88666,8.55532,8.2084,8.16432,8.12971,7.71729,7.52898,7.19539,7.0181,6.81871,6.63566,6.43081,6.26177,5.69636,5.61958,5.50841,5.16438,4.76766,4.75797,4.75352,4.37911,4.27718,4.01465,3.83676,3.65668,3.44661,3.31075,3.14773,3.01508,2.83162,2.79254,2.5274,2.4272,2.40269,2.04263,1.95806,1.77998,1.62483,1.49136,1.31737,1.10956,1.05475,0.950854,0.781528,0.689803,0.415905,0.348599,0.159444,0.0172715,-0.0429574,-0.328042,-0.442223,-0.707014,-0.865095,-1.09709,-1.24511,-1.50321,-1.67153,-1.8278,-2.02262,-2.2379,-2.45263,-2.59442,-2.92878,-3.03421,-3.20066,-3.38078,-3.62181,-3.67493,-3.91971,-4.22859,-4.2941,-4.36757,-4.66774,-4.91146,-4.91824,-4.92897,-5.24924,-5.37688,-5.60934,-5.88211,-5.95833,-6.05861,-6.33814,-6.64229,-6.74114,-6.84458,-7.16345,-7.47458,-7.54547,-7.6361,-7.86747,-8.04114,-8.24646,-8.41101,-8.57665,-8.70836,-8.80828,-9.07724,-9.28695,-9.47434,-9.71312,-9.78535,-10.0206,-10.2202,-10.2768
10.7255,10.5258,10.3919,10.183,9.92177,9.70874,9.46622,9.1976,9.0346,8.79408,8.55778,8.44332,7.96117,7.86602,7.73339,7.50881,7.42471,7.11117,7.0855,6.7304,6.50066,6.28788,6.08973,5.80776,5.48189,5.41761,5.18616,5.06666,5.04319,4.71345,4.63683,4.37167,4.29593,3.99014,3.96842,3.93509,3.72526,3.62424,3.45408,3.28967,3.12883,2.95385,2.8962,2.69964,2.63812,2.46996,2.41888,2.21767,2.15354,1.97762,1.81417,1.68582,1.40034,1.33602,1.08876,0.975015,0.945979,0.547412,0.53236,0.515589,0.0757869,-0.0226735,-0.268903,-0.435703,-0.637289,-0.910042,-1.01166,-1.46195,-1.46975,-1.49368,-1.85817,-2.01208,-2.37763,-2.67639,-2.79133,-3.01497,-3.23766,-3.52722,-3.72203,-3.81592,-4.1309,-4.44982,-4.51222,-4.60656,-4.89145,-5.05521,-5.26727,-5.63011,-5.63923,-5.75067,-6.0495,-6.06292,-6.08464,-6.52299,-6.75512,-6.82996,-6.88596,-7.20495,-7.33099,-7.58972,-7.84202,-7.86587,-7.88499,-8.11663,-8.30619,-8.46639,-8.75466,-8.9895,-9.16098,-9.35281,-9.5402,-9.75007,-9.7942
11.097,10.9962,10.7024,10.4872,10.2528,9.9643,9.54776,9.46236,9.39234,9.05749,8.80858,8.66416,8.204,8.13103,7.98235,7.70501,7.51144,7.21217,7.13302,6.80817,6.60798,6.33921,6.10822,5.93713,5.73995,5.53189,5.40443,5.32964,5.15991,4.97193,4.84553,4.77614,4.65191,4.60202,4.57554,4.42564,4.30681,4.16665,4.02277,3.991,3.937,3.82221,3.70682,3.60727,3.57851,3.54193,3.37728,3.25086,3.22156,3.02194,2.85011,2.7607,2.59454,2.50045,2.48081,2.21815,2.21231,1.9433,1.76755,1.69112,1.44377,1.40777,1.39997,1.01651,0.98585,0.603254,0.291774,0.209594,-0.112129,-0.243323,-0.276079,-0.67963,-1.00193,-1.08924,-1.30713,-1.47359,-1.53754,-1.91104,-2.1254,-2.33771,-2.64154,-2.73406,-3.08315,-3.30444,-3.55391,-3.73403,-3.88758,-4.13393,-4.37703,-4.53016,-4.88881,-4.89366,-4.90911,-5.27383,-5.40204,-5.64242,-5.80326,-6.11107,-6.2345,-6.34896,-6.62804,-6.95482,-7.09025,-7.1734,-7.50607,-7.64798,-7.93957,-8.04451,-8.13145,-8.49939,-8.66052,-9.00677,-9.04735,-9.13332,-9.323
11.4987,11.2551,10.9864,10.5984,10.4518,10.369,10.1215,9.83745,9.73188,9.46162,9.36123,9.04801,8.91969,8.52135,8.42794,8.10616,7.993,7.77973,7.59648,7.46537,7.22259,7.10021,6.81811,6.69567,6.44197,6.31637,6.04916,5.94859,5.71074,5.60731,5.37692,5.32486,5.25446,5.03501,4.91213,4.78136,4.63185,4.54678,4.41364,4.33956,4.30415,4.13727,4.02278,3.84998,3.75586,3.61683,3.52728,3.40055,3.17111,3.11211,2.81336,2.69524,2.44371,2.22001,2.03052,1.71411,1.63918,1.55831,1.19279,0.848024,0.736635,0.550252,0.307344,0.252669,-0.0806561,-0.284977,-0.497257,-0.844966,-0.954466,-1.37661,-1.42439,-1.43697,-1.52018,-1.94045,-2.00902,-2.2832,-2.52563,-2.57604,-3.20907,-3.31357,-3.56617,-3.87572,-3.97224,-4.17617,-4.38705,-4.70464,-4.80047,-4.89042,-5.12198,-5.48485,-5.53592,-5.57101,-5.94873,-6.16397,-6.36411,-6.50805,-6.72012,-6.87568,-7.09819,-7.26316,-7.39929,-7.47938,-7.74502,-7.8051,-7.88865,-8.23585,-8.28738,-8.54748,-8.82604,-8.86096
11.9414,11.7983,11.5448,11.3315,11.0292,10.9266,10.8589,10.5491,10.4054,10.2302,10.1135,9.79661,9.68759,9.21026,9.14524,9.03325,8.75927,8.57614,8.4381,8.10835,8.07622,8.0545,7.66593,7.60498,7.29012,7.23261,6.92878,6.88828,6.5784,6.57647,6.56653,6.28544,6.25017,6.07049,6.02796,5.86647,5.7313,5.6418,5.51039,5.3956,5.19785,5.15505,5.09043,4.9073,4.83209,4.64485,4.643,4.39573,4.3661,4.32138,4.10668,3.92297,3.83782,3.6619,3.50022,3.43267,3.1451,3.11151,3.09247,2.81104,2.59485,2.44621,2.27997,2.01669,1.73302,1.64113,1.56698,1.27115,1.00594,0.887044,0.470893,0.443103,0.43443,-0.0271437,-0.157873,-0.514211,-0.811078,-1.18196,-1.35423,-1.70182,-1.85074,-2.01565,-2.39363,-2.67685,-2.82461,-3.0935,-3.30549,-3.42024,-3.76031,-4.10403,-4.17703,-4.21239,-4.53508,-4.84858,-4.88974,-4.93282,-5.24282,-5.47136,-5.49932,-5.78196,-5.84176,-6.07793,-6.28994,-6.41597,-6.54003,-6.75013,-6.90421,-6.98462,-7.22108,-7.27743,-7.58272,-7.90115,-8.01203,-8.31049,-8.40319
12.4163,12.2655,12.0593,11.9101,11.5693,11.5126,11.4086,11.1721,11.0471,10.8066,10.5568,10.423,10.2175,9.99873,9.92671,9.88925,9.48778,9.47613,9.19544,8.99834,8.89489,8.85568,8.50163,8.44471,8.11551,8.07911,7.75267,7.73061,7.56814,7.4209,7.40326,7.13029,7.07383,6.88162,6.77727,6.6468,6.49168,6.44837,6.25269,6.20439,6.19735,6.17893,5.92309,5.81901,5.67173,5.6157,5.5194,5.41416,5.3569,5.10682,5.07569,5.02762,4.83499,4.66847,4.55279,4.39155,4.22223,4.05232,3.87507,3.62423,3.5858,3.30902,3.04716,2.99513,2.69476,2.53948,2.29989,2.18098,1.86227,1.7603,1.72343,1.35318,1.15616,0.861404,0.523617,0.361852,-0.219631,-0.243796,-0.297774,-0.883665,-1.05159,-1.5694,-1.5924,-1.83598,-2.0618,-2.0781,-2.12674,-2.60945,-2.91825,-3.14813,-3.47124,-3.61863,-3.65374,-3.71228,-4.00358,-4.42732,-4.46514,-4.48543,-4.54834,-4.92012,-5.24809,-5.31603,-5.74871,-5.76187,-5.78165,-6.18311,-6.41558,-6.5555,-6.99875,-7.02656,-7.19347,-7.47005,-7.50821,-7.57608,-7.87954,-7.94994
12.9246,12.8911,12.5253,12.1427,12.0671,11.9916,11.6802,11.476,11.2524,11.1,10.8354,10.8184,10.7402,10.5172,10.4609,10.1608,10.065,9.77382,9.42089,9.32058,9.26151,8.93193,8.91667,8.56062,8.54174,8.38945,8.22684,8.20832,7.93511,7.8775,7.66778,7.56013,7.40486,7.26336,7.24165,7.06412,7.0294,6.88912,6.85551,6.84546,6.65416,6.5328,6.45291,6.29111,6.18738,6.05618,5.90877,5.81689,5.60694,5.47432,5.29733,5.21691,5.11501,4.89888,4.69118,4.49937,4.21014,4.08041,3.93175,3.73087,3.64537,3.41232,3.198,3.11843,2.9209,2.57379,2.43699,2.23379,1.9938,1.85257,1.20388,1.18116,0.57596,0.521464,0.345164,-0.0980795,-0.215653,-0.727649,-0.856762,-1.30135,-1.46974,-1.81939,-2.09635,-2.3395,-2.73028,-2.86875,-3.17474,-3.30499,-3.50108,-3.91428,-3.97479,-4.03854,-4.40518,-4.69832,-4.81892,-5.00548,-5.24085,-5.37368,-5.63063,-5.97477,-6.06726,-6.28752,-6.49805,-6.56551,-6.92629,-7.14591,-7.2569,-7.43987,-7.49216
13.4678,13.3916,13.0603,12.6758,12.5756,12.4631,12.1468,11.9682,11.7178,11.405,11.3938,11.3797,11.0933,10.9232,10.7468,10.4399,10.3133,10.1393,9.91261,9.74696,9.66271,9.47761,9.37403,9.34022,9.1528,9.02616,9.01216,8.70889,8.67848,8.43473,8.36033,8.15972,8.05012,7.88677,7.8285,7.66485,7.64428,7.60241,7.48379,7.42437,7.29774,7.17772,7.16353,6.95546,6.92517,6.69616,6.65982,6.36939,6.25531,6.03113,5.90163,5.77787,5.60967,5.46887,5.20718,5.10554,4.68978,4.67736,4.66931,4.40002,4.24973,4.10876,3.78585,3.77929,3.76485,3.32509,3.10638,2.92026,2.50703,2.48281,2.10735,1.95206,1.94356,1.48855,1.45588,1.06061,1.03776,1.02298,0.60608,0.503775,-0.0119659,-0.168595,-0.599557,-0.816869,-1.10095,-1.30668,-1.60515,-1.87687,-2.06576,-2.43444,-2.56667,-2.765,-3.00441,-3.41119,-3.41907,-3.42962,-3.84827,-4.24203,-4.289,-4.353,-4.69351,-4.90479,-5.08992,-5.46126,-5.54462,-5.57882,-5.95473,-6.2255,-6.37222,-6.49781,-6.72685,-6.99408,-7.02079
14.0422,13.8553,13.5981,13.4433,13.162,12.8231,12.7891,12.7603,12.3108,12.0074,11.8775,11.7953,11.4835,11.3936,11.1969,10.9521,10.8372,10.7569,10.4467,10.29,10.171,9.79301,9.73483,9.71349,9.46964,9.4629,9.4215,9.17538,9.13881,8.92401,8.84086,8.64556,8.52617,8.40547,8.26052,8.24579,8.22807,8.05916,7.97466,7.87541,7.73519,7.66722,7.4913,7.43851,7.1806,7.14958,6.96955,6.80536,6.66683,6.49546,6.35263,6.21526,6.01923,5.94033,5.73637,5.4481,5.3892,5.32033,5.07295,4.92581,4.74383,4.40934,4.36043,4.31244,3.95756,3.7245,3.54747,3.13249,3.09228,3.01438,2.68594,2.2651,2.23107,2.18809,1.86888,1.73254,1.39176,1.3405,1.30507,0.670339,0.642458,0.606354,0.0294689,-0.210519,-0.5754,-0.868937,-1.08879,-1.33481,-1.69974,-1.89313,-2.19849,-2.42947,-2.68486,-2.68669,-2.69021,-3.15306,-3.28534,-3.61128,-3.68773,-3.73882,-4.09878,-4.5624,-4.57303,-4.57875,-4.60926,-5.05191,-5.16572,-5.43,-5.77548,-5.79509,-5.82767,-6.07425,-6.23534,-6.38767,-6.52776
14.6476,14.5495,14.2291,14.0151,13.7666,13.3985,13.3324,13.2132,12.9047,12.7726,12.4788,12.0088,11.9847,11.9639,11.6942,11.4149,11.315,11.1828,10.9681,10.6917,10.6142,10.5537,10.244,10.2071,9.9124,9.90218,9.8737,9.66184,9.59438,9.39817,9.32712,9.20938,9.02778,8.88031,8.83277,8.78057,8.62243,8.50603,8.39188,8.27716,8.1677,8.01534,7.89523,7.6641,7.58553,7.37702,7.13997,7.06873,6.88491,6.78925,6.57844,6.46178,6.15293,6.07131,5.92733,5.71469,5.63254,5.39959,5.20308,5.08669,4.88866,4.61705,4.3883,4.17349,3.7911,3.73142,3.52987,3.18433,3.08514,2.68142,2.61072,2.36227,2.06973,1.95536,1.62159,1.44319,1.39995,1.29634,1.04325,0.799292,0.64695,0.55096,0.0203788,-0.151494,-0.383034,-0.676981,-1.03001,-1.12744,-1.45975,-1.55107,-1.83594,-2.08194,-2.15428,-2.21869,-2.52691,-2.61067,-2.88467,-3.04552,-3.2979,-3.49887,-3.74773,-3.94252,-4.11734,-4.26374,-4.44381,-4.52228,-4.69085,-4.8888,-4.9299,-4.97201,-5.23532,-5.34139,-5.65243,-5.75072,-5.86696,-6.00778
15.2785,15.2142,14.9035,14.6858,14.3912,14.0599,13.9504,13.667,13.5206,13.462,13.1199,12.7765,12.6802,12.4929,12.2207,12.0646,11.8725,11.719,11.5759,11.3615,11.2753,11.0241,10.947,10.6551,10.5749,10.4701,10.3166,10.1405,10.0548,9.8338,9.79566,9.70553,9.56484,9.51669,9.35034,9.25038,9.15,9.03731,8.93954,8.82735,8.7603,8.61658,8.51481,8.42083,8.33244,8.07991,8.03735,7.81843,7.6674,7.63638,7.24261,7.18205,7.0175,6.91784,6.8902,6.82248,6.60821,6.39162,6.29008,6.22773,6.00301,5.78177,5.68085,5.51304,5.24294,5.07044,4.77447,4.44667,4.33156,3.94242,3.81519,3.76471,3.25875,3.01535,2.76656,2.6621,2.1915,2.15524,1.88904,1.71465,1.69624,1.26051,1.1858,0.795942,0.64881,0.301067,0.14017,-0.10338,-0.427978,-0.465352,-0.737878,-0.854969,-1.0764,-1.28279,-1.64055,-1.85921,-1.93433,-2.06493,-2.46229,-2.92888,-2.94275,-2.966,-3.39206,-3.56699,-3.74976,-3.97729,-4.07075,-4.2492,-4.44819,-4.53903,-4.84482,-4.85972,-5.1631,-5.27185,-5.45829
15.9369,15.8885,15.5579,15.3881,15.0319,14.7735,14.5842,14.15,14.1439,14.1343,13.78,13.4659,13.3572,13.1382,12.9067,12.7969,12.5343,12.2811,12.2671,12.254,11.8205,11.7918,11.4545,11.3352,11.0951,10.9049,10.7675,10.563,10.4956,10.3459,10.2734,10.2471,10.0445,9.95506,9.79446,9.70531,9.52703,9.49274,9.46875,9.31272,9.20662,9.06497,9.04018,8.80436,8.76101,8.75235,8.59465,8.46785,8.45872,8.19828,7.99439,7.95757,7.89324,7.67954,7.62307,7.32046,7.21612,6.87658,6.86417,6.84185,6.53448,6.31719,6.17708,5.88139,5.76704,5.70618,5.35098,5.10383,4.91057,4.42118,4.401,4.35012,3.84526,3.59482,3.23649,2.82688,2.82642,2.32954,2.30164,2.03906,1.85314,1.81402,1.34217,1.00714,0.746085,0.463503,0.0377791,-0.0652085,-0.131657,-0.494918,-0.780747,-0.856512,-1.26585,-1.49646,-1.72066,-1.92772,-2.16594,-2.37837,-2.52175,-2.81987,-3.04847,-3.17296,-3.3977,-3.49413,-3.55965,-3.85161,-4.20658,-4.22899,-4.2417,-4.62457,-4.63179,-4.64773,-4.8758
16.6219,16.5779,16.2659,16.0967,15.7094,15.4779,15.2227,14.8027,14.7303,14.674,14.2178,14.1507,13.6381,13.6156,13.5879,13.1807,12.9272,12.9178,12.6141,12.5924,12.4732,12.2124,12.1617,11.9035,11.7011,11.5828,11.4969,11.2942,11.1456,10.9892,10.8548,10.7585,10.6754,10.4721,10.3601,10.1641,10.1188,9.96328,9.8523,9.82927,9.76718,9.57641,9.48172,9.38999,9.18909,9.15423,9.05558,8.91405,8.85872,8.67343,8.54434,8.43927,8.31783,8.15172,8.02488,7.80255,7.54794,7.42119,7.25115,7.07532,6.95389,6.71141,6.36276,6.32564,6.24424,5.91187,5.75869,5.4716,5.08864,4.96682,4.66961,4.4182,4.28756,3.78729,3.31813,3.19367,3.11169,2.46584,2.43584,2.31786,1.7988,1.61817,1.09954,0.814721,0.51378,0.0241446,-0.0768716,-0.255617,-0.586061,-0.739795,-0.97784,-1.35719,-1.37558,-1.39271,-1.80001,-2.12441,-2.21837,-2.31762,-2.55883,-2.79396,-2.83257,-2.86271,-3.158,-3.50214,-3.54787,-3.57917,-3.7808,-3.98648,-4.04483,-4.10827,-4.25888
17.3336,17.242,16.9587,16.5707,16.3965,16.2455,15.8534,15.5571,15.4054,15.0391,14.9366,14.4762,14.4469,14.3589,13.8479,13.715,13.362,13.298,12.9713,12.9093,12.6473,12.594,12.408,12.1924,12.1332,12.0715,11.871,11.727,11.5161,11.372,11.182,11.0452,10.8569,10.7663,10.5362,10.4933,10.4037,10.2937,10.2479,10.157,10.0469,9.90988,9.84117,9.69566,9.59172,9.5456,9.27376,9.26375,9.13077,8.96781,8.95761,8.9365,8.64851,8.39934,8.33379,8.25125,7.96971,7.6455,7.62699,7.61377,7.26163,7.01779,6.87333,6.56152,6.4661,6.42341,6.03472,5.80179,5.54787,4.98533,4.98184,4.97343,4.38745,4.15849,3.77628,3.31572,3.10509,2.50059,2.44613,2.22776,1.79225,1.67187,1.17258,0.869465,0.641112,0.115831,0.0998124,0.0930315,-0.353435,-0.649477,-0.79816,-0.980146,-1.27023,-1.62576,-1.63702,-1.6538,-1.93701,-2.17156,-2.19893,-2.22512,-2.48073,-2.81448,-2.90619,-2.94757,-3.17055,-3.30329,-3.4012,-3.48282,-3.60668
18.065,17.9603,17.688,17.3977,16.9604,16.9365,16.914,16.4347,16.1554,16.0932,15.7528,15.7008,15.3956,15.2633,14.9376,14.6605,14.5993,14.1429,14.0189,13.6917,13.5803,13.3032,13.1478,12.9481,12.7629,12.6518,12.4723,12.279,12.0781,11.9174,11.7388,11.5852,11.4356,11.258,11.1286,10.9736,10.9035,10.7576,10.7075,10.6531,10.5207,10.3283,10.3203,10.3129,10.0762,9.86292,9.8627,9.62474,9.62467,9.37844,9.33991,9.15754,8.92714,8.87454,8.81231,8.51376,8.2706,8.17042,8.00997,7.8109,7.69328,7.44034,7.15104,7.07237,6.73919,6.62053,6.59988,6.56533,6.1275,5.83745,5.60183,5.05123,5.02503,5.01326,4.4165,4.18644,3.78242,3.35805,3.13602,2.52944,2.49436,2.38916,1.87896,1.71224,1.36741,0.983571,0.838796,0.584103,0.341139,0.204246,-0.130494,-0.447811,-0.514592,-0.771045,-1.05562,-1.1197,-1.15272,-1.36146,-1.49827,-1.53079,-1.81942,-2.02338,-2.12329,-2.40331,-2.41689,-2.45203,-2.69349,-2.80844,-2.92008
18.8161,18.6312,18.2112,18.121,17.5983,17.5652,17.1446,16.8576,16.451,16.3104,16.0376,15.6868,15.4934,15.2966,14.924,14.7717,14.4297,14.274,13.8938,13.8488,13.7734,13.4275,13.2509,13.0283,12.8445,12.6635,12.4614,12.3278,12.1276,11.9989,11.8006,11.6892,11.5419,11.4233,11.3636,11.1758,11.0989,10.9357,10.8502,10.6815,10.5806,10.3026,10.2523,10.2402,10.0842,9.96393,9.948,9.68853,9.49656,9.38182,9.21372,9.0467,8.91129,8.74958,8.423,8.3706,8.28554,7.99408,7.82094,7.68508,7.40407,7.33968,7.01374,6.98208,6.68971,6.51289,6.2039,5.86737,5.66463,5.15445,5.07549,5.04222,4.46375,4.21534,3.83781,3.38771,3.21236,2.71677,2.60307,2.55647,2.08441,1.78563,1.69464,1.37833,1.23217,1.02926,0.976732,0.615004,0.397174,0.332787,0.185026,-0.0908893,-0.20732,-0.472281,-0.507383,-0.540221,-0.768756,-0.913898,-1.04518,-1.22045,-1.34727,-1.6544,-1.67737,-1.69641,-1.96601,-2.13064,-2.20012
19.5854,19.1503,18.9659,18.8035,18.3804,18.1383,17.8467,17.5096,16.9857,16.9028,16.5727,16.3191,15.9946,15.7868,15.5645,15.4044,15.1675,15.0084,14.8108,14.566,14.3497,14.1871,13.8579,13.672,13.4466,13.2316,13.0788,12.8501,12.743,12.509,12.4292,12.1645,12.147,12.0626,11.8719,11.8164,11.6056,11.4766,11.3449,11.1193,11.1093,11.1017,10.8303,10.5888,10.5456,10.4355,10.2346,10.1183,9.93112,9.57224,9.55415,9.53912,9.15342,9.0931,8.80212,8.64522,8.52328,8.35703,8.16252,8.05537,7.6376,7.61157,7.51548,7.24588,7.14158,6.79752,6.54393,6.28524,5.89767,5.74096,5.34021,5.15115,5.07232,4.54889,4.24614,3.94429,3.42002,3.34919,3.23246,2.80343,2.65101,2.47073,2.20612,2.06214,1.96088,1.72297,1.60575,1.38792,1.21797,0.982899,0.823161,0.652331,0.360287,0.219198,-0.0463543,-0.251988,-0.330979,-0.391067,-0.586062,-0.865073,-0.950642,-1.02787,-1.25349,-1.3116,-1.45297
20.3618,20.3261,19.9217,19.8513,19.6606,19.3046,19.1603,18.6347,18.475,17.9956,17.6817,17.3918,17.1505,16.8112,16.5805,16.2903,16.1945,15.8891,15.8238,15.7965,15.4265,15.214,15.0679,14.7354,14.5712,14.2815,14.0606,13.8962,13.6183,13.5247,13.2089,13.1541,13.0304,12.8854,12.8368,12.6023,12.5668,12.3291,12.2202,12.0047,11.8734,11.813,11.6339,11.6283,11.4337,11.2972,11.1918,11.0208,10.784,10.7604,10.7517,10.525,10.3584,10.2237,9.88843,9.80238,9.44681,9.40677,9.25681,9.06902,9.01258,8.69603,8.4321,8.27406,7.89636,7.87413,7.86388,7.39909,7.22064,6.90214,6.57559,6.38532,5.92912,5.84704,5.64656,5.26921,5.11595,4.65815,4.27719,4.0349,3.71599,3.50552,3.29469,3.16386,3.06586,2.81792,2.62844,2.38663,2.18273,1.97764,1.80116,1.62522,1.36065,1.20585,0.960525,0.753476,0.518152,0.445786,0.351248,0.176591,0.027944,-0.0870687,-0.253034,-0.355098,-0.478042,-0.573197,-0.67864
21.1355,20.9917,20.7152,20.3606,20.1791,19.6891,19.6181,19.5536,18.9961,18.8318,18.4918,18.1567,17.9882,17.5561,17.3588,16.9313,16.8153,16.6636,16.4081,16.1445,15.9517,15.5832,15.5338,15.4389,15.177,15.0002,14.7207,14.4535,14.3507,14.0085,13.974,13.6791,13.6475,13.6442,13.3433,13.2928,13.062,12.9753,12.7798,12.6105,12.4883,12.4063,12.2983,12.0772,12.0462,11.9989,11.8089,11.6254,11.5995,11.523,11.3724,11.1459,11.1264,10.8821,10.6623,10.4795,10.1722,10.076,9.76751,9.67554,9.6448,9.29207,9.13862,8.89264,8.53604,8.47453,8.29924,8.0109,7.89765,7.52922,7.25381,7.03021,6.60862,6.51729,6.12881,5.99559,5.96264,5.38888,5.28792,5.14317,4.79977,4.52799,4.16132,4.06144,3.99345,3.53393,3.33751,3.07098,2.75727,2.70044,2.61941,2.3478,2.14784,1.99669,1.78278,1.72099,1.6497,1.46695,1.38991,1.13683,1.07497,0.842173,0.81274,0.705367,0.584261,0.53878,0.330891,0.201358,0.121177
21.8955,21.5536,21.3961,20.971,20.894,20.5159,20.3879,20.3668,19.9749,19.7975,19.5695,19.4319,19.1817,18.9669,18.7234,18.6023,18.4358,18.2615,17.6872,17.6312,17.5245,17.2544,17.1029,16.798,16.5219,16.3671,16.173,16.0187,15.9246,15.5735,15.4178,15.2161,14.8532,14.8106,14.5014,14.4256,14.4182,14.1081,14.0589,13.8111,13.7385,13.5336,13.3931,13.2449,13.1243,12.9301,12.8508,12.7325,12.5888,12.5029,12.2965,12.2313,11.9512,11.9068,11.8923,11.5399,11.4686,11.1708,10.9801,10.7536,10.4385,10.2976,9.99891,9.89002,9.83534,9.50662,9.20868,9.088,8.77389,8.63502,8.57509,8.16801,7.93245,7.68581,7.28851,7.19194,6.85037,6.69114,6.64386,6.1882,6.03,5.79584,5.57706,5.47334,5.12037,5.08557,4.95588,4.7506,4.69635,4.33861,4.14423,3.92753,3.61547,3.5718,3.5425,3.21471,2.98089,2.86683,2.75105,2.58285,2.4265,2.30201,2.10483,2.0454,1.78874,1.74956,1.49536,1.44281,1.36216,1.17295,1.00554,0.949197
22.6321,22.3171,22.1602,21.7204,21.6156,21.1299,20.954,20.6391,20.0459,20.0432,20.0398,19.5156,19.147,19.0826,19.0142,18.6759,18.3412,18.1745,17.8318,17.717,17.6643,17.2944,17.0386,16.8966,16.6278,16.5725,16.4651,16.2483,15.7891,15.7682,15.7506,15.4169,15.2793,15.2714,14.8889,14.8534,14.5814,14.5049,14.2925,14.1828,14.0073,13.8238,13.7431,13.5148,13.4822,13.4521,13.2088,13.0464,12.8954,12.6646,12.5682,12.2611,12.2334,12.068,11.8908,11.8317,11.4944,11.3978,11.1957,10.8628,10.6405,10.5192,10.2648,10.1403,10.0168,9.69338,9.30738,9.2737,9.25318,8.82017,8.61164,8.35334,7.96889,7.87659,7.59545,7.39272,7.33417,6.91054,6.71496,6.4583,6.05409,5.98641,5.94296,5.75698,5.48305,5.40194,5.11701,4.86077,4.70272,4.56446,4.33815,4.19006,3.84613,3.72783,3.6326,3.2547,3.1889,2.9342,2.79921,2.65473,2.48171,2.32376,2.22649,2.0083,1.99783,1.98618,1.80804
23.3329,23.0492,22.9786,22.6794,22.4184,21.9414,21.652,21.3301,20.8023,20.7873,20.7692,20.0761,19.5761,19.5605,19.5327,19.0309,18.8564,18.5454,18.2813,18.1165,17.8962,17.6356,17.4771,17.3452,16.8722,16.7352,16.4326,16.4056,16.1081,16.0671,15.7235,15.7161,15.7152,15.377,15.3306,15.0543,14.9772,14.7802,14.6303,14.5074,14.3396,14.2726,14.1722,14.0776,13.9615,13.8838,13.826,13.5869,13.4401,13.255,13.0353,12.9468,12.7541,12.6808,12.6522,12.5799,12.2506,12.0622,11.9821,11.8745,11.5237,11.2956,11.169,10.8801,10.7956,10.6771,10.3506,9.93214,9.92911,9.92212,9.48752,9.31822,9.07399,8.72068,8.56768,8.09827,8.08473,8.08113,7.63587,7.47804,7.16952,6.87866,6.71018,6.43917,6.27412,6.18337,5.91142,5.6428,5.54314,5.1831,5.17864,5.16607,4.85235,4.72208,4.55289,4.21856,4.15718,4.13101,3.74457,3.74032,3.39007,3.24194,3.04406,2.97444,2.82122,2.70842
23.9837,23.8912,23.3705,23.1024,22.6842,22.3142,22.1258,21.8363,21.429,21.3804,21.2626,20.8661,20.5788,20.26,20.0976,20.0129,19.6032,19.4001,19.3522,18.8555,18.7849,18.2577,18.212,18.1565,17.7433,17.5206,17.248,17.0165,16.8563,16.6842,16.5711,16.3008,16.2189,15.8729,15.8699,15.8579,15.5682,15.5142,15.3185,15.1656,15.0556,14.8598,14.8247,14.6113,14.5769,14.5724,14.5532,14.3083,14.2183,13.9741,13.8338,13.6561,13.3987,13.3916,13.3793,13.1607,13.067,12.8722,12.6658,12.6495,12.6234,12.2565,12.0049,11.8679,11.5598,11.4576,11.164,11.0288,10.6121,10.6033,10.5841,10.1541,9.97153,9.77879,9.49903,9.47787,9.06997,8.74854,8.72484,8.65936,8.37319,8.28278,7.91149,7.70046,7.46458,7.16197,7.1243,6.86719,6.85112,6.60344,6.49654,6.31822,6.06186,5.80885,5.64222,5.52664,5.32022,5.14099,5.05016,4.96893,4.64353,4.49071,4.30381,4.09308,3.95335,3.76295,3.66616
24.5722,24.3879,24.2363,24.1443,23.6553,23.3805,22.9653,22.8547,22.7218,22.2982,21.9197,21.7768,21.5698,21.2885,21.1065,20.8229,20.4262,20.2506,19.8559,19.7372,19.1788,19.1504,19.0617,18.6907,18.582,18.1956,17.9906,17.6423,17.5353,17.4138,17.1338,16.9005,16.6987,16.5551,16.4241,16.2141,16.1942,16.1781,15.9975,15.832,15.7363,15.6433,15.4753,15.4187,15.2155,15.1887,15.1795,14.9805,14.7977,14.7231,14.6581,14.4013,14.2924,14.1673,13.9715,13.8808,13.782,13.5057,13.4706,13.3803,13.1267,13.0332,12.7215,12.6164,12.2914,12.19,11.8568,11.7285,11.284,11.1924,11.0308,10.7687,10.5756,10.4264,10.2289,10.0393,9.90576,9.58474,9.17592,9.16026,9.1513,8.65835,8.53597,8.23211,8.0209,7.78083,7.61891,7.33007,7.19607,7.11011,6.77317,6.41196,6.33166,6.20689,5.95789,5.84348,5.64109,5.53532,5.28582,5.17747,4.90575,4.89805,4.6717,4.66824
25.0955,24.8867,24.6265,23.9515,23.8752,23.6017,23.3397,23.2907,22.8323,22.51,22.3283,21.8656,21.8375,21.8222,21.4108,21.1345,20.959,20.623,20.3572,20.1083,19.7396,19.6585,19.2267,19.1788,19.1703,18.6452,18.5902,18.1418,18.0165,17.6567,17.4113,17.2732,17.1169,16.9367,16.8194,16.6956,16.5557,16.4289,16.1838,16.1418,15.972,15.8644,15.642,15.6326,15.62,15.4649,15.3014,15.1714,14.9834,14.8924,14.8309,14.6073,14.4272,14.27,14.0905,13.9214,13.7995,13.5004,13.4042,13.0398,12.9807,12.6014,12.5474,12.1492,12.0619,11.6905,11.4633,11.3016,10.849,10.8009,10.7306,10.3212,9.99928,9.87075,9.51958,9.41898,9.38254,8.98973,8.68946,8.58209,8.4744,8.24524,7.99312,7.86584,7.7497,7.441,7.11891,7.04703,6.94635,6.74312,6.459,6.39812,6.28395,6.14167,6.10003,5.95581,5.79398,5.71971
25.5557,25.175,25.0871,24.9999,24.4427,23.9927,23.8737,23.6902,23.3067,23.1517,22.79,22.6226,22.3436,22.0266,21.8463,21.5149,21.3978,21.0283,20.9575,20.9355,20.5371,20.3469,20.1073,19.8033,19.6987,19.3485,19.1879,18.8996,18.7264,18.4299,18.3287,18.0863,17.9619,17.9117,17.6666,17.4105,17.3738,17.3096,17.0783,16.9389,16.7567,16.494,16.4454,16.4273,16.1467,16.1299,15.9067,15.6593,15.6102,15.5769,15.3234,15.1372,15.0099,14.7347,14.663,14.3205,14.2654,13.8814,13.8083,13.5868,13.4469,13.3771,13.0555,12.9826,12.5829,12.5489,12.3878,12.1748,12.1044,11.7919,11.5618,11.4559,11.3503,11.0248,10.6719,10.5738,10.302,10.1986,10.173,9.75953,9.65803,9.32819,9.32067,9.30831,8.94782,8.7674,8.53504,8.39156,8.1213,7.85487,7.75971,7.48104,7.45191,7.15147,7.08933,7.02607,6.82828
25.955,25.6291,25.4944,25.1071,24.862,24.7518,24.3237,24.0342,23.9486,23.8631,23.4879,23.2525,23.003,22.6215,22.4583,22.3484,21.9768,21.6456,21.6344,21.6234,21.1907,21.1764,20.7355,20.6159,20.3353,20.0038,19.9229,19.6989,19.5522,19.4616,19.2068,19.082,18.8181,18.6974,18.5045,18.3868,18.1314,18.0407,17.8312,17.6568,17.4979,17.3554,17.2173,17.0634,16.7213,16.7088,16.6963,16.3885,16.2482,16.0169,15.9413,15.6555,15.6093,15.5906,15.2241,15.1569,14.8054,14.7803,14.7755,14.4277,14.4055,14.3743,13.9993,13.7673,13.5763,13.4472,13.2014,13.0115,12.6136,12.5706,12.5247,12.2011,12.0055,11.7347,11.3208,11.2791,11.223,10.9285,10.6748,10.4902,10.2552,10.0575,9.83831,9.47927,9.47823,9.17034,9.09639,8.81283,8.60725,8.44596,8.39038,8.25146,8.09925,7.98839
26.2913,26.151,25.8282,25.601,25.3614,25.1082,24.8615,24.5324,24.3823,24.3205,23.8422,23.7965,23.726,23.2814,22.8249,22.7958,22.7746,22.321,22.0749,21.8513,21.6279,21.4816,21.1598,21.0592,20.9555,20.7368,20.4675,20.4348,20.1524,20.1044,20.0996,19.7463,19.6345,19.3525,19.0536,18.9746,18.7933,18.6586,18.5958,18.3236,18.0172,17.9151,17.824,17.5673,17.2734,17.241,16.9369,16.8533,16.7458,16.4174,16.2456,15.9975,15.7756,15.6176,15.3039,15.2555,15.1871,14.8182,14.5808,14.3735,14.2275,14.0962,13.7229,13.7145,13.7036,13.3272,13.1021,13.0561,12.8249,12.7859,12.5231,12.2592,12.0714,11.7821,11.6542,11.479,11.262,11.0927,10.7837,10.7086,10.463,10.4295,10.4058,10.1606,10.0399,9.82717,9.61532,9.48592,9.35987,9.2231
26.5631,26.3279,26.1586,25.8202,25.691,25.352,25.2971,25.271,24.9502,24.6427,24.6173,24.5668,24.282,23.9741,23.942,23.9221,23.5258,23.1028,23.0691,23.0489,22.55,22.4287,22.2126,22.0105,21.6195,21.6126,21.5908,21.1691,21.0547,20.8066,20.5014,20.495,20.4849,20.0714,19.7275,19.6844,19.6675,19.6218,19.2354,18.9175,18.8401,18.7978,18.5765,18.4273,18.3779,18.0798,17.8134,17.7666,17.367,17.3632,16.9026,16.8313,16.5023,16.2964,16.1294,15.8863,15.8313,15.7903,15.5231,15.1958,15.1603,15.0916,14.8348,14.4447,14.432,14.4128,13.9835,13.665,13.6587,13.6519,13.3074,12.983,12.9206,12.4921,12.4395,12.435,12.4259,12.0699,11.8896,11.8237,11.4882,11.4844,11.4815,11.4768,11.1218,10.9498,10.9182,10.8408,10.5495
26.7633,26.7334,26.4354,26.3753,26.3671,26.3435,25.9788,25.8803,25.5213,25.4907,25.4418,25.119,24.786,24.7324,24.5797,24.2996,24.2325,23.8471,23.7729,23.3087,23.2733,23.2666,22.8221,22.6475,22.3809,22.1232,21.9708,21.6446,21.5959,21.4311,21.2071,21.1625,20.9884,20.6393,20.5512,20.176,20.1498,20.1218,19.7989,19.6453,19.4334,19.1942,19.0053,18.6988,18.4494,18.2918,17.9583,17.8582,17.6012,17.4476,17.3878,17.0556,16.911,16.7372,16.6704,16.4324,16.386,16.1978,16.1081,15.7828,15.7575,15.733,15.4412,15.3359,15.3234,14.9177,14.8666,14.552,14.4938,14.2091,14.0807,13.825,13.7336,13.7048,13.6251,13.3943,13.061,13.0309,13.0071,12.7712,12.6431,12.4717,12.3754,12.2073,12.1717,12.0948
26.875,26.8588,26.7526,26.5643,26.5408,26.5132,26.2218,26.0803,25.8566,25.5912,25.4751,25.1604,25.1168,25.0207,24.7065,24.564,24.326,24.1716,23.9361,23.6255,23.4611,23.1135,23.0062,22.644,22.5479,22.2023,22.0741,21.7155,21.3039,21.2298,21.1657,20.8642,20.4759,20.4691,20.0607,20.0121,19.5798,19.5507,19.4908,19.2236,19.0771,18.8356,18.7038,18.5048,18.3707,18.1185,18.1147,18.1069
26.873,26.7945,26.5471,26.5203,26.5138,26.2884,26.1791,25.9306,25.6869,25.5832,25.314,25.2803,25.2412,24.9244,24.8382,24.4146,24.3638,23.981,23.8557,23.4718,23.3038,22.9967,22.9423,22.6296,22.248,22.1245,22.0634,21.9568,21.5375,21.1079,21.0386,21.0164,20.9765,20.5927,20.4511,20.3088,20.157,20.1241
26.6725,26.6614,26.6531,26.4225,26.2908,26.1353,25.9175,25.6423,25.5785,25.5044,25.2486,25.04,24.8324,24.5669,24.4708,24.1167,24.0918,23.7509,23.4347,23.3558,23.3018,22.9985,22.8615,22.6468,22.5568,22.3842,22.2122,22.0187
