1.03284,1.06884,1.08288,1.13288,1.16754,1.19742,1.22445,1.24385,1.2818,1.29134,1.29831,1.34893,1.35109,1.35269,1.36727,1.387,1.38844,1.40349,1.40391,1.40552,1.40758,1.4077,1.40583,1.40452,1.40347,1.39693,1.38501,1.38299,1.37586,1.36662,1.36572,1.36449,1.35009,1.34839,1.34621,1.32816,1.32386,1.31836,1.30646,1.29781,1.29011,1.28152,1.2705,1.26554,1.25191,1.24991,1.23887
0.975101,1.05958,1.12068,1.15743,1.25587,1.28725,1.32196,1.3924,1.436,1.45161,1.50887,1.53615,1.57189,1.61037,1.61044,1.61058,1.6498,1.65528,1.66692,1.66751,1.66961,1.67206,1.67222,1.66675,1.66654,1.64922,1.64858,1.64741,1.61945,1.61792,1.59518,1.59495,1.57323,1.56663,1.54744,1.53488,1.52258,1.50723,1.48602,1.48358,1.4814,1.46209,1.44872,1.44283,1.43982,1.41742,1.41397,1.40977,1.39252,1.38545,1.37282,1.36771,1.36107,1.34929,1.33635,1.33038,1.31763,1.30208,1.30032,1.28898
0.924901,1.06319,1.11888,1.22317,1.2697,1.29767,1.35981,1.46056,1.51128,1.5814,1.69789,1.73447,1.75746,1.81036,1.8447,1.87079,1.90833,1.91219,1.93681,1.93882,1.9465,1.94602,1.94239,1.94079,1.94042,1.92638,1.92313,1.90579,1.87817,1.87674,1.87383,1.84226,1.82077,1.81833,1.81616,1.79059,1.77879,1.76058,1.73457,1.72749,1.69587,1.69404,1.69366,1.67078,1.66691,1.64895,1.64153,1.62531,1.61878,1.60513,1.60168,1.5955,1.58347,1.57894,1.56952,1.55847,1.54827,1.54747,1.53317,1.52912,1.52802,1.52669,1.50567,1.50458,1.50318,1.48204,1.47005,1.46549,1.4598,1.44066,1.43219,1.42109,1.40756,1.39266,1.3729,1.36795,1.34743
0.874452,0.989338,1.07467,1.19678,1.23446,1.25548,1.30107,1.48475,1.50428,1.67182,1.79651,1.80964,1.82364,1.90599,1.95496,2.01293,2.07335,2.10745,2.14761,2.17673,2.19055,2.21412,2.21869,2.21987,2.23035,2.2282,2.22595,2.21354,2.20977,2.20704,2.17803,2.17642,2.1536,2.14361,2.14183,2.11032,2.10028,2.07744,2.04652,2.03771,2.03274,1.99794,1.97499,1.95989,1.93822,1.92845,1.91324,1.89339,1.89182,1.86451,1.86027,1.84449,1.83621,1.82795,1.82553,1.82048,1.81552,1.81578,1.81347,1.80884,1.80602,1.80153,1.799,1.79267,1.7921,1.79097,1.7801,1.78019,1.76703,1.76669,1.76346,1.75036,1.74304,1.72999,1.71034,1.70117,1.67921,1.67104,1.668,1.66431,1.63151,1.62722,1.6218,1.58781,1.58126,1.57231,1.54252,1.52089,1.50433,1.48099,1.45077,1.44049,1.41035,1.39256
0.834163,0.890749,0.945718,1.05322,1.10436,1.28772,1.31737,1.37398,1.51475,1.59002,1.75157,1.75664,1.76115,1.90181,1.98473,2.05105,2.12704,2.16682,2.19289,2.25992,2.31483,2.33854,2.36395,2.43112,2.46025,2.49115,2.49969,2.51138,2.51708,2.51758,2.52221,2.51795,2.51511,2.49893,2.49449,2.45478,2.45272,2.44778,2.4069,2.37576,2.35929,2.34804,2.31266,2.3044,2.29466,2.26154,2.25091,2.2074,2.18471,2.14549,2.13166,2.10236,2.09581,2.09416,2.08414,2.06476,2.06277,2.05957,2.04588,2.0403,2.03279,2.0263,2.0297,2.03041,2.03232,2.03424,2.04066,2.04381,2.04344,2.05647,2.05886,2.05947,2.06857,2.07187,2.0753,2.07783,2.07708,2.0791,2.07745,2.07527,2.07294,2.06262,2.05798,2.05247,2.03101,2.03026,2.02963,2.00157,1.99199,1.96568,1.94685,1.9379,1.88376,1.87723,1.81753,1.76952,1.7482,1.74115,1.7314,1.65101,1.62944,1.56935,1.556,1.53433,1.4933,1.46608,1.44575,1.39427
0.789542,0.815062,0.858636,0.970136,0.997452,1.13483,1.25917,1.40165,1.49168,1.66345,1.66668,1.67132,1.8558,1.91312,2.07015,2.12688,2.14835,2.28834,2.39918,2.41581,2.43408,2.52822,2.5794,2.63585,2.66997,2.7136,2.74585,2.77293,2.79529,2.80242,2.81431,2.81908,2.81873,2.81766,2.81403,2.81228,2.79336,2.78994,2.78863,2.75569,2.74185,2.69578,2.69267,2.69125,2.63602,2.62864,2.59179,2.56572,2.5374,2.50502,2.47397,2.43387,2.41191,2.36163,2.33577,2.29517,2.28816,2.27801,2.25442,2.2486,2.22635,2.22505,2.21128,2.20905,2.2146,2.22039,2.22811,2.23614,2.24616,2.24844,2.27852,2.28564,2.29274,2.31929,2.32731,2.34875,2.35497,2.35616,2.37608,2.38838,2.39515,2.40235,2.40784,2.40496,2.40833,2.40058,2.39989,2.39904,2.3785,2.34584,2.3392,2.27301,2.2645,2.24124,2.18956,2.13751,2.07747,2.01435,1.97886,1.87772,1.86582,1.86223,1.7279,1.71912,1.66391,1.6043,1.48888,1.44271,1.39326,1.38154
0.74195,0.824806,0.883791,1.0065,1.29499,1.29829,1.30083,1.62579,1.76821,1.88538,2.02301,2.09625,2.15241,2.28394,2.43855,2.47109,2.48957,2.62168,2.66399,2.75653,2.77988,2.79606,2.8784,2.9256,2.95414,3.00862,3.01712,3.06489,3.09258,3.10107,3.12021,3.11881,3.11397,3.11217,3.11188,3.0929,3.08837,3.05409,3.0475,3.00182,2.97804,2.90065,2.88884,2.86295,2.78694,2.76742,2.69753,2.68836,2.62362,2.58843,2.54235,2.48739,2.46158,2.42093,2.41665,2.40347,2.37933,2.3762,2.35843,2.35691,2.35996,2.36603,2.383,2.39264,2.42631,2.43054,2.44738,2.47,2.48394,2.52265,2.5444,2.57022,2.60329,2.61664,2.62835,2.66379,2.70436,2.70534,2.70639,2.73016,2.74648,2.7467,2.74697,2.74849,2.75073,2.74487,2.7368,2.72845,2.6999,2.64872,2.63018,2.58769,2.52257,2.43256,2.39545,2.31174,2.26804,2.25785,2.12851,2.09468,1.95692,1.8248,1.77548,1.65987,1.58851,1.531,1.48774,1.37956,1.3707,1.36387
0.700735,0.80746,0.881227,0.994085,1.17627,1.23692,1.42951,1.58972,1.74071,2.00876,2.05336,2.10722,2.29075,2.40395,2.49586,2.60502,2.70221,2.77848,2.83107,2.89298,2.9446,2.97938,3.0429,3.13468,3.13529,3.21371,3.3034,3.30527,3.30747,3.36197,3.38168,3.40088,3.41958,3.42043,3.41151,3.40964,3.40933,3.38725,3.38506,3.38433,3.34752,3.32095,3.28063,3.22867,3.1867,3.10236,3.08153,3.03301,2.9618,2.90268,2.86761,2.8349,2.77806,2.72773,2.68781,2.63323,2.58945,2.56072,2.50908,2.50676,2.50269,2.4683,2.46575,2.46598,2.4616,2.47285,2.47772,2.48414,2.51157,2.54895,2.56384,2.60853,2.64039,2.67826,2.72555,2.7403,2.79394,2.80789,2.87535,2.89712,2.93457,2.97841,2.99076,3.00142,3.04967,3.06715,3.07484,3.08311,3.08235,3.081,3.07187,3.04806,3.04279,2.98414,2.97261,2.95001,2.86439,2.8159,2.7158,2.69795,2.62971,2.53284,2.50791,2.36738,2.27442,2.19105,2.12093,1.95819,1.89321,1.74428,1.61119,1.58062,1.56605,1.50814,1.38987,1.34647
0.667835,0.722826,0.853957,0.998673,1.04414,1.11629,1.31798,1.39917,1.66615,1.72375,1.7536,1.87516,2.14943,2.43455,2.47054,2.48896,2.72183,2.85757,2.993,3.15998,3.22669,3.3626,3.41166,3.51081,3.55254,3.62892,3.64273,3.66692,3.688,3.69365,3.7162,3.71693,3.70773,3.69299,3.68026,3.66825,3.64508,3.61521,3.58764,3.55691,3.48496,3.43022,3.3646,3.26038,3.24265,3.1906,3.11333,3.09257,3.00499,2.97075,2.9108,2.89023,2.87151,2.79742,2.7677,2.69251,2.64955,2.60423,2.56299,2.55989,2.559,2.51522,2.51897,2.51707,2.54405,2.54795,2.55336,2.6054,2.64834,2.69105,2.74141,2.78634,2.86384,2.88841,2.90652,2.99621,3.01932,3.07886,3.1146,3.12517,3.20552,3.21314,3.27216,3.28457,3.33498,3.35712,3.36871,3.37262,3.37593,3.3735,3.35204,3.34878,3.28658,3.27949,3.16923,3.14709,3.11482,3.01182,2.92308,2.87485,2.73991,2.73287,2.57733,2.49469,2.41361,2.25781,2.22092,2.16669,1.95242,1.9194,1.73633,1.62537,1.54792,1.39524,1.32863
0.64153,0.766185,1.04796,1.09341,1.18761,1.40219,1.47609,1.7521,1.76365,2.16948,2.35688,2.52463,2.84287,2.84907,2.85943,3.06066,3.2079,3.26833,3.38391,3.48616,3.58897,3.68873,3.74578,3.80766,3.84695,3.88781,3.93057,3.96124,3.98629,3.99232,3.99343,3.99359,3.98786,3.96242,3.89859,3.89595,3.89517,3.89374,3.77958,3.77071,3.64167,3.60602,3.48548,3.44163,3.3219,3.30966,3.24816,3.1712,3.15933,3.0035,2.97237,2.86047,2.82083,2.81162,2.70307,2.65523,2.6069,2.5724,2.54301,2.53798,2.50363,2.5127,2.51741,2.55061,2.5706,2.6389,2.64494,2.65255,2.72477,2.75364,2.82918,2.85662,2.8866,2.95732,3.04087,3.07459,3.09656,3.17678,3.21867,3.24876,3.31386,3.33655,3.43395,3.44096,3.50469,3.51757,3.52892,3.58787,3.58963,3.59151,3.60729,3.60347,3.58734,3.56236,3.51618,3.4683,3.36744,3.355,3.3436,3.20313,3.07442,3.00424,2.91918,2.77817,2.63518,2.52772,2.4731,2.36408,2.11752,2.08357,1.906,1.81452,1.62625,1.50821,1.42322,1.36995,1.31046
0.618671,0.785367,1.05707,1.14996,1.46728,1.56104,1.58457,1.63838,1.89835,2.21241,2.21261,2.213,2.58632,2.7911,2.89539,3.22454,3.2492,3.30638,3.48798,3.58042,3.73917,3.77614,3.9095,3.92924,3.93205,3.96892,4.06927,4.07506,4.08078,4.1973,4.2096,4.23249,4.23938,4.23314,4.22688,4.21425,4.18021,4.14831,4.11525,4.05501,4.01503,3.93179,3.88839,3.77932,3.72677,3.53627,3.51727,3.48214,3.31728,3.2439,3.13378,2.99966,2.92746,2.85023,2.77121,2.70672,2.63886,2.51663,2.50472,2.4872,2.45145,2.44735,2.41797,2.42165,2.44594,2.45105,2.47427,2.50516,2.59491,2.62933,2.68344,2.74949,2.79719,2.92838,2.99041,3.18577,3.19428,3.21414,3.34884,3.38782,3.46523,3.5333,3.57003,3.63303,3.65209,3.68244,3.70784,3.73464,3.742,3.73866,3.73141,3.69764,3.69379,3.69088,3.61101,3.51068,3.49435,3.47887,3.32042,3.17181,3.12891,3.07005,2.90008,2.75512,2.67656,2.59107,2.43636,2.18691,2.11237,2.08258,1.82261,1.71445,1.54104,1.43508,1.41901,1.36181,1.30419,1.29314
0.598057,0.798105,0.895604,1.03038,1.1644,1.51212,1.55166,1.73949,1.87286,1.9148,2.16558,2.47461,2.50993,2.54856,2.9049,3.1522,3.17676,3.19522,3.37614,3.48804,3.50127,3.53685,3.79105,3.86527,3.99677,4.04624,4.15375,4.2116,4.23069,4.33853,4.35721,4.40342,4.4103,4.41244,4.42122,4.41711,4.3981,4.35294,4.33196,4.31558,4.22163,4.16745,4.08009,3.97208,3.94604,3.88249,3.7583,3.67537,3.53542,3.32088,3.30195,3.29202,3.05196,2.98379,2.83784,2.71698,2.67397,2.55332,2.49237,2.39887,2.34822,2.28672,2.28394,2.28365,2.24576,2.26474,2.27192,2.31371,2.31738,2.39657,2.39921,2.39936,2.40091,2.50381,2.52511,2.63167,2.6764,2.79746,2.89029,3.00761,3.15229,3.22645,3.34905,3.37872,3.53779,3.56867,3.57741,3.64155,3.70849,3.7201,3.75876,3.75878,3.7533,3.7367,3.73522,3.73326,3.65547,3.61278,3.53171,3.49795,3.4334,3.30481,3.17842,3.13645,3.10804,2.98999,2.85662,2.78127,2.69636,2.54178,2.41779,2.24836,2.22765,2.21841,2.01583,1.93619,1.70247,1.63176,1.46432,1.44043,1.36653,1.27613
0.579849,0.753841,0.877226,0.965259,1.25326,1.4196,1.46353,1.87532,1.91738,2.28707,2.37058,2.67197,2.69587,2.71237,3.03022,3.29845,3.41549,3.50484,3.71931,3.85186,3.94578,3.98867,4.1539,4.20493,4.2772,4.37579,4.44003,4.48306,4.49436,4.51423,4.51235,4.49751,4.45338,4.44923,4.44651,4.36655,4.30629,4.26596,4.2261,4.10749,3.93465,3.9218,3.91556,3.85816,3.69119,3.66565,3.50007,3.49966,3.21761,3.12224,2.89799,2.8821,2.84407,2.63502,2.57639,2.41812,2.33528,2.2258,2.15547,2.08706,2.01787,2.0152,2.015,1.98506,1.99012,2.01031,2.02039,2.05673,2.06545,2.07245,2.10847,2.15268,2.18089,2.3161,2.33112,2.41888,2.4967,2.51193,2.70553,2.77189,2.95673,3.03411,3.20345,3.26256,3.38861,3.42414,3.45044,3.56156,3.57952,3.60523,3.61126,3.60902,3.56875,3.55791,3.48104,3.428,3.31155,3.28413,3.25616,3.11882,3.03362,2.94911,2.91549,2.77946,2.69504,2.57523,2.45899,2.41925,2.32314,2.24803,2.20243,2.07361,1.97157,1.86215,1.73037,1.6841,1.50513,1.44672,1.43521,1.41144,1.25919
0.565393,0.752822,0.916317,1.40918,1.41972,1.4924,1.81541,1.85811,2.19963,2.38002,2.55326,2.86477,2.94222,2.98619,3.10182,3.31229,3.45645,3.64293,3.84669,3.90139,4.01958,4.12567,4.1718,4.29215,4.37122,4.41944,4.47779,4.49656,4.50499,4.50784,4.50483,4.45455,4.43358,4.35711,4.25384,4.24373,4.22996,4.07175,3.92739,3.81523,3.70219,3.60433,3.45057,3.36255,3.17483,3.07689,2.87822,2.73482,2.58809,2.3804,2.32504,2.14183,2.0834,2.07472,1.87636,1.84832,1.71912,1.69206,1.63988,1.63372,1.62816,1.64124,1.68683,1.68993,1.74056,1.81548,1.86386,1.96612,2.02442,2.18515,2.2251,2.24708,2.43826,2.48745,2.50401,2.67977,2.77278,2.87077,3.01383,3.07979,3.21031,3.26534,3.31442,3.33861,3.34228,3.34154,3.28494,3.2808,3.17426,3.16555,3.01287,2.98309,2.8122,2.80195,2.73936,2.61717,2.60123,2.41808,2.38265,2.3266,2.1897,2.08615,1.99461,1.87925,1.74858,1.73917,1.69195,1.43353,1.3799,1.25919,1.24237
0.55413,0.685075,0.912694,1.26328,1.36629,1.62387,1.74503,1.77009,2.1117,2.29638,2.49858,2.84477,2.86713,2.88227,3.2005,3.42734,3.48782,3.57621,3.72166,3.80174,3.95079,4.10235,4.13745,4.18271,4.24882,4.34225,4.34369,4.3448,4.39491,4.3928,4.36753,4.31382,4.2816,4.22527,4.13074,4.0505,3.98362,3.85273,3.76572,3.72911,3.45676,3.44638,3.31747,3.16705,3.1544,2.82129,2.77881,2.69607,2.49669,2.24754,2.22207,2.15528,1.94785,1.85481,1.67511,1.58457,1.46674,1.40178,1.29309,1.28058,1.25602,1.19872,1.19177,1.16997,1.16978,1.20379,1.20497,1.20853,1.29377,1.3791,1.42895,1.5552,1.60483,1.62922,1.80837,1.83245,2.03227,2.05011,2.19469,2.35186,2.40582,2.53764,2.6177,2.64161,2.77871,2.86982,2.8809,2.92873,2.9703,2.97447,3.02269,3.02198,3.02278,3.00284,2.9745,2.92332,2.87044,2.80242,2.75333,2.64526,2.60029,2.47954,2.43509,2.37604,2.29063,2.19537,2.08449,1.95888,1.88471,1.85883,1.6611,1.59824,1.4073,1.32132,1.22604
0.543712,0.564963,0.908055,1.14787,1.30811,1.67178,1.67234,1.6725,1.95631,2.02327,2.16751,2.36897,2.67565,2.73881,2.75908,2.828,3.08525,3.1722,3.30818,3.41859,3.5497,3.63487,3.77654,3.86502,3.92116,3.96867,4.05092,4.11331,4.13912,4.15011,4.17648,4.18114,4.17678,4.12328,4.11496,4.08733,3.99968,3.96411,3.83996,3.73278,3.58551,3.44276,3.27972,3.14724,2.94699,2.85495,2.52843,2.50392,2.38466,2.12085,2.07347,1.77833,1.65887,1.51164,1.29419,1.27672,1.26219,1.06042,0.939358,0.881328,0.842414,0.732036,0.683453,0.645486,0.634297,0.628711,0.634049,0.690697,0.693994,0.696059,0.793751,0.819915,0.901088,0.984195,1.08671,1.16061,1.34624,1.39283,1.62507,1.63819,1.64102,1.88532,1.92164,2.08517,2.17329,2.27854,2.39761,2.46501,2.5373,2.60239,2.64215,2.68468,2.69779,2.70866,2.71069,2.69714,2.6833,2.6737,2.61176,2.57996,2.51934,2.46619,2.36694,2.32499,2.2847,2.16378,2.07956,1.99162,1.90685,1.75652,1.69046,1.53576,1.45128,1.33596,1.30967,1.26237,1.21006
0.533381,0.673422,0.85387,1.09226,1.32481,1.41831,1.65107,1.74494,1.7933,2.04095,2.22601,2.27156,2.31527,2.55119,2.6943,2.84099,3.00633,3.22572,3.24493,3.25292,3.28928,3.4852,3.53393,3.65072,3.77762,3.81295,3.83308,3.8552,3.87157,3.87598,3.87266,3.83875,3.79355,3.74627,3.62522,3.59272,3.39262,3.39123,3.39088,3.12717,3.10347,2.79984,2.71505,2.44036,2.22955,2.02038,1.71535,1.569,1.19414,1.11772,1.01799,0.796492,0.600534,0.561861,0.527173,0.37175,0.258415,0.214072,0.18871,0.109292,0.0671148,0.0486798,0.0447268,0.0414516,0.0520149,0.0943011,0.133445,0.173379,0.252212,0.303264,0.496212,0.51681,0.526079,0.76841,0.935751,1.01747,1.1114,1.27787,1.37198,1.5801,1.63693,1.85043,1.88307,1.99521,2.07029,2.08199,2.21732,2.25002,2.32502,2.37356,2.38108,2.38673,2.42522,2.42452,2.43078,2.39511,2.39492,2.39372,2.30839,2.24935,2.18018,2.10408,2.03161,1.93164,1.83514,1.73758,1.60774,1.53133,1.38229,1.33733,1.2914,1.19445
0.523113,0.792508,0.832198,0.876311,1.24645,1.55309,1.59957,1.65971,1.90971,2.16316,2.19543,2.22002,2.50188,2.62325,2.82541,2.92528,3.02927,3.1184,3.20879,3.27502,3.44649,3.46701,3.48279,3.52852,3.52197,3.52198,3.52152,3.45497,3.42467,3.32772,3.23893,3.13563,2.98827,2.88302,2.74067,2.61286,2.4158,2.37397,2.05111,1.93132,1.90082,1.43261,1.32651,1.09621,0.893984,0.737715,0.529439,0.310202,0.251289,0.156268,0.00848648,-0.0576581,-0.243086,-0.279588,-0.361351,-0.423848,-0.444463,-0.512865,-0.530328,-0.549299,-0.549841,-0.532354,-0.510577,-0.461088,-0.416362,-0.369862,-0.298606,-0.214496,-0.116916,-0.0504086,0.132082,0.190634,0.290097,0.402822,0.558752,0.594394,0.763426,0.972067,1.0178,1.06649,1.26923,1.4204,1.42476,1.43094,1.6193,1.6835,1.80318,1.91575,1.94999,1.98517,2.07518,2.14456,2.16371,2.17045,2.2084,2.19632,2.19901,2.19206,2.15853,2.13411,2.0738,2.03339,1.97076,1.92908,1.89469,1.77318,1.68544,1.58787,1.47189,1.43188,1.31416,1.20699,1.17899
0.512223,0.663085,0.765689,0.924082,1.12402,1.28455,1.47103,1.67038,1.79083,1.95785,2.12612,2.20399,2.50329,2.56097,2.63153,2.75309,2.78894,2.93013,2.93896,3.06466,3.11424,3.16517,3.18508,3.19857,3.16758,3.1568,3.09104,3.0599,3.05072,2.90055,2.85549,2.67828,2.6185,2.34637,2.32575,2.28811,2.06947,1.94523,1.71706,1.50631,1.28706,1.03781,0.951585,0.678113,0.587384,0.360124,0.29098,0.0397517,-0.0436153,-0.231795,-0.403365,-0.511633,-0.729107,-0.766171,-0.884359,-0.937519,-0.949666,-1.04251,-1.04516,-1.04688,-1.05615,-1.05165,-1.02088,-0.995087,-0.943237,-0.866727,-0.833707,-0.657647,-0.654213,-0.642689,-0.460642,-0.373187,-0.160761,0.0272094,0.102081,0.251323,0.40382,0.600701,0.736115,0.798442,1.00974,1.2079,1.24671,1.29904,1.46146,1.54155,1.64539,1.79022,1.79386,1.82773,1.91954,1.92293,1.92593,2.0106,2.03156,2.0344,2.03011,2.03141,2.01303,1.99104,1.93566,1.93037,1.92476,1.8667,1.80137,1.75372,1.63498,1.54306,1.46302,1.36978,1.28689,1.18538,1.1636
0.499835,0.578302,0.800276,0.962614,1.13718,1.35559,1.6513,1.71441,1.76303,1.99142,2.14307,2.23315,2.47807,2.51756,2.58093,2.69308,2.76136,2.83457,2.85267,2.89229,2.89635,2.87526,2.8315,2.78201,2.70784,2.59457,2.53033,2.48061,2.33922,2.19535,2.06723,1.99818,1.85729,1.80282,1.76968,1.59096,1.42526,1.24092,1.01592,0.970233,0.885588,0.712562,0.530056,0.381814,0.340496,0.287115,0.0510949,-0.141009,-0.181672,-0.416928,-0.631645,-0.717477,-0.871339,-0.950603,-0.968322,-1.14187,-1.14508,-1.25497,-1.3172,-1.33516,-1.38011,-1.3857,-1.38641,-1.39618,-1.39557,-1.34698,-1.29716,-1.2771,-1.18428,-1.14474,-1.13251,-0.962883,-0.814243,-0.768917,-0.649812,-0.556074,-0.51919,-0.285035,-0.149658,-0.00586207,0.1935,0.255566,0.496547,0.639415,0.799909,0.914061,1.01122,1.15886,1.28744,1.36671,1.5286,1.53088,1.53669,1.6796,1.71767,1.78966,1.82679,1.87029,1.89412,1.90224,1.91746,1.89045,1.88643,1.87692,1.81452,1.78588,1.69796,1.66996,1.64281,1.50248,1.44296,1.29012,1.27334,1.23473,1.14833
0.486377,0.673536,0.87032,1.15522,1.26147,1.31742,1.48613,1.68535,1.75418,1.92116,1.9836,2.15412,2.22274,2.39835,2.43459,2.53849,2.56409,2.61108,2.62745,2.64161,2.63482,2.62373,2.5682,2.53177,2.42916,2.36641,2.19581,2.11298,1.90817,1.80371,1.54454,1.48513,1.38545,1.10697,0.915259,0.722308,0.473391,0.346294,0.125576,0.0137836,-0.039755,-0.274024,-0.422266,-0.644508,-0.749898,-0.888472,-0.96798,-1.06035,-1.21521,-1.24616,-1.37068,-1.40723,-1.46644,-1.49464,-1.51446,-1.5216,-1.51792,-1.5091,-1.46338,-1.3976,-1.36873,-1.31028,-1.23182,-1.21283,-1.06963,-0.978664,-0.869092,-0.68416,-0.619694,-0.368011,-0.339088,-0.331387,-0.278433,-0.00791931,0.0371874,0.214849,0.373937,0.405133,0.80278,0.86351,1.01298,1.17551,1.22603,1.31859,1.41883,1.53995,1.57983,1.60652,1.67976,1.75535,1.76836,1.77355,1.82017,1.83328,1.82697,1.82398,1.80197,1.78727,1.74485,1.71073,1.67415,1.65581,1.57154,1.55484,1.52675,1.39673,1.37671,1.26971,1.14838,1.13343
0.47196,0.575708,0.762436,0.914366,1.12729,1.20015,1.24377,1.45324,1.54164,1.65488,1.72687,1.90378,1.96313,2.178,2.207,2.24282,2.33394,2.37261,2.40309,2.4303,2.43359,2.43279,2.40099,2.38852,2.29642,2.27299,2.11829,2.09314,1.86162,1.85995,1.85005,1.58213,1.54414,1.33377,1.27903,1.07552,0.874776,0.748687,0.532216,0.366219,0.0561914,-0.00818636,-0.0957277,-0.328593,-0.432854,-0.661747,-0.663781,-0.891449,-0.916228,-0.950962,-1.09835,-1.20177,-1.24392,-1.31482,-1.37031,-1.38907,-1.45951,-1.46687,-1.46974,-1.49766,-1.50753,-1.5124,-1.50907,-1.48651,-1.45067,-1.43791,-1.42389,-1.34734,-1.27197,-1.22903,-1.06707,-1.05603,-1.05233,-0.827091,-0.761081,-0.561641,-0.393983,-0.169036,-0.0637465,0.156778,0.246344,0.342119,0.578429,0.739799,0.827815,0.969894,1.08545,1.1389,1.30225,1.43834,1.46873,1.47922,1.59097,1.66724,1.67773,1.6841,1.74222,1.76623,1.76842,1.78278,1.78126,1.77726,1.75441,1.74429,1.72441,1.68768,1.65081,1.63325,1.56745,1.55097,1.45054,1.3272,1.28625,1.15855,1.11892
0.456952,0.561895,0.709938,0.816183,1.04527,1.0855,1.15255,1.3084,1.38355,1.53485,1.67219,1.74709,1.84928,1.94756,1.98044,1.99392,2.13819,2.14111,2.21356,2.24142,2.25837,2.26215,2.26464,2.25925,2.20042,2.18982,2.06653,2.05549,1.95724,1.872,1.86002,1.63984,1.58852,1.39167,1.27157,1.11277,0.901076,0.842024,0.553807,0.485754,0.476533,0.44932,0.0904005,-0.0348092,-0.235533,-0.308296,-0.417371,-0.528143,-0.583486,-0.800896,-0.825311,-0.857518,-0.978298,-1.07113,-1.12711,-1.19209,-1.25068,-1.29866,-1.34173,-1.38644,-1.39195,-1.41349,-1.42679,-1.42532,-1.40884,-1.39337,-1.36544,-1.34046,-1.27044,-1.24743,-1.23773,-1.11202,-1.04204,-0.914033,-0.762886,-0.680344,-0.375144,-0.36135,-0.330284,0.0102135,0.103477,0.403913,0.416583,0.555065,0.684397,0.694005,0.719574,0.980942,1.12548,1.23599,1.36319,1.42525,1.43802,1.45545,1.55518,1.65742,1.6675,1.67103,1.68007,1.74044,1.75962,1.76438,1.74874,1.74848,1.74583,1.69533,1.6427,1.61359,1.48087,1.4727,1.41087,1.30873,1.2924,1.26365,1.13585,1.10461
0.44098,0.463552,0.71728,0.966168,1.01759,1.06517,1.26018,1.38456,1.50588,1.5916,1.72013,1.72865,1.76259,1.86162,1.8826,1.99145,2.01671,2.09503,2.13091,2.14526,2.14537,2.12345,2.12083,2.03589,2.02888,1.95984,1.88939,1.88032,1.70402,1.66245,1.48012,1.37705,1.21093,1.03447,1.01061,0.781048,0.740525,0.546877,0.502881,0.488024,0.2486,0.0836068,-0.0117432,-0.195819,-0.302714,-0.426492,-0.551156,-0.623851,-0.756014,-0.838495,-0.930616,-0.967486,-1.00657,-1.08297,-1.13983,-1.18936,-1.23798,-1.25631,-1.26714,-1.27979,-1.28123,-1.27384,-1.26428,-1.25459,-1.22199,-1.16738,-1.13785,-1.08232,-1.01266,-0.96215,-0.710129,-0.699883,-0.413495,-0.384724,-0.291996,-0.0578749,0.00302873,0.28773,0.355435,0.60103,0.686724,0.872061,1.00479,1.12293,1.291,1.3493,1.46064,1.49942,1.56276,1.6603,1.67592,1.68546,1.74441,1.76292,1.77185,1.76547,1.76078,1.743,1.7144,1.64033,1.62142,1.55528,1.49347,1.46848,1.33573,1.24336,1.19551,1.11408,1.09003
0.423384,0.474518,0.695892,0.937997,1.00343,1.07069,1.26203,1.35622,1.49548,1.64292,1.64858,1.65455,1.77782,1.84043,1.90108,1.98123,2.01338,2.03032,2.05956,2.05398,2.05471,2.02994,2.01881,2.01067,1.95434,1.91962,1.91481,1.7688,1.75291,1.58717,1.53248,1.34965,1.25169,1.06546,1.00405,0.805938,0.78383,0.732167,0.594662,0.514491,0.370017,0.221477,0.204619,-0.0182469,-0.0492425,-0.257683,-0.28825,-0.496355,-0.568464,-0.689152,-0.751482,-0.803053,-0.863875,-0.907817,-0.9791,-1.00546,-1.07363,-1.07554,-1.07641,-1.09531,-1.10033,-1.10089,-1.08832,-1.08791,-1.08608,-1.02821,-0.985994,-0.945021,-0.832325,-0.825127,-0.694629,-0.64067,-0.637604,-0.450863,-0.437335,-0.258995,-0.248522,-0.241277,-0.0353903,0.0133402,0.281418,0.358417,0.585272,0.691222,0.837902,0.93698,1.08266,1.19613,1.27715,1.4177,1.46659,1.5264,1.60178,1.69718,1.69918,1.70096,1.77179,1.79587,1.79984,1.79811,1.79242,1.76673,1.7465,1.66616,1.64912,1.63885,1.52613,1.42421,1.36773,1.31212,1.2133,1.08786,1.07496
0.404598,0.526478,0.693211,0.787209,0.965861,1.15885,1.17853,1.19335,1.43578,1.57282,1.63556,1.66886,1.7872,1.81645,1.87864,1.93291,1.9621,1.96991,2.00793,2.00527,2.00639,1.93723,1.92934,1.92349,1.83974,1.8365,1.81487,1.69317,1.67341,1.52432,1.46669,1.29025,1.1819,1.05941,0.899967,0.885503,0.866011,0.686388,0.58479,0.480691,0.328815,0.262552,0.0940937,0.0484242,-0.158648,-0.180724,-0.29693,-0.392301,-0.46828,-0.546469,-0.606307,-0.655556,-0.720083,-0.741686,-0.791374,-0.845166,-0.854264,-0.861696,-0.8867,-0.893873,-0.898307,-0.887523,-0.885797,-0.881667,-0.839872,-0.800233,-0.765556,-0.665033,-0.654059,-0.630367,-0.529253,-0.380281,-0.368563,-0.351887,-0.219721,-0.158205,-0.0136788,0.00862376,0.0240126,0.326438,0.339418,0.35611,0.64191,0.752379,0.931923,1.06554,1.15935,1.26782,1.40622,1.47987,1.57787,1.64842,1.70963,1.71009,1.71069,1.79907,1.81768,1.84101,1.84747,1.84609,1.84446,1.78794,1.78682,1.78563,1.77841,1.67815,1.6426,1.55506,1.41843,1.40994,1.39508,1.28428,1.20491,1.13131,1.05939
0.385397,0.447144,0.650419,0.778059,0.929417,1.13558,1.17389,1.23529,1.39677,1.4565,1.5943,1.76952,1.77881,1.78498,1.87,1.92461,1.9475,1.96014,1.98535,1.9777,1.97843,1.96737,1.91644,1.90403,1.80346,1.7984,1.78301,1.67844,1.64359,1.5078,1.4615,1.36191,1.20597,1.0689,1.02223,0.964824,0.813855,0.691189,0.582836,0.469789,0.370957,0.238779,0.143721,-0.0206941,-0.071223,-0.189266,-0.305658,-0.338095,-0.409037,-0.443525,-0.5074,-0.539542,-0.605236,-0.620389,-0.638592,-0.665402,-0.6705,-0.681697,-0.6817,-0.677592,-0.660549,-0.640158,-0.606693,-0.570352,-0.487364,-0.472943,-0.415177,-0.317667,-0.286062,-0.147269,-0.121257,-0.0257558,0.091841,0.141597,0.28656,0.36439,0.382789,0.429463,0.547284,0.660074,0.730971,0.773171,1.01945,1.09289,1.18773,1.31488,1.44817,1.48533,1.59813,1.62611,1.71229,1.7699,1.7887,1.80081,1.85773,1.86944,1.89945,1.91323,1.91005,1.91038,1.88132,1.86084,1.82423,1.79396,1.74353,1.72225,1.66266,1.59289,1.57592,1.557,1.44295,1.39459,1.2321,1.18368,1.12223,1.0429
0.36573,0.405594,0.599977,0.727822,0.904632,1.08699,1.14896,1.29294,1.36848,1.39516,1.55468,1.68917,1.7269,1.78304,1.86987,1.90433,1.94687,1.96322,1.98474,1.99286,1.99424,1.98095,1.96816,1.91237,1.88646,1.84419,1.79132,1.69991,1.65846,1.51171,1.48883,1.41807,1.31014,1.26618,1.12869,1.03113,0.942798,0.836098,0.751151,0.650315,0.590185,0.472404,0.391825,0.322373,0.2624,0.099634,0.0758264,-0.0318705,-0.106107,-0.118131,-0.258848,-0.277213,-0.319218,-0.344775,-0.350863,-0.363453,-0.403353,-0.430361,-0.442512,-0.44628,-0.459601,-0.459644,-0.45968,-0.448117,-0.430076,-0.406853,-0.365045,-0.299915,-0.275413,-0.17387,-0.141386,-0.126184,0.0338646,0.121415,0.212052,0.254037,0.44267,0.45849,0.571769,0.645941,0.653602,0.844633,0.876102,1.04775,1.10852,1.25709,1.31987,1.41945,1.53779,1.55213,1.64547,1.68546,1.7476,1.80646,1.87821,1.92686,1.94046,1.95334,1.99339,1.98613,1.98581,1.98255,1.92928,1.89073,1.84446,1.77262,1.74006,1.66385,1.58172,1.54091,1.3842,1.37644,1.20341,1.14018,1.02551
0.34491,0.37443,0.577679,0.676284,0.886667,1.02735,1.13304,1.35207,1.35522,1.35958,1.52537,1.65399,1.69827,1.77046,1.85073,1.88034,1.94707,1.99159,1.99369,1.99419,2.03078,2.02902,2.01514,1.9917,1.95028,1.88146,1.83495,1.73257,1.70023,1.60679,1.5633,1.54272,1.40234,1.32671,1.20152,1.12363,0.970511,0.942362,0.923176,0.796659,0.709349,0.600209,0.581887,0.421881,0.392514,0.38728,0.299114,0.228174,0.223685,0.105405,0.0272126,0.0136146,-0.00581862,-0.0710146,-0.0854945,-0.152156,-0.171554,-0.215995,-0.21748,-0.218829,-0.238015,-0.237115,-0.236957,-0.216715,-0.209361,-0.201903,-0.155892,-0.110712,-0.0734472,0.0449319,0.0500828,0.065406,0.213766,0.298408,0.42411,0.580147,0.58033,0.780514,0.792382,0.901642,0.978815,0.994645,1.19158,1.32995,1.43038,1.54114,1.68772,1.725,1.74677,1.84775,1.92898,1.94436,2.02785,2.05674,2.07457,2.08742,2.07803,2.07311,2.05301,2.00731,1.94579,1.91431,1.83315,1.79751,1.76599,1.63199,1.43726,1.42408,1.41584,1.17567,1.17064,1.15987,1.00704
0.323012,0.349622,0.538618,0.637633,0.863093,0.988846,1.12981,1.33939,1.37647,1.40232,1.60763,1.63578,1.82893,1.83672,1.84417,1.96694,2.0198,2.02191,2.06796,2.07075,2.07649,2.0919,2.08898,2.07679,2.03814,2.02055,1.99753,1.92998,1.8753,1.79908,1.7281,1.67395,1.61513,1.48122,1.39384,1.24396,1.20671,1.08238,0.99496,0.977615,0.931673,0.789797,0.724291,0.664088,0.542766,0.523417,0.473486,0.401594,0.376492,0.298457,0.251715,0.214685,0.179922,0.131968,0.104348,0.0571953,0.0224402,0.00518591,-0.00546019,-0.0176207,-0.0181865,-0.0186418,0.00219285,0.00457979,0.0145553,0.0524199,0.0781288,0.128376,0.214888,0.243426,0.327492,0.396355,0.438191,0.603326,0.776084,0.822487,0.855544,1.11027,1.12272,1.17046,1.37798,1.44639,1.64634,1.74333,1.84722,1.98488,2.01358,2.04987,2.11898,2.13835,2.16971,2.18704,2.18766,2.18653,2.1644,2.11039,2.09206,2.06188,1.99269,1.90212,1.88609,1.8711,1.72691,1.52005,1.49317,1.47287,1.33409,1.18985,1.14532,1.09764,0.987398
0.300405,0.354816,0.525031,0.749583,0.849877,0.931346,1.14731,1.29688,1.37399,1.54506,1.59118,1.78039,1.79156,1.81948,1.99094,2.02834,2.10477,2.1169,2.15886,2.16482,2.17352,2.17258,2.16533,2.13464,2.1282,2.11448,2.06887,2.01547,1.94055,1.86639,1.76821,1.6777,1.55447,1.4862,1.31627,1.28248,1.21501,1.13325,1.10026,1.03496,0.960473,0.871317,0.82915,0.749004,0.691316,0.667969,0.545138,0.540927,0.492732,0.433456,0.430111,0.424273,0.34265,0.290274,0.27621,0.264401,0.224529,0.201451,0.199937,0.199707,0.194481,0.206007,0.213272,0.247331,0.256596,0.262685,0.323815,0.371692,0.426466,0.575678,0.576635,0.579329,0.760775,0.838966,0.975418,1.1481,1.23081,1.46578,1.48756,1.57026,1.73398,1.77537,1.94524,2.03336,2.0979,2.21115,2.21463,2.21559,2.27272,2.28253,2.2876,2.27556,2.24485,2.17208,2.16897,2.16336,2.06902,1.96862,1.9563,1.94153,1.80202,1.58099,1.52347,1.49447,1.32127,1.21828,1.13591,1.06704,0.966806
0.277162,0.339541,0.501999,0.67125,0.918638,0.932229,0.944275,1.20482,1.3458,1.37764,1.54127,1.56571,1.70307,1.75836,1.8904,1.98454,2.00468,2.13623,2.16539,2.22923,2.24527,2.27316,2.2758,2.27625,2.25727,2.2477,2.21283,2.17056,2.09783,2.0394,1.94772,1.86921,1.77241,1.65943,1.5648,1.45498,1.4029,1.29972,1.26427,1.22735,1.13979,1.02264,1.01773,1.01365,0.888626,0.790199,0.790101,0.696647,0.696623,0.615896,0.605237,0.555418,0.505886,0.4946,0.485697,0.439519,0.419113,0.410919,0.408136,0.401635,0.40499,0.413584,0.438601,0.446239,0.493758,0.509526,0.512603,0.519273,0.60271,0.671973,0.731149,0.893313,0.900644,0.904366,1.10166,1.18321,1.33164,1.49103,1.57632,1.80273,1.81592,1.85209,2.0255,2.07584,2.17535,2.26525,2.29664,2.33291,2.36671,2.37264,2.38263,2.36195,2.35376,2.30614,2.22591,2.20816,2.19712,2.10636,2.04635,2.02738,1.85828,1.71297,1.64284,1.4133,1.4028,1.3723,1.15434,1.04517,0.945121
0.25334,0.36269,0.609469,0.661704,0.959574,0.978094,1.20617,1.35625,1.5578,1.6246,1.74957,1.89754,1.97266,2.04458,2.16602,2.21167,2.29188,2.32809,2.3788,2.38571,2.3877,2.40017,2.38448,2.36384,2.32349,2.28242,2.20856,2.15988,2.05781,1.99243,1.8662,1.79735,1.69428,1.61205,1.56984,1.44248,1.39158,1.29131,1.24025,1.15104,1.09763,0.975762,0.953572,0.948827,0.893655,0.850799,0.845954,0.770825,0.727307,0.701688,0.675727,0.647513,0.634153,0.618015,0.603259,0.601548,0.603974,0.606253,0.617887,0.627538,0.657429,0.665985,0.714551,0.720663,0.772996,0.811976,0.882809,0.972609,1.02934,1.19075,1.21457,1.22559,1.4243,1.51349,1.65228,1.8168,1.88124,2.05242,2.09081,2.1051,2.24382,2.32085,2.34207,2.40377,2.42409,2.44926,2.45206,2.46446,2.45855,2.45367,2.42878,2.38292,2.34981,2.26465,2.253,2.23832,2.12928,2.04401,1.9656,1.83334,1.73996,1.47209,1.45075,1.43152,1.1619,0.996737,0.922054
0.228912,0.484871,0.593783,0.687426,0.930298,1.06521,1.22422,1.40215,1.66552,1.70513,1.85801,1.96583,2.0982,2.17308,2.25065,2.29894,2.36826,2.40451,2.45163,2.48956,2.52273,2.52701,2.54097,2.52338,2.50391,2.45402,2.42045,2.33599,2.29645,2.17825,2.13843,1.97327,1.96262,1.9057,1.77723,1.73953,1.60159,1.52243,1.44456,1.32496,1.31964,1.31631,1.19217,1.09844,1.08305,1.04958,0.984965,0.955988,0.910555,0.847938,0.844881,0.843398,0.80259,0.799499,0.787107,0.789806,0.789344,0.798796,0.808462,0.819093,0.868884,0.872621,0.889383,0.932586,0.953027,1.02489,1.08712,1.15373,1.2656,1.31287,1.4456,1.5053,1.53183,1.7134,1.81988,1.92728,2.1069,2.13081,2.16662,2.29228,2.33314,2.37564,2.43169,2.45989,2.47453,2.50458,2.51168,2.52226,2.51271,2.49563,2.47789,2.44285,2.36147,2.30213,2.17821,2.05146,1.99783,1.95272,1.79602,1.53122,1.45169,1.3737,1.12484,1.06053,0.897846
0.204199,0.225568,0.465348,0.507112,0.618328,0.826934,0.909428,1.20655,1.294,1.55013,1.70772,1.85044,1.96251,2.11141,2.20568,2.31568,2.3495,2.44703,2.46856,2.47617,2.5732,2.6156,2.64073,2.68335,2.68958,2.69736,2.67697,2.66253,2.6004,2.5802,2.46273,2.44321,2.38082,2.30849,2.27819,2.13604,2.11208,1.95561,1.88438,1.74729,1.66999,1.63456,1.5389,1.53585,1.44178,1.38081,1.33838,1.27208,1.1957,1.18768,1.18488,1.12088,1.08264,1.05657,1.00301,0.994327,0.965902,0.96444,0.9629,0.95832,0.959456,0.969132,0.991977,1.00838,1.06248,1.06522,1.06697,1.151,1.19052,1.26486,1.35173,1.40487,1.54304,1.56896,1.63643,1.75691,1.80649,1.96022,2.08459,2.1641,2.26223,2.31944,2.37444,2.4066,2.42714,2.47195,2.49225,2.52361,2.53573,2.53661,2.52658,2.50276,2.4467,2.41376,2.31151,2.22457,2.08171,2.03259,1.96161,1.81829,1.6769,1.56342,1.38208,1.26624,1.11788,1.00097,0.873045
0.179668,0.266893,0.432611,0.645656,0.753464,1.04008,1.08155,1.11799,1.43277,1.52027,1.70292,1.87341,1.95581,2.15846,2.245,2.41832,2.46327,2.51435,2.6022,2.67692,2.72918,2.80246,2.81244,2.8237,2.85691,2.86064,2.86883,2.8435,2.83463,2.75961,2.75213,2.64675,2.63552,2.63383,2.48627,2.45575,2.31697,2.25986,2.13153,2.024,1.94523,1.89708,1.83114,1.71229,1.69397,1.67106,1.57984,1.50144,1.49136,1.46335,1.40499,1.33332,1.32693,1.25957,1.21084,1.17968,1.13926,1.13079,1.11641,1.10986,1.10968,1.11118,1.12001,1.13539,1.17685,1.18444,1.21436,1.25836,1.28042,1.35648,1.42262,1.47933,1.59654,1.62327,1.74234,1.78159,1.79136,1.9707,2.00056,2.04499,2.15058,2.22565,2.32667,2.34944,2.36239,2.45001,2.47351,2.4994,2.50602,2.5051,2.49755,2.46528,2.42537,2.38673,2.31577,2.29307,2.25941,2.16464,2.11706,1.94708,1.8985,1.69315,1.66394,1.55084,1.41973,1.36713,1.11393,0.950579,0.848979
0.155648,0.366709,0.462797,0.723731,0.770095,0.998056,1.07532,1.08808,1.31848,1.42084,1.55054,1.62635,1.76505,1.87916,2.00507,2.0669,2.1473,2.23232,2.4851,2.51018,2.55142,2.65659,2.70728,2.80877,2.88185,2.92354,2.96133,2.9925,3.00365,3.04378,3.04723,3.05212,3.02067,3.01762,2.95025,2.93385,2.93123,2.82033,2.79608,2.67345,2.62978,2.50487,2.41294,2.31254,2.23377,2.11271,2.05846,1.98685,1.90189,1.86034,1.75108,1.72138,1.60387,1.58347,1.5774,1.45615,1.43327,1.3592,1.31846,1.28394,1.25048,1.24044,1.23873,1.23319,1.23431,1.24329,1.27083,1.28214,1.32712,1.34406,1.35397,1.42586,1.47551,1.53088,1.62977,1.65531,1.75034,1.79222,1.80472,1.93338,1.97601,2.0437,2.10327,2.13173,2.22107,2.23061,2.26015,2.30322,2.31183,2.37162,2.3913,2.41234,2.42111,2.42123,2.41916,2.38644,2.34477,2.31837,2.28322,2.22629,2.16023,2.098,1.98527,1.9482,1.74977,1.71713,1.47029,1.41813,1.32786,1.10562,0.895934,0.824303
0.132174,0.330235,0.430434,0.707102,0.774549,1.07589,1.18567,1.37605,1.72595,1.72757,1.72948,2.0224,2.21564,2.24931,2.28271,2.44865,2.59831,2.6723,2.80653,2.8518,2.86917,2.9937,3.06217,3.10142,3.15724,3.16867,3.184,3.21563,3.24131,3.24277,3.2426,3.21809,3.20827,3.20654,3.12265,3.10989,3.00975,2.97194,2.86304,2.79661,2.68267,2.56031,2.50134,2.34606,2.32062,2.30003,2.13892,2.03687,1.95531,1.83354,1.78922,1.66022,1.6507,1.59763,1.53693,1.51968,1.44002,1.41634,1.38907,1.3459,1.33614,1.32997,1.33516,1.33271,1.34012,1.35674,1.40211,1.40509,1.40786,1.47039,1.50771,1.55734,1.64052,1.66195,1.73099,1.7769,1.79009,1.89446,1.93912,2.00376,2.09582,2.11194,2.12237,2.15899,2.20714,2.21674,2.25399,2.26984,2.28125,2.28446,2.27508,2.26291,2.2038,2.17899,2.15226,2.01711,1.98706,1.84389,1.76037,1.65334,1.50771,1.36583,1.2692,1.03368,1.02169,1.00776,0.796906
0.109589,0.295174,0.341599,0.534579,0.709368,1.016,1.20508,1.40636,1.73448,1.74344,1.75372,2.15681,2.42792,2.43647,2.45028,2.69806,2.77532,2.91208,3.01572,3.07701,3.15247,3.22542,3.2722,3.30558,3.39035,3.41285,3.43587,3.43794,3.43509,3.43415,3.39565,3.39482,3.39462,3.31265,3.29572,3.18578,3.14667,3.03385,2.93869,2.8507,2.73136,2.6771,2.60541,2.5315,2.45204,2.38995,2.34785,2.18556,2.08979,1.98466,1.87138,1.83119,1.75372,1.71949,1.7086,1.68527,1.57581,1.53335,1.51031,1.4918,1.43611,1.41165,1.4014,1.39229,1.39062,1.39774,1.40295,1.43795,1.43821,1.43916,1.48764,1.51234,1.55099,1.61123,1.6412,1.7379,1.74035,1.74099,1.82999,1.85848,1.92271,1.97247,2.0054,2.04914,2.06944,2.07584,2.10175,2.11091,2.11495,2.09993,2.09974,2.09818,2.0554,2.02682,1.98751,1.87599,1.85477,1.84236,1.64656,1.64385,1.40128,1.28255,1.10838,1.04165,0.886227,0.76751
0.0888389,0.151119,0.505765,0.693829,0.97345,1.22789,1.35093,1.54341,1.80612,1.83804,1.91147,2.15371,2.32465,2.50136,2.59184,2.63829,2.84193,2.94331,2.96428,3.1784,3.20479,3.39054,3.40405,3.4181,3.52602,3.56347,3.60646,3.62425,3.63171,3.62764,3.62166,3.58666,3.57331,3.48006,3.47903,3.47374,3.34158,3.31185,3.18321,3.08029,2.99519,2.84816,2.81754,2.64848,2.61995,2.61635,2.60237,2.40571,2.33294,2.1661,2.07677,1.97182,1.8522,1.84888,1.84419,1.74425,1.70631,1.6327,1.58845,1.58376,1.57926,1.49541,1.46087,1.44556,1.42377,1.4189,1.41351,1.41681,1.43988,1.44039,1.44239,1.47651,1.49886,1.52224,1.56319,1.56666,1.61757,1.67995,1.68424,1.69582,1.74048,1.75159,1.80954,1.83344,1.86797,1.8997,1.90437,1.91993,1.921,1.92376,1.92506,1.91691,1.89951,1.86319,1.83274,1.80208,1.74941,1.68977,1.65603,1.61749,1.4637,1.37284,1.25443,1.101,0.989089,0.82663,0.736276
0.0702324,0.204171,0.313127,0.377819,0.733509,0.925993,1.22896,1.3048,1.39622,1.69374,1.94749,2.04603,2.1816,2.35968,2.46784,2.63942,2.85716,2.95494,3.14844,3.20601,3.43868,3.45002,3.4796,3.60066,3.62971,3.71858,3.75094,3.78828,3.79179,3.79056,3.77539,3.7378,3.6933,3.64521,3.59271,3.48874,3.47749,3.46794,3.33978,3.21843,3.1403,3.07051,2.93675,2.88872,2.7196,2.6956,2.68873,2.51341,2.37819,2.31641,2.26876,2.09126,2.02595,1.94892,1.86541,1.81619,1.7702,1.66983,1.65685,1.63225,1.55233,1.5342,1.47358,1.4573,1.42188,1.41422,1.39846,1.3978,1.40919,1.4117,1.42553,1.43937,1.4595,1.47289,1.49711,1.51519,1.52974,1.56986,1.62123,1.62267,1.62336,1.67591,1.6836,1.71101,1.71938,1.73215,1.73023,1.71789,1.71448,1.7084,1.6637,1.59124,1.57191,1.52982,1.4503,1.40694,1.31642,1.26602,1.12831,1.06432,0.882368,0.876807,0.706206,0.703352
0.0537869,0.211227,0.413167,0.9326,0.99278,1.20282,1.40098,1.43659,1.77641,2.00583,2.1383,2.4549,2.47366,2.48306,2.74258,2.91004,3.00784,3.19077,3.32033,3.43582,3.58648,3.61636,3.75265,3.76751,3.76949,3.87204,3.87792,3.89895,3.8938,3.84157,3.77887,3.72946,3.65357,3.5553,3.4784,3.39471,3.29035,3.18087,2.97921,2.94272,2.79832,2.70114,2.51602,2.50751,2.49848,2.36761,2.25003,2.15252,2.03929,1.97995,1.9469,1.81774,1.73766,1.67211,1.6075,1.55525,1.51593,1.45029,1.43163,1.38192,1.37534,1.34897,1.34698,1.34069,1.34185,1.35013,1.36672,1.37413,1.41078,1.41363,1.41923,1.45359,1.47934,1.49119,1.51792,1.52363,1.52406,1.53859,1.53745,1.53928,1.53729,1.5225,1.49598,1.48519,1.46832,1.41087,1.32863,1.30838,1.27317,1.20349,1.0822,1.05514,0.996795,0.924875,0.900548,0.813968,0.719448,0.669888
0.0391815,0.353734,0.423924,0.494208,0.953877,1.32218,1.4213,1.57005,1.8709,1.98684,2.2646,2.38324,2.58177,2.7914,2.91157,3.11029,3.17767,3.37327,3.41009,3.42045,3.59016,3.6625,3.73877,3.82355,3.84371,3.89002,3.90633,3.90316,3.88625,3.82558,3.79285,3.70308,3.65021,3.6219,3.46444,3.29737,3.27079,3.21974,3.01328,2.90858,2.7526,2.54085,2.49663,2.48372,2.26518,2.25331,2.08723,1.93479,1.90236,1.88407,1.73842,1.65554,1.60008,1.50051,1.47655,1.38514,1.37219,1.30432,1.29345,1.27552,1.25924,1.25629,1.24314,1.24082,1.24309,1.24369,1.24941,1.25536,1.25955,1.27376,1.28869,1.29352,1.29918,1.3177,1.33667,1.34292,1.35316,1.35594,1.35564,1.35776,1.3529,1.34085,1.3406,1.33953,1.30717,1.27914,1.24479,1.21617,1.15398,1.07586,1.04646,0.943584,0.932336,0.799278,0.771098,0.738488,0.634861
0.0262751,0.309704,0.430973,0.779056,0.993218,1.08803,1.46306,1.71076,1.78362,1.85726,2.16122,2.34601,2.53214,2.79849,2.91148,2.9808,3.19879,3.37591,3.38118,3.38617,3.57017,3.57502,3.70462,3.73014,3.76762,3.79146,3.78964,3.76743,3.74884,3.72482,3.6488,3.60431,3.48173,3.42091,3.30059,3.22259,3.03606,2.97334,2.79277,2.66758,2.54402,2.42607,2.33212,2.21116,1.97863,1.96947,1.9618,1.76559,1.68421,1.57234,1.53481,1.42371,1.40433,1.39822,1.28382,1.2674,1.19647,1.19096,1.19013,1.14249,1.1399,1.13858,1.10811,1.10513,1.09974,1.10152,1.10325,1.10927,1.12598,1.1274,1.1295,1.14343,1.15015,1.16143,1.17429,1.17569,1.17665,1.176,1.17279,1.163,1.15168,1.13094,1.11029,1.05567,1.05551,0.992873,0.975165,0.900983,0.835416,0.782599,0.761195,0.705781,0.647386,0.597909
0.0153624,0.143019,0.452706,0.666529,0.896082,1.14067,1.36535,1.66853,1.80552,1.86187,2.26523,2.30268,2.35664,2.68315,2.97938,2.99729,3.00854,3.22977,3.32739,3.4011,3.45487,3.47878,3.51856,3.52865,3.52832,3.51038,3.47299,3.46652,3.38399,3.36971,3.3681,3.21269,3.1591,2.99245,2.81114,2.75488,2.63049,2.5364,2.49344,2.29451,2.08577,2.01123,1.95202,1.78275,1.61593,1.59638,1.43807,1.39438,1.35208,1.22109,1.16353,1.09535,1.04461,1.01629,0.972029,0.966922,0.963903,0.93191,0.928802,0.92287,0.92877,0.92937,0.941471,0.941668,0.942125,0.953879,0.964765,0.966668,0.975433,0.976561,0.982765,0.98723,0.989872,0.987329,0.986884,0.979205,0.965317,0.955948,0.922571,0.914693,0.877781,0.87272,0.868178,0.822103,0.795041,0.744705,0.685311,0.647485,0.605032,0.558453
0.00721878,0.239337,0.413575,0.757104,0.891458,1.23484,1.28838,1.31361,1.61425,1.90125,1.92343,1.96662,2.19972,2.43241,2.45535,2.46772,2.70261,2.90668,2.92195,2.92901,3.0598,3.08529,3.10582,3.12043,3.10209,3.10154,3.09723,3.00614,2.96805,2.87808,2.75672,2.75408,2.7492,2.526,2.32762,2.3001,2.28832,2.25984,2.01436,1.81792,1.77046,1.74737,1.61834,1.52934,1.50226,1.3394,1.21635,1.1929,1.03344,1.032,0.891973,0.873104,0.80643,0.774696,0.755575,0.739496,0.733701,0.73189,0.720745,0.722282,0.722753,0.724991,0.728549,0.744716,0.744995,0.745904,0.762964,0.777811,0.778045,0.778271,0.787368,0.793366,0.794139,0.787988,0.787199,0.787015,0.786511,0.766402,0.752679,0.746029,0.706796,0.70626,0.705788,0.70495,0.646255,0.612509,0.605796,0.587482,0.516399
0.00108303,0.0317761,0.352404,0.416506,0.425327,0.450646,0.832527,0.934596,1.2978,1.32689,1.37234,1.65126,1.92257,1.96341,2.05788,2.22687,2.25768,2.42121,2.44345,2.54902,2.55685,2.55754,2.57744,2.56644,2.54302,2.49226,2.46213,2.36375,2.3498,2.286,2.19748,2.17564,2.091,1.92435,1.8844,1.68349,1.67039,1.65618,1.4788,1.40117,1.28448,1.17119,1.07518,0.949003,0.845194,0.792962,0.686549,0.662694,0.608226,0.572544,0.561622,0.518372,0.50549,0.493482,0.492385,0.484005,0.484492,0.482595,0.485039,0.494419,0.495448,0.49673,0.510766,0.515423,0.515846,0.537201,0.539873,0.555976,0.55869,0.569603,0.573084,0.578877,0.580257,0.580666,0.580672,0.578564,0.567179,0.565951,0.564636,0.54692,0.535729,0.518557,0.507788,0.484235,0.47918,0.466929
-0.00406435,0.0131899,0.128239,0.330061,0.354441,0.38297,0.677023,0.814746,1.01652,1.23618,1.32416,1.52883,1.55453,1.5993,1.74266,1.79157,1.86173,1.88907,1.92667,1.93801,1.94408,1.91277,1.90343,1.83228,1.81347,1.71355,1.67689,1.54173,1.37922,1.34619,1.31613,1.18457,1.0071,1.00435,0.824465,0.807097,0.637384,0.627949,0.609016,0.519837,0.47383,0.412017,0.384774,0.337463,0.314498,0.278055,0.277414,0.276563
-0.00482451,0.0721725,0.304041,0.328921,0.334663,0.522098,0.604563,0.775856,0.916625,0.970153,1.08363,1.09802,1.10967,1.20196,1.21725,1.28278,1.28456,1.29465,1.28366,1.2504,1.21732,1.15922,1.14361,1.06159,0.934812,0.897156,0.879016,0.842166,0.687733,0.524901,0.501777,0.494878,0.482283,0.349917,0.308883,0.262864,0.220866,0.212272
0.00333247,0.0114509,0.0164163,0.163094,0.239419,0.312061,0.410913,0.501816,0.523859,0.541688,0.600484,0.624067,0.652958,0.658106,0.662045,0.64062,0.63912,0.593104,0.535834,0.518802,0.504012,0.432204,0.392208,0.335024,0.311376,0.261747,0.20952,0.151893
