-0.274642,-0.274642,-0.277971,-0.277971,-0.277971,-0.286714,-0.286714,-0.286714,-0.29546,-0.29546,-0.29546,-0.304075,-0.304075,-0.304075,-0.306615,-0.309173,-0.309827,-0.314143,-0.314624,-0.316889,-0.31883,-0.31883,-0.321419,-0.323494,-0.323894,-0.327244,-0.330719,-0.331162,-0.332551,-0.334842,-0.334842,-0.334842,-0.337956,-0.337956,-0.337956,-0.341952,-0.341952,-0.341952,-0.347165,-0.347165,-0.348458,-0.348458,-0.348458,-0.352985,-0.352985,-0.352303,-0.352303
-0.250172,-0.250172,-0.250172,-0.250172,-0.264704,-0.264704,-0.269094,-0.273496,-0.276761,-0.278602,-0.284156,-0.286751,-0.290523,-0.294969,-0.294977,-0.294999,-0.301523,-0.303185,-0.308666,-0.309055,-0.312085,-0.314849,-0.315067,-0.32035,-0.320687,-0.327339,-0.327666,-0.328008,-0.334166,-0.334463,-0.339177,-0.339217,-0.343332,-0.344154,-0.347056,-0.348663,-0.349741,-0.3513,-0.353188,-0.353404,-0.353523,-0.354706,-0.354995,-0.356176,-0.356176,-0.354484,-0.354484,-0.354484,-0.353214,-0.353214,-0.350042,-0.350042,-0.350042,-0.348607,-0.348607,-0.342354,-0.342354,-0.342354,-0.33604,-0.33604
-0.218382,-0.218382,-0.218382,-0.230637,-0.230637,-0.230637,-0.238205,-0.247535,-0.252461,-0.258138,-0.267991,-0.270739,-0.27346,-0.279902,-0.283181,-0.287028,-0.293699,-0.294812,-0.302067,-0.303564,-0.308915,-0.309765,-0.314077,-0.316804,-0.317153,-0.323627,-0.324851,-0.329982,-0.335991,-0.336306,-0.336869,-0.343157,-0.346932,-0.34732,-0.347632,-0.351399,-0.353057,-0.354963,-0.357078,-0.357695,-0.360123,-0.360283,-0.360304,-0.360742,-0.360818,-0.360268,-0.359775,-0.357797,-0.357122,-0.353816,-0.353395,-0.352176,-0.349611,-0.347501,-0.345019,-0.341154,-0.337487,-0.335629,-0.328821,-0.327005,-0.327005,-0.327005,-0.316237,-0.316237,-0.316237,-0.304029,-0.30037,-0.30037,-0.30037,-0.289011,-0.289011,-0.289011,-0.27722,-0.27722,-0.27722,-0.263939,-0.263939
-0.179245,-0.179245,-0.179245,-0.195964,-0.195964,-0.195964,-0.200904,-0.21413,-0.215518,-0.229844,-0.241123,-0.242858,-0.244412,-0.254799,-0.25992,-0.265021,-0.273253,-0.276991,-0.281871,-0.286022,-0.288605,-0.295889,-0.298145,-0.29951,-0.307194,-0.309907,-0.314457,-0.320767,-0.323445,-0.324542,-0.331738,-0.332176,-0.337167,-0.339397,-0.33966,-0.344721,-0.346261,-0.350384,-0.354662,-0.355854,-0.356398,-0.360845,-0.362897,-0.364247,-0.366051,-0.366483,-0.367562,-0.368086,-0.368099,-0.367939,-0.367729,-0.366,-0.365037,-0.361649,-0.36115,-0.357211,-0.353932,-0.35322,-0.349274,-0.344944,-0.343949,-0.333732,-0.332545,-0.318227,-0.317955,-0.316866,-0.304898,-0.300517,-0.29043,-0.289709,-0.287555,-0.280012,-0.277634,-0.270746,-0.265204,-0.262316,-0.254169,-0.250192,-0.250192,-0.250192,-0.240994,-0.240994,-0.240994,-0.236111,-0.236111,-0.236111,-0.228929,-0.228929,-0.229479,-0.229479,-0.229479,-0.225743,-0.225743,-0.225743
-0.147211,-0.147211,-0.15056,-0.15056,-0.15056,-0.168017,-0.168017,-0.17175,-0.18523,-0.192473,-0.203381,-0.203809,-0.204182,-0.217954,-0.224254,-0.232344,-0.240727,-0.24598,-0.24887,-0.259,-0.265796,-0.268599,-0.272026,-0.280953,-0.28443,-0.292401,-0.294071,-0.299459,-0.302408,-0.303785,-0.310661,-0.314404,-0.31827,-0.325099,-0.327465,-0.33694,-0.337466,-0.338469,-0.345873,-0.350383,-0.352946,-0.354083,-0.358173,-0.359227,-0.36044,-0.364666,-0.36557,-0.370166,-0.372046,-0.375426,-0.376449,-0.377889,-0.378239,-0.378314,-0.378486,-0.378855,-0.378858,-0.378058,-0.376394,-0.375482,-0.371955,-0.370318,-0.364577,-0.363672,-0.357574,-0.356451,-0.350285,-0.346187,-0.345196,-0.329683,-0.326662,-0.326319,-0.309506,-0.307707,-0.304092,-0.294059,-0.286139,-0.282548,-0.27567,-0.271609,-0.270225,-0.258143,-0.256688,-0.254662,-0.242141,-0.241756,-0.2416,-0.237253,-0.236158,-0.231693,-0.230773,-0.231171,-0.231014,-0.230861,-0.230668,-0.231269,-0.2342,-0.2342,-0.2342,-0.240403,-0.240403,-0.230742,-0.230742,-0.230742,-0.230742,-0.249741,-0.251616,-0.251616
-0.20042,-0.20042,-0.160733,-0.160733,-0.160733,-0.173401,-0.157684,-0.157716,-0.161145,-0.167947,-0.168127,-0.1685,-0.186671,-0.19187,-0.205459,-0.210936,-0.212944,-0.226895,-0.239286,-0.24151,-0.243812,-0.256653,-0.263428,-0.270049,-0.274409,-0.280773,-0.284976,-0.295109,-0.300958,-0.302942,-0.309864,-0.312734,-0.313161,-0.314596,-0.321514,-0.323065,-0.331122,-0.332752,-0.333033,-0.342927,-0.345625,-0.352336,-0.352845,-0.353048,-0.359176,-0.360245,-0.365008,-0.367561,-0.370343,-0.373635,-0.376084,-0.379247,-0.380712,-0.384755,-0.386256,-0.388955,-0.389283,-0.389014,-0.3894,-0.389505,-0.389519,-0.389205,-0.386825,-0.38435,-0.379837,-0.375797,-0.372729,-0.367922,-0.362711,-0.358062,-0.345223,-0.342493,-0.340135,-0.325256,-0.322228,-0.312325,-0.308986,-0.307751,-0.296259,-0.285862,-0.282494,-0.276821,-0.269733,-0.266202,-0.25775,-0.247147,-0.246794,-0.246592,-0.243422,-0.242718,-0.242395,-0.245252,-0.245224,-0.244651,-0.246699,-0.249692,-0.251657,-0.248825,-0.249053,-0.248836,-0.248792,-0.249741,-0.251616,-0.251616,-0.243858,-0.241221,-0.257417,-0.253565,-0.253565,-0.253565
-0.263793,-0.263793,-0.238543,-0.238543,-0.200907,-0.200792,-0.2007,-0.193319,-0.189675,-0.190636,-0.1948,-0.198703,-0.199996,-0.211354,-0.220683,-0.223391,-0.224393,-0.238595,-0.24463,-0.253159,-0.256269,-0.2583,-0.272441,-0.276817,-0.280485,-0.290882,-0.292017,-0.301204,-0.31015,-0.313396,-0.323144,-0.32513,-0.330526,-0.332655,-0.333041,-0.341227,-0.343372,-0.350626,-0.352022,-0.361556,-0.364091,-0.371831,-0.372914,-0.375094,-0.381929,-0.383794,-0.389489,-0.390153,-0.393803,-0.395978,-0.398958,-0.401669,-0.40244,-0.403749,-0.403908,-0.40404,-0.404464,-0.404542,-0.403533,-0.402886,-0.400746,-0.397987,-0.391563,-0.387625,-0.37828,-0.376185,-0.370968,-0.363603,-0.360055,-0.347544,-0.341689,-0.33219,-0.32218,-0.317363,-0.312617,-0.302404,-0.288545,-0.288326,-0.287986,-0.277564,-0.271794,-0.271364,-0.270615,-0.263771,-0.262789,-0.261787,-0.260271,-0.26047,-0.26091,-0.263039,-0.263676,-0.265587,-0.271498,-0.272929,-0.273442,-0.27383,-0.273926,-0.273863,-0.273131,-0.272503,-0.269485,-0.262915,-0.26139,-0.261635,-0.2612,-0.272027,-0.272027,-0.272027,-0.285847,-0.285847
-0.318926,-0.318926,-0.296447,-0.296447,-0.271967,-0.270654,-0.263489,-0.25681,-0.251656,-0.242045,-0.242476,-0.242754,-0.245986,-0.24686,-0.247705,-0.248628,-0.251852,-0.254886,-0.258201,-0.263217,-0.268552,-0.271525,-0.276056,-0.285763,-0.285807,-0.295309,-0.30591,-0.306132,-0.306457,-0.316833,-0.320692,-0.327293,-0.334002,-0.33746,-0.347442,-0.350031,-0.350378,-0.356685,-0.357323,-0.357462,-0.366292,-0.370737,-0.376234,-0.381707,-0.38478,-0.391465,-0.392649,-0.395382,-0.399991,-0.403445,-0.405643,-0.407952,-0.412067,-0.41375,-0.416116,-0.418566,-0.419441,-0.421063,-0.421568,-0.421544,-0.421581,-0.422237,-0.422031,-0.420757,-0.419684,-0.417224,-0.415647,-0.414012,-0.407731,-0.400464,-0.398251,-0.389042,-0.38298,-0.373537,-0.364235,-0.360446,-0.347577,-0.343482,-0.329098,-0.323255,-0.316037,-0.306616,-0.303978,-0.300667,-0.291226,-0.286037,-0.284656,-0.2812,-0.281703,-0.282124,-0.284721,-0.287276,-0.287211,-0.290524,-0.290991,-0.292667,-0.296982,-0.297823,-0.297587,-0.297472,-0.296813,-0.296817,-0.296604,-0.295415,-0.293204,-0.293179,-0.29234,-0.286587,-0.284705,-0.284052,-0.283241,-0.285847,-0.285847,-0.285847,-0.301078,-0.301078
-0.401146,-0.401146,-0.358206,-0.358206,-0.358206,-0.342995,-0.336473,-0.333813,-0.322054,-0.320853,-0.319767,-0.31479,-0.312059,-0.311653,-0.312009,-0.312101,-0.31113,-0.312,-0.312184,-0.315011,-0.314753,-0.319644,-0.320157,-0.327443,-0.330281,-0.337151,-0.339158,-0.343493,-0.348383,-0.350079,-0.359463,-0.363589,-0.36899,-0.372016,-0.376616,-0.380572,-0.387264,-0.39078,-0.394566,-0.398109,-0.403038,-0.406738,-0.409926,-0.41487,-0.415586,-0.418619,-0.423036,-0.423823,-0.426777,-0.428951,-0.43277,-0.433982,-0.434411,-0.435771,-0.436794,-0.437834,-0.440059,-0.441202,-0.440721,-0.440676,-0.440679,-0.440941,-0.439555,-0.438413,-0.434024,-0.433013,-0.432123,-0.426427,-0.421002,-0.41575,-0.408739,-0.400616,-0.388651,-0.385245,-0.382535,-0.366232,-0.362731,-0.354154,-0.348785,-0.346962,-0.333272,-0.331716,-0.321006,-0.318886,-0.311357,-0.312311,-0.310853,-0.312459,-0.314125,-0.314769,-0.317217,-0.317459,-0.319726,-0.319983,-0.32397,-0.324305,-0.324323,-0.326012,-0.32486,-0.324144,-0.321585,-0.321647,-0.32232,-0.321081,-0.319547,-0.31729,-0.316572,-0.31527,-0.308657,-0.308722,-0.309557,-0.308275,-0.308427,-0.325529,-0.325529
-0.443489,-0.443489,-0.406107,-0.405345,-0.402029,-0.394675,-0.392501,-0.386645,-0.386122,-0.383775,-0.383747,-0.386253,-0.385316,-0.385364,-0.385146,-0.382321,-0.37535,-0.375371,-0.378418,-0.374113,-0.373695,-0.374302,-0.375055,-0.375479,-0.377694,-0.380237,-0.385319,-0.385955,-0.388926,-0.390432,-0.394677,-0.39729,-0.399871,-0.406403,-0.415555,-0.415925,-0.416144,-0.416305,-0.424428,-0.424981,-0.431374,-0.432857,-0.43658,-0.438051,-0.443835,-0.444498,-0.446559,-0.449248,-0.449339,-0.453957,-0.454342,-0.455567,-0.455984,-0.456058,-0.457961,-0.458359,-0.45854,-0.45921,-0.459732,-0.459635,-0.460327,-0.458469,-0.458487,-0.456113,-0.454402,-0.446397,-0.445654,-0.44501,-0.440118,-0.437052,-0.430145,-0.427026,-0.423941,-0.415971,-0.407483,-0.402935,-0.400063,-0.391479,-0.385541,-0.381395,-0.373957,-0.371482,-0.363616,-0.362893,-0.353729,-0.352417,-0.351471,-0.346347,-0.346393,-0.346481,-0.348325,-0.349327,-0.35021,-0.351772,-0.352186,-0.353667,-0.353895,-0.353921,-0.353656,-0.352427,-0.349537,-0.34857,-0.347395,-0.347385,-0.345892,-0.345403,-0.344639,-0.342483,-0.336393,-0.335825,-0.33609,-0.336942,-0.337269,-0.338029,-0.348946,-0.348946,-0.348946
-0.483131,-0.483131,-0.45428,-0.453176,-0.447971,-0.44648,-0.445685,-0.445063,-0.443765,-0.443725,-0.443724,-0.443729,-0.445915,-0.450496,-0.450335,-0.457492,-0.45778,-0.457713,-0.453877,-0.448369,-0.441611,-0.440141,-0.436886,-0.436319,-0.436154,-0.435986,-0.435315,-0.435357,-0.435591,-0.434335,-0.434499,-0.435328,-0.436543,-0.440611,-0.441689,-0.443138,-0.446347,-0.448841,-0.450463,-0.454594,-0.455793,-0.459801,-0.46171,-0.464486,-0.465285,-0.468597,-0.468793,-0.469297,-0.472889,-0.473172,-0.473752,-0.474588,-0.474611,-0.475215,-0.476134,-0.476298,-0.47665,-0.478166,-0.478367,-0.478394,-0.478333,-0.478315,-0.478413,-0.478398,-0.477777,-0.477812,-0.47706,-0.475466,-0.471434,-0.469038,-0.464391,-0.458389,-0.45537,-0.444886,-0.440948,-0.427258,-0.426688,-0.425115,-0.413272,-0.409795,-0.403597,-0.397169,-0.396022,-0.389606,-0.388557,-0.387966,-0.386823,-0.38712,-0.38605,-0.386625,-0.386942,-0.387379,-0.387431,-0.38726,-0.385102,-0.382556,-0.382289,-0.381816,-0.379688,-0.375905,-0.374424,-0.373064,-0.369893,-0.369122,-0.36902,-0.368325,-0.367035,-0.363479,-0.362771,-0.362988,-0.365454,-0.365995,-0.366714,-0.366892,-0.368771,-0.368771,-0.389504,-0.389504
-0.509924,-0.509924,-0.509924,-0.497395,-0.497149,-0.493641,-0.493701,-0.493214,-0.492779,-0.492974,-0.492752,-0.494258,-0.494052,-0.494548,-0.49905,-0.497459,-0.497422,-0.497801,-0.49967,-0.501301,-0.501249,-0.501865,-0.506104,-0.503419,-0.501843,-0.500429,-0.493794,-0.488495,-0.488004,-0.484282,-0.483378,-0.480643,-0.48023,-0.480316,-0.480702,-0.481362,-0.482959,-0.484928,-0.486288,-0.487035,-0.488739,-0.490093,-0.491407,-0.494537,-0.494618,-0.495459,-0.496616,-0.497178,-0.497818,-0.497373,-0.497343,-0.497319,-0.495323,-0.494832,-0.493274,-0.491482,-0.490867,-0.491644,-0.491902,-0.492639,-0.492607,-0.493088,-0.493081,-0.493076,-0.492814,-0.493212,-0.493281,-0.493472,-0.493343,-0.490393,-0.490287,-0.490282,-0.490223,-0.485774,-0.484627,-0.481054,-0.478478,-0.473283,-0.468399,-0.463607,-0.455361,-0.451843,-0.446998,-0.445366,-0.441842,-0.440553,-0.440292,-0.432371,-0.427876,-0.426512,-0.421901,-0.42182,-0.421219,-0.419594,-0.419605,-0.419494,-0.416238,-0.41496,-0.412685,-0.411113,-0.406961,-0.40191,-0.397462,-0.397727,-0.396047,-0.394789,-0.393671,-0.393069,-0.394139,-0.394822,-0.395634,-0.391169,-0.390469,-0.390334,-0.391078,-0.391706,-0.392844,-0.392737,-0.391816,-0.39173,-0.389504,-0.389504
-0.549377,-0.549377,-0.549377,-0.540516,-0.537124,-0.534157,-0.534195,-0.534945,-0.535102,-0.532599,-0.533407,-0.539931,-0.540384,-0.540542,-0.543536,-0.547173,-0.547228,-0.547749,-0.546654,-0.543186,-0.54145,-0.540388,-0.538362,-0.535141,-0.532113,-0.529514,-0.52791,-0.526227,-0.524383,-0.524278,-0.522748,-0.520869,-0.521038,-0.521028,-0.521023,-0.521912,-0.522039,-0.521959,-0.522291,-0.522253,-0.521244,-0.52121,-0.521261,-0.521894,-0.523205,-0.523324,-0.520936,-0.520937,-0.520451,-0.518807,-0.514267,-0.513917,-0.513168,-0.508567,-0.507372,-0.504372,-0.504153,-0.502671,-0.502149,-0.501869,-0.50217,-0.502168,-0.502169,-0.503394,-0.504112,-0.503702,-0.504235,-0.5035,-0.503429,-0.503187,-0.501975,-0.501064,-0.500757,-0.498821,-0.498623,-0.496766,-0.495302,-0.494791,-0.489017,-0.486857,-0.479561,-0.476683,-0.473461,-0.471046,-0.46535,-0.464089,-0.462713,-0.460064,-0.458557,-0.453712,-0.450514,-0.447242,-0.442675,-0.441752,-0.440411,-0.440001,-0.433913,-0.431503,-0.430951,-0.431156,-0.428279,-0.424696,-0.424112,-0.421908,-0.423208,-0.421697,-0.418563,-0.418592,-0.417881,-0.417357,-0.416946,-0.414454,-0.415312,-0.415767,-0.415615,-0.415133,-0.415038,-0.414848,-0.41634,-0.41634,-0.41634
-0.579711,-0.579711,-0.569155,-0.567459,-0.567274,-0.567311,-0.56689,-0.56722,-0.567591,-0.569253,-0.570061,-0.573211,-0.574067,-0.57506,-0.575462,-0.576441,-0.576713,-0.577129,-0.57529,-0.573708,-0.572981,-0.571643,-0.569828,-0.564039,-0.560295,-0.55882,-0.559754,-0.558024,-0.554,-0.552755,-0.552659,-0.550923,-0.550349,-0.548844,-0.547641,-0.547475,-0.547383,-0.546342,-0.545948,-0.544262,-0.542645,-0.54271,-0.541623,-0.541263,-0.537822,-0.535816,-0.531608,-0.528055,-0.524216,-0.519172,-0.517991,-0.513694,-0.512208,-0.512037,-0.508835,-0.508507,-0.507346,-0.507534,-0.508641,-0.508951,-0.510794,-0.51131,-0.514364,-0.51439,-0.514802,-0.515279,-0.514835,-0.514535,-0.513884,-0.510224,-0.50947,-0.509129,-0.505967,-0.50516,-0.504697,-0.500109,-0.497876,-0.495274,-0.490748,-0.488818,-0.484334,-0.481794,-0.479241,-0.475458,-0.466755,-0.465179,-0.459686,-0.459101,-0.458506,-0.458404,-0.455738,-0.455131,-0.451559,-0.45126,-0.450383,-0.448177,-0.447997,-0.444597,-0.4438,-0.442242,-0.437971,-0.437549,-0.438002,-0.436136,-0.435423,-0.435471,-0.435131,-0.433713,-0.438441,-0.438441,-0.438441
-0.589666,-0.589666,-0.584654,-0.587947,-0.587317,-0.588857,-0.588722,-0.588812,-0.587935,-0.590065,-0.590118,-0.595313,-0.595459,-0.595694,-0.59633,-0.597893,-0.597788,-0.597704,-0.597326,-0.596423,-0.594118,-0.591617,-0.590303,-0.588402,-0.584796,-0.581604,-0.581494,-0.581368,-0.573401,-0.571254,-0.570699,-0.570355,-0.569132,-0.567811,-0.563904,-0.562476,-0.560921,-0.560345,-0.559734,-0.559542,-0.555482,-0.555258,-0.553002,-0.550229,-0.549947,-0.542412,-0.541365,-0.540082,-0.536197,-0.529802,-0.529136,-0.527346,-0.521187,-0.519434,-0.516222,-0.514973,-0.511941,-0.51143,-0.512442,-0.512585,-0.513164,-0.514423,-0.514453,-0.516772,-0.516933,-0.517242,-0.517347,-0.517488,-0.523225,-0.524919,-0.526511,-0.527248,-0.527432,-0.527143,-0.52624,-0.525911,-0.524014,-0.523808,-0.521838,-0.518613,-0.517667,-0.513887,-0.511597,-0.510964,-0.506967,-0.504276,-0.503729,-0.499733,-0.496201,-0.49561,-0.488225,-0.486623,-0.482272,-0.479735,-0.476052,-0.475983,-0.474247,-0.473227,-0.469538,-0.467334,-0.467563,-0.466732,-0.4656,-0.46268,-0.458668,-0.45726,-0.455854,-0.455515,-0.454384,-0.454265,-0.455409,-0.454967,-0.45347,-0.46019,-0.46019
-0.578477,-0.578477,-0.586024,-0.591003,-0.591495,-0.593191,-0.593189,-0.59319,-0.591441,-0.592024,-0.594374,-0.595437,-0.598224,-0.598511,-0.598926,-0.600128,-0.603749,-0.605525,-0.607577,-0.607261,-0.609257,-0.607673,-0.605018,-0.602992,-0.600407,-0.599746,-0.596831,-0.593212,-0.591197,-0.589534,-0.584439,-0.580628,-0.5793,-0.578829,-0.578165,-0.576483,-0.570784,-0.569126,-0.56573,-0.564494,-0.562539,-0.561515,-0.559808,-0.556785,-0.553306,-0.551604,-0.545294,-0.544897,-0.54222,-0.536006,-0.534677,-0.527622,-0.524831,-0.5212,-0.5174,-0.517058,-0.516866,-0.514999,-0.515946,-0.516262,-0.516799,-0.51744,-0.51846,-0.519983,-0.522006,-0.522682,-0.523484,-0.52753,-0.527727,-0.527824,-0.530682,-0.532262,-0.536718,-0.537586,-0.538566,-0.53894,-0.540316,-0.540191,-0.538963,-0.538925,-0.538888,-0.536603,-0.536233,-0.533369,-0.531566,-0.528611,-0.525143,-0.521874,-0.517152,-0.51193,-0.508963,-0.50313,-0.501879,-0.496295,-0.495435,-0.492283,-0.489198,-0.488996,-0.484638,-0.482634,-0.479854,-0.479795,-0.479144,-0.478145,-0.476225,-0.472181,-0.471101,-0.471057,-0.471215,-0.471689,-0.472053,-0.470535,-0.470136,-0.471641,-0.473787,-0.473787,-0.473787
-0.578477,-0.578477,-0.572294,-0.578105,-0.581891,-0.581436,-0.582428,-0.582249,-0.58285,-0.583815,-0.586212,-0.586707,-0.587179,-0.590868,-0.594073,-0.597681,-0.60192,-0.603671,-0.603637,-0.603755,-0.603708,-0.603343,-0.601959,-0.596862,-0.595475,-0.595539,-0.592285,-0.58898,-0.587033,-0.585623,-0.584572,-0.576485,-0.572645,-0.569129,-0.563889,-0.562994,-0.558029,-0.557995,-0.557991,-0.555813,-0.55554,-0.552013,-0.550529,-0.546437,-0.543157,-0.540796,-0.535328,-0.533468,-0.52559,-0.524328,-0.522956,-0.519456,-0.518074,-0.517854,-0.517682,-0.517376,-0.518187,-0.518848,-0.519686,-0.52252,-0.526596,-0.528332,-0.529547,-0.531135,-0.531211,-0.533197,-0.534987,-0.538418,-0.543541,-0.546795,-0.549489,-0.549756,-0.549837,-0.552018,-0.552385,-0.55277,-0.552216,-0.551538,-0.552177,-0.548973,-0.547759,-0.54342,-0.542768,-0.538687,-0.535994,-0.535265,-0.527665,-0.525275,-0.520886,-0.516,-0.515345,-0.514644,-0.50882,-0.504279,-0.501625,-0.496643,-0.496564,-0.496486,-0.489901,-0.489544,-0.488058,-0.485969,-0.483941,-0.48394,-0.48381,-0.483625,-0.483739,-0.483115,-0.483412,-0.483648,-0.486481,-0.486481
-0.552904,-0.552904,-0.550499,-0.551939,-0.560197,-0.565126,-0.565006,-0.565715,-0.567564,-0.570383,-0.570576,-0.571108,-0.576773,-0.579993,-0.585015,-0.586441,-0.588776,-0.589437,-0.590589,-0.588613,-0.588038,-0.588101,-0.586541,-0.579622,-0.570326,-0.570073,-0.569984,-0.562506,-0.560473,-0.555774,-0.553662,-0.552182,-0.551054,-0.550445,-0.546802,-0.545884,-0.541311,-0.540085,-0.538908,-0.538441,-0.53814,-0.53737,-0.536027,-0.533897,-0.531419,-0.528937,-0.527472,-0.525079,-0.524624,-0.524598,-0.524999,-0.525099,-0.523149,-0.523309,-0.525766,-0.527539,-0.527938,-0.531255,-0.531766,-0.533652,-0.535679,-0.537051,-0.53872,-0.540235,-0.543985,-0.548808,-0.551485,-0.554286,-0.557117,-0.558473,-0.557244,-0.557516,-0.558671,-0.559219,-0.558269,-0.558448,-0.558679,-0.55806,-0.55808,-0.557894,-0.556951,-0.55458,-0.554508,-0.554341,-0.549343,-0.546962,-0.542034,-0.536263,-0.535014,-0.533414,-0.528589,-0.52289,-0.520628,-0.518722,-0.512028,-0.506777,-0.505707,-0.505192,-0.502486,-0.498927,-0.49756,-0.496413,-0.494836,-0.493512,-0.492815,-0.492316,-0.491898,-0.491708,-0.492716,-0.492718,-0.492712,-0.497662,-0.497662
-0.511485,-0.511485,-0.520382,-0.525607,-0.532708,-0.537601,-0.540853,-0.544389,-0.547413,-0.551044,-0.553878,-0.555415,-0.565046,-0.566504,-0.566464,-0.566079,-0.566872,-0.572302,-0.572095,-0.569353,-0.567355,-0.565471,-0.562079,-0.55967,-0.553349,-0.552806,-0.54926,-0.547596,-0.547157,-0.543395,-0.542709,-0.542745,-0.542311,-0.540677,-0.540527,-0.539492,-0.532363,-0.532224,-0.533362,-0.534526,-0.536588,-0.537274,-0.53785,-0.53676,-0.536958,-0.536889,-0.537112,-0.536535,-0.535338,-0.532229,-0.530219,-0.529045,-0.527011,-0.527194,-0.527982,-0.528234,-0.528149,-0.528856,-0.528985,-0.529161,-0.534616,-0.534997,-0.539336,-0.541888,-0.545473,-0.549458,-0.550629,-0.553438,-0.553466,-0.553652,-0.55599,-0.55634,-0.557164,-0.558611,-0.558721,-0.560278,-0.561116,-0.561638,-0.56137,-0.561211,-0.560511,-0.556846,-0.555989,-0.554858,-0.550649,-0.547616,-0.543565,-0.536831,-0.536661,-0.534438,-0.528286,-0.527991,-0.527596,-0.520116,-0.517932,-0.51674,-0.516379,-0.510977,-0.508862,-0.50576,-0.503705,-0.503475,-0.50334,-0.501619,-0.500173,-0.498834,-0.49795,-0.497909,-0.498123,-0.498968,-0.499222,-0.497662,-0.497662
-0.511485,-0.511485,-0.493448,-0.499556,-0.507619,-0.514696,-0.525413,-0.527019,-0.5281,-0.534218,-0.535677,-0.538479,-0.546616,-0.546495,-0.547948,-0.550064,-0.54925,-0.547007,-0.54654,-0.543407,-0.541744,-0.541147,-0.539439,-0.539169,-0.538129,-0.534849,-0.531855,-0.531831,-0.52967,-0.528582,-0.52847,-0.527902,-0.527583,-0.527603,-0.52743,-0.527348,-0.529199,-0.530436,-0.529838,-0.529796,-0.52951,-0.529832,-0.531092,-0.533106,-0.533096,-0.533405,-0.53259,-0.534179,-0.534455,-0.52949,-0.527138,-0.525848,-0.522609,-0.521307,-0.520479,-0.520189,-0.520134,-0.518926,-0.518406,-0.518654,-0.519117,-0.519211,-0.519214,-0.521536,-0.521728,-0.526,-0.529141,-0.530399,-0.535365,-0.537331,-0.537834,-0.541719,-0.545065,-0.545941,-0.547581,-0.548915,-0.549589,-0.551777,-0.553536,-0.554086,-0.556406,-0.556375,-0.557197,-0.559224,-0.557001,-0.556495,-0.554727,-0.551788,-0.547799,-0.546847,-0.540977,-0.540878,-0.540675,-0.535455,-0.533008,-0.528141,-0.525673,-0.522309,-0.520896,-0.519928,-0.515771,-0.51241,-0.510552,-0.509833,-0.506755,-0.506176,-0.503811,-0.503439,-0.50303,-0.502549,-0.502192,-0.502853,-0.503018,-0.502521,-0.502521
-0.480185,-0.480185,-0.471296,-0.483789,-0.488406,-0.490542,-0.496885,-0.504576,-0.50734,-0.513696,-0.514232,-0.521175,-0.523599,-0.527695,-0.528451,-0.531246,-0.530479,-0.528824,-0.52545,-0.523516,-0.522548,-0.522345,-0.52163,-0.521488,-0.521577,-0.519448,-0.518199,-0.517854,-0.520737,-0.522181,-0.523085,-0.522186,-0.522243,-0.521182,-0.520995,-0.521729,-0.521457,-0.521015,-0.521478,-0.521152,-0.521056,-0.518493,-0.519154,-0.517991,-0.517612,-0.516982,-0.514051,-0.508341,-0.502667,-0.502171,-0.499764,-0.49938,-0.496925,-0.49771,-0.497784,-0.497842,-0.498374,-0.499242,-0.5032,-0.508067,-0.509777,-0.512686,-0.516405,-0.517423,-0.523068,-0.526398,-0.529415,-0.534268,-0.535393,-0.539341,-0.539805,-0.539846,-0.539787,-0.539649,-0.539696,-0.541332,-0.542679,-0.542936,-0.544739,-0.545409,-0.54523,-0.543768,-0.54299,-0.540683,-0.538799,-0.532719,-0.531953,-0.53114,-0.527711,-0.523285,-0.522592,-0.522401,-0.51891,-0.517583,-0.514553,-0.512398,-0.510241,-0.508872,-0.507608,-0.507931,-0.507649,-0.507602,-0.506396,-0.506025,-0.506023,-0.505266,-0.505238,-0.506024,-0.5069,-0.5069
-0.439969,-0.439969,-0.449493,-0.453779,-0.462401,-0.466116,-0.468157,-0.476372,-0.480958,-0.488157,-0.49095,-0.497891,-0.500399,-0.507267,-0.508001,-0.50852,-0.510234,-0.509866,-0.509883,-0.508329,-0.507914,-0.507804,-0.50671,-0.506487,-0.505937,-0.505891,-0.505559,-0.505316,-0.504954,-0.504974,-0.504967,-0.505032,-0.505145,-0.508877,-0.50904,-0.507829,-0.507776,-0.50688,-0.504785,-0.503403,-0.505465,-0.504176,-0.504528,-0.501419,-0.501475,-0.494715,-0.494696,-0.494158,-0.49327,-0.49137,-0.485181,-0.482541,-0.480322,-0.476596,-0.474083,-0.47345,-0.470582,-0.470282,-0.470152,-0.469744,-0.469612,-0.469885,-0.471143,-0.474159,-0.477621,-0.47806,-0.478882,-0.48296,-0.487961,-0.490336,-0.498647,-0.499175,-0.499333,-0.507158,-0.509497,-0.515089,-0.518248,-0.520006,-0.521585,-0.522536,-0.523008,-0.523288,-0.525387,-0.527584,-0.528454,-0.529173,-0.530409,-0.530693,-0.530087,-0.529879,-0.529261,-0.528918,-0.524972,-0.522214,-0.52162,-0.521347,-0.518326,-0.516639,-0.516385,-0.513504,-0.512618,-0.510105,-0.508841,-0.50812,-0.508403,-0.508238,-0.509063,-0.509309,-0.507823,-0.507766,-0.507495,-0.507159,-0.507394,-0.5069,-0.5069
-0.427072,-0.427072,-0.432301,-0.435367,-0.446236,-0.448322,-0.45152,-0.458972,-0.462277,-0.469527,-0.475772,-0.478819,-0.482624,-0.485154,-0.486396,-0.486729,-0.492346,-0.492411,-0.494224,-0.495028,-0.49532,-0.495241,-0.49392,-0.493723,-0.492139,-0.492043,-0.49102,-0.490962,-0.49034,-0.489723,-0.48968,-0.489448,-0.489507,-0.489318,-0.489416,-0.489658,-0.487852,-0.487541,-0.488122,-0.488234,-0.488271,-0.488213,-0.484176,-0.480469,-0.481323,-0.481693,-0.478714,-0.475833,-0.474495,-0.473305,-0.473094,-0.47198,-0.466494,-0.461166,-0.458425,-0.4536,-0.450352,-0.447447,-0.445248,-0.443584,-0.443467,-0.443969,-0.443579,-0.444115,-0.443671,-0.444063,-0.445862,-0.447879,-0.452319,-0.45369,-0.454188,-0.460836,-0.463983,-0.470137,-0.476674,-0.479837,-0.48823,-0.488523,-0.489372,-0.499384,-0.501601,-0.504373,-0.504597,-0.506287,-0.507764,-0.507939,-0.508387,-0.512868,-0.513929,-0.514243,-0.513762,-0.51445,-0.514848,-0.51481,-0.516194,-0.514792,-0.514462,-0.514265,-0.513981,-0.511912,-0.509328,-0.508914,-0.505672,-0.505677,-0.505747,-0.506652,-0.507419,-0.507765,-0.507787,-0.507912,-0.508371,-0.508938,-0.509081,-0.509081,-0.515261,-0.515261
-0.4134,-0.4134,-0.420303,-0.430711,-0.433155,-0.435392,-0.444627,-0.450306,-0.455956,-0.460108,-0.466813,-0.467154,-0.468672,-0.473223,-0.473684,-0.476452,-0.476473,-0.478068,-0.479567,-0.480022,-0.479771,-0.478155,-0.478069,-0.476427,-0.476339,-0.475395,-0.474387,-0.474313,-0.473056,-0.472513,-0.472007,-0.471376,-0.47073,-0.468179,-0.468301,-0.468734,-0.468686,-0.468084,-0.468113,-0.468026,-0.464069,-0.460859,-0.46048,-0.459285,-0.457697,-0.454427,-0.452453,-0.451584,-0.450664,-0.44874,-0.44313,-0.440296,-0.437091,-0.431309,-0.427792,-0.425589,-0.423711,-0.42358,-0.422676,-0.421268,-0.420207,-0.418614,-0.416878,-0.417641,-0.418906,-0.42122,-0.421606,-0.424974,-0.426675,-0.429069,-0.441918,-0.4424,-0.457648,-0.458594,-0.461398,-0.467844,-0.469794,-0.476927,-0.479154,-0.483746,-0.485462,-0.489012,-0.492592,-0.493859,-0.500892,-0.501554,-0.505156,-0.505056,-0.50418,-0.504336,-0.504283,-0.504131,-0.503445,-0.501857,-0.502195,-0.502598,-0.502643,-0.503056,-0.50406,-0.504903,-0.505358,-0.506549,-0.507483,-0.507663,-0.511399,-0.514662,-0.51542,-0.51574,-0.51574
-0.4134,-0.4134,-0.41019,-0.418007,-0.420567,-0.423803,-0.435198,-0.439061,-0.44622,-0.453298,-0.453616,-0.453943,-0.459475,-0.460943,-0.462338,-0.462366,-0.463246,-0.46349,-0.465208,-0.464799,-0.464629,-0.464685,-0.46459,-0.464394,-0.461934,-0.460354,-0.460216,-0.458416,-0.458083,-0.455504,-0.454547,-0.453056,-0.45353,-0.454186,-0.453559,-0.453397,-0.453238,-0.452238,-0.449147,-0.446796,-0.443467,-0.439262,-0.439156,-0.438935,-0.438455,-0.43713,-0.436625,-0.433612,-0.433025,-0.429444,-0.425143,-0.424462,-0.420456,-0.41672,-0.41311,-0.410305,-0.406399,-0.406316,-0.406112,-0.401856,-0.398616,-0.396965,-0.393859,-0.393817,-0.393863,-0.395458,-0.395329,-0.396188,-0.398821,-0.399108,-0.408161,-0.41191,-0.412081,-0.417727,-0.418296,-0.422902,-0.423249,-0.423585,-0.434724,-0.436744,-0.446011,-0.448837,-0.456756,-0.460749,-0.464256,-0.468391,-0.472787,-0.47811,-0.481666,-0.485821,-0.487292,-0.488025,-0.489183,-0.492434,-0.49259,-0.492696,-0.494155,-0.496425,-0.496724,-0.497245,-0.498668,-0.49972,-0.501136,-0.503239,-0.503647,-0.50383,-0.507251,-0.510985,-0.512838,-0.514646,-0.516368,-0.517107,-0.517107
-0.404921,-0.404921,-0.405017,-0.40739,-0.414856,-0.42464,-0.425419,-0.42588,-0.43513,-0.441232,-0.444176,-0.445325,-0.446652,-0.447309,-0.449392,-0.451359,-0.452152,-0.452237,-0.452014,-0.450926,-0.450877,-0.449249,-0.449275,-0.448971,-0.446043,-0.445991,-0.445471,-0.44236,-0.441816,-0.438698,-0.438283,-0.438665,-0.437697,-0.436238,-0.433172,-0.433017,-0.432623,-0.430716,-0.428325,-0.427938,-0.427364,-0.426645,-0.42567,-0.425332,-0.424432,-0.424245,-0.419948,-0.413922,-0.411351,-0.409769,-0.409134,-0.408033,-0.40407,-0.402943,-0.3981,-0.394389,-0.394003,-0.392257,-0.38765,-0.385206,-0.382793,-0.376174,-0.375217,-0.374625,-0.37501,-0.374559,-0.374981,-0.377435,-0.37784,-0.37875,-0.382757,-0.390425,-0.390918,-0.391596,-0.397479,-0.399143,-0.402636,-0.403157,-0.403728,-0.416721,-0.417277,-0.417844,-0.428937,-0.434367,-0.441958,-0.448529,-0.453788,-0.45851,-0.465613,-0.467865,-0.472337,-0.472755,-0.477844,-0.477881,-0.477917,-0.483318,-0.485174,-0.487974,-0.488465,-0.488882,-0.493751,-0.498288,-0.498414,-0.498473,-0.498654,-0.501422,-0.502793,-0.506412,-0.5113,-0.51178,-0.512451,-0.516997,-0.517615,-0.51798,-0.51798
-0.404583,-0.404583,-0.404968,-0.40706,-0.410794,-0.416774,-0.418296,-0.420218,-0.425814,-0.427658,-0.433999,-0.437117,-0.437244,-0.437384,-0.439632,-0.439701,-0.440546,-0.440245,-0.440649,-0.439659,-0.439517,-0.439205,-0.434792,-0.434288,-0.430389,-0.430241,-0.429778,-0.426748,-0.426063,-0.424684,-0.42429,-0.423862,-0.422636,-0.420822,-0.420251,-0.419002,-0.416676,-0.416056,-0.414812,-0.413292,-0.411394,-0.410256,-0.409321,-0.407601,-0.406869,-0.399918,-0.394401,-0.393758,-0.392243,-0.391281,-0.390832,-0.389471,-0.387878,-0.387054,-0.38374,-0.378877,-0.37644,-0.37212,-0.368881,-0.366619,-0.36418,-0.361754,-0.360174,-0.360624,-0.359945,-0.360393,-0.361717,-0.364567,-0.365068,-0.370816,-0.370684,-0.373358,-0.377772,-0.378975,-0.384495,-0.388098,-0.388715,-0.390186,-0.395428,-0.399361,-0.403084,-0.405595,-0.419336,-0.42358,-0.427735,-0.435224,-0.442477,-0.444432,-0.450542,-0.452072,-0.462153,-0.469111,-0.471228,-0.471537,-0.474186,-0.475378,-0.479613,-0.481988,-0.485584,-0.488759,-0.491966,-0.494291,-0.49611,-0.498117,-0.500463,-0.501413,-0.502981,-0.504691,-0.505381,-0.506419,-0.51289,-0.51507,-0.516871,-0.517238,-0.516831,-0.516831
-0.407926,-0.407926,-0.405779,-0.406871,-0.409815,-0.413855,-0.415705,-0.418931,-0.420639,-0.421237,-0.426377,-0.428225,-0.429125,-0.430033,-0.431103,-0.43063,-0.430091,-0.43029,-0.431658,-0.43005,-0.429736,-0.426426,-0.425228,-0.42048,-0.419381,-0.417747,-0.416045,-0.413952,-0.413183,-0.411423,-0.411255,-0.41079,-0.41037,-0.409743,-0.40891,-0.40711,-0.406053,-0.404841,-0.403378,-0.401993,-0.400929,-0.400374,-0.399285,-0.396419,-0.395611,-0.392253,-0.392152,-0.389632,-0.387593,-0.387206,-0.385695,-0.385613,-0.38282,-0.380858,-0.380662,-0.379266,-0.376484,-0.372071,-0.370709,-0.369363,-0.363983,-0.360284,-0.35902,-0.357387,-0.355781,-0.354119,-0.352364,-0.350224,-0.350247,-0.350779,-0.351269,-0.351332,-0.354555,-0.356125,-0.358279,-0.360448,-0.367302,-0.368049,-0.371932,-0.374866,-0.375296,-0.385547,-0.387079,-0.398041,-0.401882,-0.410624,-0.415201,-0.421291,-0.429714,-0.430717,-0.440344,-0.44271,-0.449564,-0.453744,-0.460476,-0.464744,-0.465455,-0.467763,-0.476466,-0.484381,-0.484695,-0.485133,-0.492933,-0.495405,-0.496866,-0.499805,-0.501898,-0.505097,-0.508439,-0.51067,-0.513216,-0.513298,-0.516387,-0.516248,-0.516248
-0.415046,-0.415046,-0.410111,-0.409944,-0.411785,-0.413934,-0.416381,-0.418694,-0.418765,-0.418862,-0.422435,-0.422505,-0.423049,-0.422609,-0.422438,-0.42229,-0.422792,-0.424652,-0.42478,-0.424675,-0.417715,-0.417316,-0.413795,-0.411695,-0.409716,-0.406928,-0.404716,-0.402518,-0.401809,-0.401058,-0.40063,-0.400454,-0.399723,-0.39911,-0.397923,-0.396913,-0.394024,-0.393443,-0.393194,-0.39162,-0.391273,-0.386915,-0.386152,-0.383972,-0.383693,-0.383669,-0.3832,-0.382893,-0.382787,-0.381012,-0.379053,-0.378818,-0.378068,-0.376599,-0.375485,-0.373333,-0.371175,-0.365556,-0.365389,-0.364906,-0.360211,-0.357369,-0.355631,-0.352827,-0.351982,-0.351474,-0.349124,-0.347724,-0.347051,-0.346456,-0.346535,-0.346602,-0.348906,-0.350394,-0.354153,-0.357079,-0.357087,-0.365677,-0.366151,-0.372327,-0.377083,-0.377971,-0.389915,-0.398713,-0.405097,-0.413873,-0.424925,-0.427875,-0.430199,-0.437579,-0.444577,-0.446538,-0.458622,-0.464281,-0.468559,-0.473321,-0.478118,-0.482973,-0.485684,-0.492045,-0.495954,-0.496991,-0.501079,-0.502758,-0.50366,-0.508831,-0.514051,-0.514334,-0.51448,-0.51577,-0.515812,-0.515783,-0.515783
-0.421504,-0.421504,-0.417295,-0.416692,-0.416281,-0.417011,-0.419083,-0.421431,-0.421905,-0.422121,-0.419045,-0.419008,-0.418278,-0.418259,-0.418214,-0.418437,-0.419023,-0.418936,-0.413147,-0.412718,-0.41091,-0.406935,-0.406277,-0.403163,-0.401379,-0.400843,-0.400076,-0.396716,-0.39462,-0.392635,-0.39113,-0.390996,-0.390587,-0.388859,-0.387966,-0.385568,-0.38479,-0.383137,-0.38215,-0.381972,-0.38157,-0.379676,-0.378781,-0.378339,-0.377622,-0.377545,-0.376915,-0.376382,-0.375921,-0.375631,-0.374507,-0.373805,-0.372743,-0.371475,-0.37028,-0.368678,-0.365732,-0.364091,-0.361551,-0.359682,-0.358428,-0.356049,-0.352627,-0.352353,-0.351675,-0.350326,-0.349878,-0.349316,-0.348679,-0.34886,-0.349353,-0.350631,-0.351691,-0.356359,-0.361613,-0.36346,-0.364763,-0.376858,-0.377626,-0.380306,-0.393563,-0.397499,-0.410705,-0.417372,-0.42631,-0.437404,-0.439888,-0.444539,-0.454267,-0.458162,-0.465349,-0.473766,-0.474267,-0.474628,-0.484253,-0.489895,-0.491511,-0.493343,-0.498183,-0.503073,-0.503947,-0.504488,-0.508719,-0.511566,-0.512134,-0.512488,-0.515059,-0.51662,-0.517009,-0.517158,-0.517158
-0.428206,-0.428206,-0.42471,-0.423296,-0.422486,-0.422117,-0.42257,-0.422544,-0.423184,-0.420326,-0.419626,-0.416603,-0.416568,-0.416459,-0.416344,-0.41492,-0.410804,-0.409572,-0.402951,-0.401802,-0.397296,-0.396708,-0.395472,-0.393941,-0.393691,-0.392909,-0.391102,-0.389008,-0.386038,-0.384223,-0.381686,-0.3804,-0.378426,-0.37748,-0.375751,-0.375363,-0.374662,-0.374309,-0.374058,-0.373967,-0.374119,-0.373633,-0.373828,-0.373311,-0.373079,-0.372783,-0.371765,-0.37175,-0.371519,-0.371347,-0.371353,-0.371231,-0.369799,-0.367363,-0.367029,-0.366521,-0.364861,-0.361625,-0.361538,-0.361475,-0.359487,-0.358136,-0.357332,-0.355829,-0.355611,-0.355694,-0.355756,-0.355895,-0.356227,-0.358361,-0.358379,-0.358447,-0.364487,-0.367182,-0.372403,-0.379888,-0.383959,-0.396257,-0.397636,-0.402379,-0.413041,-0.415681,-0.428843,-0.435919,-0.44215,-0.454155,-0.454545,-0.454709,-0.467571,-0.474523,-0.478554,-0.482341,-0.487776,-0.493609,-0.493888,-0.494185,-0.500227,-0.504696,-0.505203,-0.505515,-0.509463,-0.512149,-0.512792,-0.513205,-0.514024,-0.514956,-0.51565,-0.516017,-0.516017
-0.436931,-0.436931,-0.433275,-0.430629,-0.428601,-0.42846,-0.428441,-0.427325,-0.427227,-0.427284,-0.423811,-0.423423,-0.420947,-0.420164,-0.418185,-0.416679,-0.415671,-0.410479,-0.408594,-0.402206,-0.400869,-0.395708,-0.395257,-0.393583,-0.391235,-0.388918,-0.386634,-0.38272,-0.379763,-0.377324,-0.374872,-0.373132,-0.371623,-0.370328,-0.369447,-0.369975,-0.369789,-0.369381,-0.369124,-0.36914,-0.369825,-0.370176,-0.370198,-0.370172,-0.370646,-0.369897,-0.369896,-0.370212,-0.370212,-0.370366,-0.370143,-0.369842,-0.368822,-0.368554,-0.368171,-0.36794,-0.366935,-0.366464,-0.365687,-0.365703,-0.36523,-0.364576,-0.363932,-0.363749,-0.364376,-0.364799,-0.364944,-0.365086,-0.366804,-0.368779,-0.370383,-0.374881,-0.37516,-0.375323,-0.383733,-0.387731,-0.395098,-0.403648,-0.408562,-0.42198,-0.422826,-0.425108,-0.437205,-0.440593,-0.449468,-0.456349,-0.459841,-0.465931,-0.472102,-0.47441,-0.482257,-0.488411,-0.489497,-0.495031,-0.50066,-0.502213,-0.502779,-0.505181,-0.506794,-0.507113,-0.51102,-0.512752,-0.513708,-0.51428,-0.514306,-0.514339,-0.51441,-0.514278,-0.514278
-0.447584,-0.447584,-0.440839,-0.439736,-0.434102,-0.433698,-0.43377,-0.431748,-0.425428,-0.423299,-0.422912,-0.419628,-0.4189,-0.41541,-0.409237,-0.406675,-0.401366,-0.399336,-0.394611,-0.394299,-0.393357,-0.390556,-0.38686,-0.38185,-0.378044,-0.375222,-0.372026,-0.370558,-0.368297,-0.366877,-0.365353,-0.365768,-0.366966,-0.367689,-0.367557,-0.367455,-0.367603,-0.367821,-0.368326,-0.368584,-0.369411,-0.370127,-0.370296,-0.370312,-0.370777,-0.371278,-0.371344,-0.372163,-0.372497,-0.372656,-0.372582,-0.373341,-0.372767,-0.372496,-0.374289,-0.374289,-0.373943,-0.374135,-0.373959,-0.374051,-0.375348,-0.375571,-0.377819,-0.377944,-0.379795,-0.381481,-0.383927,-0.388078,-0.390196,-0.397106,-0.398291,-0.398908,-0.40953,-0.414863,-0.422847,-0.433073,-0.437163,-0.447983,-0.450659,-0.451616,-0.462166,-0.469246,-0.47121,-0.474992,-0.477482,-0.481371,-0.482122,-0.489817,-0.495442,-0.497428,-0.499742,-0.503924,-0.505265,-0.508128,-0.508621,-0.508993,-0.511894,-0.513313,-0.514612,-0.515047,-0.516125,-0.516153,-0.516191,-0.516037,-0.514935,-0.515137,-0.515137
-0.453681,-0.453681,-0.452167,-0.450288,-0.444722,-0.441919,-0.43691,-0.434078,-0.428442,-0.427103,-0.422743,-0.420318,-0.414933,-0.411147,-0.407963,-0.405289,-0.401779,-0.399493,-0.397491,-0.394766,-0.393197,-0.391061,-0.384197,-0.379954,-0.376409,-0.372866,-0.370812,-0.36811,-0.366727,-0.364142,-0.364659,-0.365088,-0.365077,-0.365226,-0.366028,-0.366027,-0.367103,-0.367256,-0.368354,-0.370117,-0.3702,-0.370219,-0.372755,-0.374829,-0.375008,-0.375457,-0.377166,-0.377945,-0.379028,-0.3807,-0.380779,-0.380715,-0.3836,-0.384029,-0.385553,-0.385577,-0.386384,-0.387189,-0.388062,-0.3887,-0.3915,-0.391695,-0.392256,-0.394224,-0.395422,-0.399154,-0.40268,-0.406046,-0.412515,-0.41481,-0.422048,-0.425636,-0.427528,-0.439177,-0.446983,-0.454159,-0.465825,-0.46744,-0.469761,-0.478789,-0.480738,-0.484677,-0.490263,-0.494485,-0.49645,-0.499542,-0.500195,-0.503147,-0.504658,-0.509518,-0.511302,-0.512702,-0.515482,-0.515982,-0.517678,-0.518718,-0.519457,-0.519653,-0.520869,-0.520212,-0.520275,-0.519566,-0.517218,-0.517469,-0.517469
-0.473062,-0.473062,-0.46596,-0.464794,-0.461899,-0.456313,-0.454409,-0.446758,-0.444087,-0.435732,-0.431495,-0.426886,-0.424164,-0.418165,-0.414326,-0.410488,-0.409154,-0.405798,-0.405127,-0.404682,-0.399763,-0.397349,-0.39555,-0.388515,-0.384987,-0.380768,-0.377024,-0.374883,-0.370784,-0.369435,-0.365077,-0.364503,-0.364964,-0.365876,-0.36595,-0.365787,-0.365846,-0.367241,-0.367554,-0.368234,-0.369317,-0.371018,-0.372381,-0.372461,-0.376221,-0.378625,-0.380023,-0.381722,-0.383887,-0.384243,-0.384319,-0.387173,-0.389308,-0.390405,-0.393873,-0.394483,-0.397865,-0.398032,-0.399206,-0.400967,-0.401343,-0.403461,-0.405403,-0.406565,-0.409462,-0.409678,-0.409808,-0.415608,-0.418228,-0.422824,-0.428479,-0.431676,-0.441004,-0.442512,-0.447178,-0.455835,-0.459335,-0.470196,-0.479421,-0.48446,-0.49169,-0.497202,-0.502609,-0.50527,-0.507632,-0.511329,-0.513419,-0.517433,-0.518462,-0.52,-0.521414,-0.52213,-0.522686,-0.523823,-0.524086,-0.524751,-0.525397,-0.526,-0.526274,-0.526245,-0.526357,-0.526009,-0.525098,-0.523332,-0.521301,-0.519671,-0.519671
-0.48035,-0.48035,-0.476584,-0.471094,-0.468091,-0.459719,-0.458593,-0.457657,-0.448027,-0.445216,-0.439067,-0.433126,-0.430467,-0.424228,-0.420715,-0.412762,-0.411238,-0.41002,-0.407011,-0.402509,-0.399516,-0.392273,-0.392126,-0.39113,-0.389277,-0.386412,-0.381317,-0.377684,-0.376717,-0.371456,-0.370904,-0.367726,-0.367388,-0.3674,-0.367094,-0.367065,-0.367414,-0.367931,-0.369668,-0.370181,-0.374116,-0.375785,-0.378058,-0.380849,-0.381606,-0.382379,-0.38691,-0.390591,-0.390857,-0.391989,-0.3945,-0.396144,-0.396505,-0.40174,-0.405076,-0.407148,-0.411237,-0.412223,-0.415323,-0.416342,-0.416704,-0.419491,-0.421006,-0.423366,-0.426551,-0.427122,-0.429263,-0.432958,-0.43466,-0.440063,-0.444903,-0.448731,-0.457335,-0.459158,-0.467837,-0.470835,-0.47169,-0.484725,-0.487264,-0.491219,-0.49997,-0.506575,-0.516014,-0.518369,-0.519475,-0.526494,-0.528875,-0.531491,-0.533848,-0.534223,-0.53432,-0.534344,-0.534089,-0.534205,-0.533873,-0.53373,-0.533286,-0.532358,-0.532472,-0.532451,-0.532227,-0.531778,-0.531826,-0.531286,-0.530817,-0.530477,-0.528188,-0.525649,-0.525649
-0.488751,-0.488751,-0.486787,-0.478528,-0.47734,-0.470116,-0.467743,-0.467342,-0.460169,-0.456936,-0.453385,-0.451077,-0.446746,-0.442395,-0.438585,-0.436763,-0.433805,-0.430471,-0.420184,-0.41912,-0.417766,-0.414095,-0.411715,-0.406205,-0.401435,-0.40004,-0.398865,-0.398381,-0.397377,-0.388862,-0.386271,-0.385177,-0.381257,-0.380478,-0.375738,-0.374517,-0.374439,-0.372203,-0.372049,-0.371506,-0.371514,-0.373529,-0.374143,-0.376669,-0.38078,-0.384908,-0.386801,-0.390337,-0.393774,-0.395143,-0.398966,-0.400525,-0.40633,-0.407507,-0.407803,-0.41433,-0.415473,-0.420348,-0.423695,-0.426859,-0.430529,-0.432017,-0.43536,-0.436863,-0.437323,-0.440405,-0.44354,-0.44463,-0.448523,-0.450313,-0.451211,-0.457231,-0.461332,-0.465547,-0.47351,-0.475408,-0.48311,-0.486708,-0.487891,-0.499078,-0.503275,-0.508788,-0.514343,-0.516958,-0.525142,-0.52592,-0.528445,-0.532035,-0.532918,-0.53791,-0.540075,-0.542236,-0.543754,-0.543866,-0.54402,-0.54437,-0.543862,-0.543579,-0.542869,-0.541982,-0.541005,-0.540433,-0.537944,-0.537157,-0.536754,-0.53671,-0.536329,-0.536397,-0.535432,-0.533691,-0.531749,-0.531749
-0.500124,-0.500124,-0.50142,-0.49275,-0.490392,-0.48036,-0.476637,-0.470713,-0.460782,-0.460733,-0.46067,-0.450011,-0.442513,-0.441463,-0.44004,-0.433898,-0.427347,-0.424248,-0.418622,-0.417101,-0.416161,-0.412607,-0.410179,-0.409606,-0.40945,-0.409432,-0.407268,-0.40194,-0.392192,-0.392152,-0.391874,-0.385563,-0.383051,-0.382931,-0.379379,-0.379132,-0.380224,-0.379996,-0.381267,-0.382114,-0.384938,-0.387754,-0.389432,-0.39418,-0.395485,-0.396813,-0.407094,-0.41113,-0.414024,-0.419105,-0.421568,-0.427527,-0.428009,-0.430557,-0.433905,-0.435028,-0.441768,-0.443078,-0.445075,-0.449185,-0.451993,-0.45357,-0.455587,-0.456884,-0.458178,-0.462043,-0.466936,-0.467379,-0.467668,-0.473836,-0.477396,-0.481683,-0.489551,-0.491326,-0.49743,-0.50154,-0.502879,-0.51235,-0.516923,-0.522955,-0.531678,-0.533058,-0.533949,-0.53708,-0.541229,-0.542114,-0.545516,-0.546584,-0.547494,-0.548254,-0.55,-0.550468,-0.551547,-0.551218,-0.550611,-0.550128,-0.54993,-0.546543,-0.543785,-0.541018,-0.540985,-0.539948,-0.540093,-0.539602,-0.53952,-0.539652,-0.539652
-0.522278,-0.522278,-0.522634,-0.51449,-0.508188,-0.497733,-0.490373,-0.483755,-0.471729,-0.471462,-0.471128,-0.458032,-0.450153,-0.449945,-0.449454,-0.440452,-0.437087,-0.4316,-0.426786,-0.423488,-0.421249,-0.421307,-0.421159,-0.419378,-0.407586,-0.406456,-0.404516,-0.404054,-0.39962,-0.399261,-0.395465,-0.39539,-0.39538,-0.394633,-0.394651,-0.394959,-0.395259,-0.398913,-0.40044,-0.403602,-0.405704,-0.407515,-0.408853,-0.412535,-0.417504,-0.421806,-0.42351,-0.430132,-0.432734,-0.436716,-0.442318,-0.444151,-0.449593,-0.451951,-0.452766,-0.453677,-0.459214,-0.461254,-0.462339,-0.463905,-0.467862,-0.469055,-0.470821,-0.473802,-0.47462,-0.475782,-0.479758,-0.483586,-0.483623,-0.483716,-0.489297,-0.491633,-0.495367,-0.50204,-0.504882,-0.513482,-0.513716,-0.513788,-0.522918,-0.526016,-0.532384,-0.537298,-0.540314,-0.544306,-0.546788,-0.54812,-0.551018,-0.552554,-0.55304,-0.55559,-0.555619,-0.555634,-0.555588,-0.554239,-0.553117,-0.550577,-0.550141,-0.550049,-0.548632,-0.548621,-0.546597,-0.547035,-0.545741,-0.544885,-0.542992,-0.542992
-0.528564,-0.528564,-0.534436,-0.527774,-0.517875,-0.508365,-0.503694,-0.497071,-0.487143,-0.486054,-0.483131,-0.474232,-0.467834,-0.463067,-0.461146,-0.459481,-0.453006,-0.449895,-0.44906,-0.440965,-0.439609,-0.428568,-0.428547,-0.427852,-0.428723,-0.427168,-0.423684,-0.419921,-0.420159,-0.418455,-0.418838,-0.417567,-0.416667,-0.415619,-0.415609,-0.415707,-0.418553,-0.419331,-0.426693,-0.42932,-0.431384,-0.435256,-0.43595,-0.438591,-0.439086,-0.439321,-0.439851,-0.449003,-0.449706,-0.453802,-0.456257,-0.46097,-0.469949,-0.470163,-0.470489,-0.476927,-0.477052,-0.478268,-0.481285,-0.481498,-0.481845,-0.485317,-0.487284,-0.487908,-0.48983,-0.490788,-0.492929,-0.494584,-0.498791,-0.498854,-0.499064,-0.503292,-0.505468,-0.507802,-0.512542,-0.512912,-0.517871,-0.52488,-0.525266,-0.526489,-0.531418,-0.532747,-0.538865,-0.541872,-0.545226,-0.549648,-0.550212,-0.554019,-0.554222,-0.555905,-0.555963,-0.556667,-0.558009,-0.558614,-0.558078,-0.5571,-0.554781,-0.552669,-0.55187,-0.551594,-0.550574,-0.550381,-0.550115,-0.550777,-0.551212,-0.5496,-0.5496
-0.56109,-0.56109,-0.56109,-0.558516,-0.545573,-0.538903,-0.527129,-0.524327,-0.521356,-0.511159,-0.503462,-0.500517,-0.496251,-0.490197,-0.486499,-0.480514,-0.472891,-0.469866,-0.463744,-0.462359,-0.454048,-0.453941,-0.453656,-0.452914,-0.452457,-0.449809,-0.447228,-0.444567,-0.445352,-0.446512,-0.447945,-0.445701,-0.446364,-0.445843,-0.445369,-0.448574,-0.449064,-0.44925,-0.455952,-0.458735,-0.461845,-0.465429,-0.467122,-0.467773,-0.469634,-0.47004,-0.470286,-0.473252,-0.473711,-0.475549,-0.475705,-0.48065,-0.483486,-0.489606,-0.493996,-0.495158,-0.495926,-0.496368,-0.496593,-0.497814,-0.500995,-0.50152,-0.503001,-0.503805,-0.505008,-0.505569,-0.507176,-0.508037,-0.511289,-0.512154,-0.513705,-0.516158,-0.518491,-0.520154,-0.522622,-0.524597,-0.526378,-0.529645,-0.537036,-0.537218,-0.537328,-0.543576,-0.545123,-0.548871,-0.55105,-0.554312,-0.55587,-0.557566,-0.558177,-0.558663,-0.55908,-0.558171,-0.558024,-0.557437,-0.555824,-0.55496,-0.55469,-0.554371,-0.554334,-0.55424,-0.554939,-0.554965,-0.552152,-0.552152
-0.571797,-0.571797,-0.575253,-0.55745,-0.555368,-0.547918,-0.540772,-0.539514,-0.528281,-0.520955,-0.516658,-0.507007,-0.506469,-0.506159,-0.499045,-0.494442,-0.491514,-0.488125,-0.484872,-0.484013,-0.482245,-0.482193,-0.481117,-0.481064,-0.481004,-0.479023,-0.478645,-0.478867,-0.478898,-0.479438,-0.47935,-0.480379,-0.482962,-0.485297,-0.487427,-0.489197,-0.489259,-0.493402,-0.496824,-0.497072,-0.498378,-0.499225,-0.499785,-0.50001,-0.500247,-0.504748,-0.504773,-0.504705,-0.506882,-0.508688,-0.509213,-0.511354,-0.512245,-0.513442,-0.51417,-0.51573,-0.518088,-0.519578,-0.519957,-0.52139,-0.521591,-0.522303,-0.522513,-0.523296,-0.523901,-0.525194,-0.527121,-0.528189,-0.532157,-0.532509,-0.533168,-0.537638,-0.54056,-0.54198,-0.545989,-0.547025,-0.547332,-0.551225,-0.55387,-0.55474,-0.555616,-0.556761,-0.557524,-0.557996,-0.558102,-0.558335,-0.557855,-0.557771,-0.557607,-0.556959,-0.556766,-0.556666,-0.557241,-0.557516,-0.557516,-0.557516,-0.555392,-0.555392
-0.593097,-0.593097,-0.591827,-0.589522,-0.574912,-0.5627,-0.559691,-0.555225,-0.546533,-0.542875,-0.535961,-0.533322,-0.528906,-0.52437,-0.521642,-0.517425,-0.516831,-0.516582,-0.516474,-0.516384,-0.515611,-0.51536,-0.515381,-0.515609,-0.515958,-0.516823,-0.516806,-0.516764,-0.516869,-0.518419,-0.517995,-0.516394,-0.515419,-0.515985,-0.51566,-0.517174,-0.517163,-0.518195,-0.521429,-0.523927,-0.522826,-0.525729,-0.526792,-0.52709,-0.527007,-0.526987,-0.527554,-0.527995,-0.528049,-0.528252,-0.530272,-0.532046,-0.53298,-0.534324,-0.534945,-0.535407,-0.535673,-0.535511,-0.53576,-0.536309,-0.5366,-0.536701,-0.536671,-0.536379,-0.536443,-0.536462,-0.536795,-0.537217,-0.537556,-0.538496,-0.54,-0.540363,-0.540875,-0.543032,-0.545432,-0.546173,-0.548395,-0.549153,-0.5493,-0.552344,-0.552907,-0.555114,-0.555164,-0.555221,-0.556761,-0.557118,-0.557494,-0.5576,-0.55774,-0.557498,-0.557499,-0.557264,-0.557237,-0.557233,-0.55724,-0.55724,-0.55724
-0.604092,-0.604092,-0.6065,-0.59728,-0.591593,-0.589025,-0.579678,-0.573996,-0.572071,-0.570859,-0.56203,-0.558023,-0.554571,-0.551196,-0.549766,-0.549424,-0.547034,-0.543475,-0.54348,-0.543484,-0.547081,-0.547081,-0.548234,-0.548466,-0.54891,-0.548277,-0.547679,-0.54623,-0.545511,-0.545102,-0.544778,-0.544652,-0.544243,-0.544716,-0.544942,-0.543776,-0.543079,-0.543767,-0.548443,-0.551101,-0.54998,-0.548713,-0.548461,-0.548936,-0.549478,-0.5495,-0.549427,-0.547537,-0.548364,-0.549539,-0.550245,-0.551341,-0.551528,-0.551548,-0.552211,-0.551803,-0.549934,-0.549795,-0.549792,-0.548392,-0.548442,-0.548486,-0.548381,-0.547653,-0.546842,-0.546148,-0.546005,-0.545651,-0.545436,-0.545398,-0.545423,-0.546179,-0.54656,-0.547572,-0.549472,-0.549701,-0.549986,-0.55105,-0.552388,-0.55302,-0.554244,-0.554794,-0.555571,-0.556122,-0.556123,-0.556514,-0.556585,-0.556647,-0.556919,-0.557466,-0.557466,-0.557466,-0.557191,-0.557191
-0.615011,-0.615011,-0.620916,-0.615832,-0.61067,-0.605031,-0.599844,-0.591882,-0.589108,-0.587698,-0.582132,-0.581815,-0.581399,-0.578201,-0.577032,-0.576995,-0.577057,-0.579625,-0.58028,-0.581129,-0.582145,-0.580434,-0.57623,-0.574771,-0.573749,-0.571411,-0.567034,-0.566882,-0.56657,-0.566556,-0.566535,-0.565746,-0.56542,-0.565481,-0.565692,-0.566227,-0.566912,-0.566925,-0.567185,-0.568685,-0.569665,-0.56919,-0.568688,-0.567514,-0.568746,-0.568822,-0.566764,-0.567185,-0.567288,-0.566535,-0.566702,-0.566024,-0.564742,-0.563384,-0.561211,-0.560485,-0.55979,-0.557351,-0.55649,-0.554952,-0.55376,-0.552946,-0.55209,-0.552073,-0.552061,-0.550938,-0.55064,-0.550595,-0.550746,-0.550713,-0.550885,-0.551018,-0.551451,-0.551989,-0.552481,-0.552893,-0.553324,-0.553826,-0.554447,-0.554646,-0.554784,-0.554808,-0.554816,-0.555007,-0.555028,-0.555011,-0.554855,-0.554996,-0.554996,-0.554996
-0.630993,-0.630993,-0.634003,-0.628162,-0.626986,-0.620096,-0.619024,-0.61864,-0.615183,-0.612469,-0.612355,-0.612109,-0.609688,-0.607315,-0.606992,-0.607,-0.607671,-0.6075,-0.607538,-0.607562,-0.605197,-0.603362,-0.601172,-0.598258,-0.593612,-0.593519,-0.593322,-0.588386,-0.587913,-0.583814,-0.580451,-0.580419,-0.580397,-0.581041,-0.580804,-0.580765,-0.580891,-0.581451,-0.584219,-0.58485,-0.585136,-0.585117,-0.584181,-0.583588,-0.583369,-0.583346,-0.582085,-0.582059,-0.582351,-0.582341,-0.580281,-0.580071,-0.576731,-0.575068,-0.572588,-0.569242,-0.568452,-0.56805,-0.564137,-0.561311,-0.560759,-0.560351,-0.558285,-0.556523,-0.556484,-0.556423,-0.554792,-0.554058,-0.55405,-0.554044,-0.5535,-0.553063,-0.55307,-0.553625,-0.553681,-0.553675,-0.553681,-0.553611,-0.553878,-0.553868,-0.554425,-0.554443,-0.554443,-0.554443,-0.55461,-0.55425,-0.55425,-0.55425,-0.55425
-0.638155,-0.638155,-0.645243,-0.645243,-0.64545,-0.645333,-0.64403,-0.643211,-0.638963,-0.638446,-0.637983,-0.632656,-0.629779,-0.629359,-0.628178,-0.626259,-0.625665,-0.623186,-0.622301,-0.619144,-0.618901,-0.618794,-0.610044,-0.607917,-0.605284,-0.603031,-0.602031,-0.599594,-0.599409,-0.598417,-0.597063,-0.596988,-0.597427,-0.598443,-0.598542,-0.597675,-0.597454,-0.597207,-0.596432,-0.597089,-0.597315,-0.59843,-0.59911,-0.598763,-0.597157,-0.59558,-0.594666,-0.594484,-0.591133,-0.589639,-0.589102,-0.586838,-0.584243,-0.577849,-0.577849,-0.575158,-0.575158,-0.567441,-0.567441,-0.56224,-0.56224,-0.56224,-0.560483,-0.559832,-0.559761,-0.558249,-0.558106,-0.557752,-0.557629,-0.556681,-0.556237,-0.555364,-0.55467,-0.55467,-0.554374,-0.553654,-0.553158,-0.553122,-0.553136,-0.55371,-0.55371,-0.553487,-0.553487,-0.553487,-0.554443,-0.554443
-0.654892,-0.654892,-0.653391,-0.653391,-0.653391,-0.652903,-0.647504,-0.645538,-0.641867,-0.639724,-0.639823,-0.636181,-0.635384,-0.633329,-0.625964,-0.622761,-0.62169,-0.621152,-0.616627,-0.613312,-0.611986,-0.609852,-0.609906,-0.610895,-0.611194,-0.612093,-0.612799,-0.613,-0.613194,-0.613118,-0.612785,-0.611275,-0.609395,-0.60937,-0.611672,-0.61204,-0.613018,-0.613071,-0.612811,-0.611789,-0.610387,-0.603227,-0.603227,-0.602942,-0.602942,-0.602942,-0.590608,-0.590608
-0.647618,-0.647618,-0.641371,-0.641371,-0.641371,-0.63697,-0.633243,-0.629084,-0.626681,-0.62471,-0.621554,-0.621161,-0.620755,-0.616481,-0.616281,-0.614699,-0.614347,-0.613363,-0.61356,-0.614335,-0.615016,-0.616271,-0.61663,-0.618134,-0.61955,-0.62039,-0.620726,-0.62106,-0.621352,-0.621802,-0.621309,-0.621309,-0.621309,-0.620741,-0.620741,-0.621925,-0.621925,-0.621925
-0.624791,-0.624791,-0.619877,-0.619877,-0.619877,-0.61832,-0.614532,-0.613801,-0.614414,-0.613982,-0.613008,-0.612884,-0.613206,-0.613598,-0.613903,-0.615094,-0.615173,-0.616741,-0.620675,-0.621247,-0.621746,-0.623958,-0.624916,-0.625844,-0.625844,-0.625844,-0.624563,-0.624563
